{"current_version": 6, "versions": {"1": {"key": 1, "timestamp": 1755667297.115721}, "2": {"key": 2, "timestamp": 1755667327.0789828}, "3": {"key": 3, "timestamp": 1755667327.2953591}, "4": {"key": 4, "timestamp": 1755667327.3878412}, "5": {"key": 5, "timestamp": 1755667327.5910168}, "6": {"key": 6, "timestamp": 1755667624.2555757}}, "deleted_keys": {"1": ["COMPONENTS<>children"], "5": ["SERVICES<>children"]}, "changes": {"ROOT<>parentId": {"1": null}, "ROOT<>id": {"1": "ROOT"}, "ROOT<>type": {"1": "DIRECTORY"}, "ROOT<>children<>0": {"1": "SRC"}, "ROOT<>children<>1": {"1": "PACKAGE_CONFIG"}, "ROOT<>children<>2": {"1": "EXTERNAL_COMPONENTS"}, "ROOT<>children<>3": {"1": "INDEX_HTML"}, "SRC<>name": {"1": "src"}, "SRC<>parentId": {"1": "ROOT"}, "SRC<>id": {"1": "SRC"}, "SRC<>tag": {"1": "ROOT"}, "SRC<>type": {"1": "DIRECTORY"}, "SRC<>children<>0": {"1": "STYLES"}, "SRC<>children<>1": {"1": "COMPONENTS"}, "SRC<>children<>2": {"1": "SERVICES"}, "SRC<>children<>3": {"1": "PROJECT_ROOT_FILE"}, "SRC<>children<>4": {"1": "MAIN_COMPONENT"}, "SRC<>children<>5": {"1": "ASSETS"}, "SRC<>children<>6": {"1": "ROUTE_COMPONENT"}, "SRC<>children<>7": {"1": "STORE"}, "SRC<>children<>8": {"1": "REDUX"}, "SRC<>children<>9": {"1": "CONTEXT"}, "SRC<>children<>10": {"1": "MAIN_STYLESHEET"}, "SRC<>children<>11": {"1": "TEMPLATES"}, "COMPONENTS<>name": {"1": "components"}, "COMPONENTS<>parentId": {"1": "SRC"}, "COMPONENTS<>id": {"1": "COMPONENTS"}, "COMPONENTS<>tag": {"1": "COMPONENTS"}, "COMPONENTS<>type": {"1": "DIRECTORY"}, "COMPONENTS<>children": {"1": []}, "STORE<>name": {"1": "store"}, "STORE<>parentId": {"1": "SRC"}, "STORE<>id": {"1": "STORE"}, "STORE<>tag": {"1": "STORE"}, "STORE<>type": {"1": "DIRECTORY"}, "STORE<>children": {"1": []}, "TEMPLATES<>name": {"1": "templates"}, "TEMPLATES<>parentId": {"1": "SRC"}, "TEMPLATES<>id": {"1": "TEMPLATES"}, "TEMPLATES<>tag": {"1": "TEMPLATES"}, "TEMPLATES<>type": {"1": "DIRECTORY"}, "TEMPLATES<>children": {"1": []}, "REDUX<>name": {"1": "redux"}, "REDUX<>parentId": {"1": "SRC"}, "REDUX<>id": {"1": "REDUX"}, "REDUX<>tag": {"1": "REDUX"}, "REDUX<>type": {"1": "DIRECTORY"}, "REDUX<>children": {"1": []}, "CONTEXT<>name": {"1": "context"}, "CONTEXT<>parentId": {"1": "SRC"}, "CONTEXT<>id": {"1": "CONTEXT"}, "CONTEXT<>tag": {"1": "CONTEXT"}, "CONTEXT<>type": {"1": "DIRECTORY"}, "CONTEXT<>children<>0": {"1": "THEME_PROVIDER_FILE"}, "THEME_PROVIDER_FILE<>name": {"1": "ThemeContext"}, "THEME_PROVIDER_FILE<>parentId": {"1": "CONTEXT"}, "THEME_PROVIDER_FILE<>id": {"1": "THEME_PROVIDER_FILE"}, "THEME_PROVIDER_FILE<>tag": {"1": "THEME_PROVIDER"}, "THEME_PROVIDER_FILE<>type": {"1": "FILE"}, "THEME_PROVIDER_FILE<>extension": {"1": "SX"}, "THEME_CSS_FILE<>name": {"1": "ThemeContext"}, "THEME_CSS_FILE<>parentId": {"1": "STYLES"}, "THEME_CSS_FILE<>id": {"1": "THEME_CSS_FILE"}, "THEME_CSS_FILE<>tag": {"1": "THEME_CSS"}, "THEME_CSS_FILE<>type": {"1": "FILE"}, "THEME_CSS_FILE<>extension": {"1": "css"}, "SERVICES<>name": {"1": "services"}, "SERVICES<>parentId": {"1": "SRC"}, "SERVICES<>id": {"1": "SERVICES"}, "SERVICES<>tag": {"1": "SERVICES"}, "SERVICES<>type": {"1": "DIRECTORY"}, "SERVICES<>children": {"1": []}, "PROJECT_ROOT_FILE<>name": {"1": "main"}, "PROJECT_ROOT_FILE<>parentId": {"1": "SRC"}, "PROJECT_ROOT_FILE<>extension": {"1": "SX"}, "PROJECT_ROOT_FILE<>id": {"1": "PROJECT_ROOT_FILE"}, "PROJECT_ROOT_FILE<>tag": {"1": "ROOT"}, "PROJECT_ROOT_FILE<>type": {"1": "FILE"}, "MAIN_STYLESHEET<>name": {"1": "index"}, "MAIN_STYLESHEET<>parentId": {"1": "SRC"}, "MAIN_STYLESHEET<>extension": {"1": "css"}, "MAIN_STYLESHEET<>id": {"1": "MAIN_STYLESHEET"}, "MAIN_STYLESHEET<>tag": {"1": "MAIN_STYLESHEET"}, "MAIN_STYLESHEET<>type": {"1": "FILE"}, "MAIN_COMPONENT<>name": {"1": "App"}, "MAIN_COMPONENT<>parentId": {"1": "SRC"}, "MAIN_COMPONENT<>extension": {"1": "SX"}, "MAIN_COMPONENT<>id": {"1": "MAIN_COMPONENT"}, "MAIN_COMPONENT<>tag": {"1": "ROOT_COMPONENT"}, "MAIN_COMPONENT<>type": {"1": "FILE"}, "ROUTE_COMPONENT<>name": {"1": "Routing"}, "ROUTE_COMPONENT<>parentId": {"1": "SRC"}, "ROUTE_COMPONENT<>extension": {"1": "SX"}, "ROUTE_COMPONENT<>id": {"1": "ROUTE_COMPONENT"}, "ROUTE_COMPONENT<>tag": {"1": "ROUTING"}, "ROUTE_COMPONENT<>type": {"1": "FILE"}, "ROUTE_COMPONENT<>wasOpen": {"1": false}, "ROUTE_COMPONENT<>isProtected": {"1": true}, "ASSETS<>name": {"1": "assets"}, "ASSETS<>parentId": {"1": "SRC"}, "ASSETS<>id": {"1": "ASSETS"}, "ASSETS<>tag": {"1": "ASSETS"}, "ASSETS<>type": {"1": "DIRECTORY"}, "ASSETS<>children<>0": {"1": "IMAGES"}, "ASSETS<>children<>1": {"1": "SVGS"}, "ASSETS<>children<>2": {"1": "FONTS"}, "IMAGES<>name": {"1": "images"}, "IMAGES<>parentId": {"1": "ASSETS"}, "IMAGES<>id": {"1": "IMAGES"}, "IMAGES<>tag": {"1": "IMAGES"}, "IMAGES<>type": {"1": "DIRECTORY"}, "IMAGES<>children": {"1": []}, "SVGS<>name": {"1": "svgs"}, "SVGS<>parentId": {"1": "ASSETS"}, "SVGS<>id": {"1": "SVGS"}, "SVGS<>tag": {"1": "SVGS"}, "SVGS<>type": {"1": "DIRECTORY"}, "SVGS<>children": {"1": []}, "FONTS<>name": {"1": "fonts"}, "FONTS<>parentId": {"1": "ASSETS"}, "FONTS<>id": {"1": "FONTS"}, "FONTS<>tag": {"1": "FONTS"}, "FONTS<>type": {"1": "DIRECTORY"}, "FONTS<>children": {"1": []}, "PACKAGE_CONFIG<>name": {"1": "package"}, "PACKAGE_CONFIG<>extension": {"1": "json"}, "PACKAGE_CONFIG<>parentId": {"1": "ROOT"}, "PACKAGE_CONFIG<>id": {"1": "PACKAGE_CONFIG"}, "PACKAGE_CONFIG<>tag": {"1": "PACKAGE_CONFIG"}, "PACKAGE_CONFIG<>type": {"1": "FILE"}, "PACKAGE_CONFIG<>isProtected": {"1": true}, "INDEX_HTML<>name": {"1": "index"}, "INDEX_HTML<>parentId": {"1": "ROOT"}, "INDEX_HTML<>extension": {"1": "html"}, "INDEX_HTML<>id": {"1": "INDEX_HTML"}, "INDEX_HTML<>tag": {"1": "INDEX_HTML"}, "INDEX_HTML<>type": {"1": "FILE"}, "STYLES<>name": {"1": "styles"}, "STYLES<>parentId": {"1": "SRC"}, "STYLES<>id": {"1": "STYLES"}, "STYLES<>tag": {"1": "STYLES"}, "STYLES<>type": {"1": "DIRECTORY"}, "STYLES<>children<>0": {"1": "THEME_CSS_FILE"}, "EXTERNAL_COMPONENTS<>name": {"1": "external_components"}, "EXTERNAL_COMPONENTS<>parentId": {"1": "ROOT"}, "EXTERNAL_COMPONENTS<>id": {"1": "EXTERNAL_COMPONENTS"}, "EXTERNAL_COMPONENTS<>children": {"1": []}, "EXTERNAL_COMPONENTS<>tag": {"1": "EXTERNAL_COMPONENTS"}, "EXTERNAL_COMPONENTS<>type": {"1": "DIRECTORY"}, "COMPONENTS<>children<>0": {"2": "71184d34_cb34_4c8f_a9f0_6979a765838b"}, "71184d34_cb34_4c8f_a9f0_6979a765838b<>name": {"2": "Main"}, "71184d34_cb34_4c8f_a9f0_6979a765838b<>parentId": {"2": "COMPONENTS"}, "71184d34_cb34_4c8f_a9f0_6979a765838b<>id": {"2": "71184d34_cb34_4c8f_a9f0_6979a765838b"}, "71184d34_cb34_4c8f_a9f0_6979a765838b<>tag": {"2": "COMPONENTS"}, "71184d34_cb34_4c8f_a9f0_6979a765838b<>type": {"2": "FILE"}, "71184d34_cb34_4c8f_a9f0_6979a765838b<>entityId": {"2": "810bd717_b77a_4c81_9fec_7a10a0ec07f1"}, "71184d34_cb34_4c8f_a9f0_6979a765838b<>invalidCode": {"2": false}, "71184d34_cb34_4c8f_a9f0_6979a765838b<>diagnostics": {"2": []}, "71184d34_cb34_4c8f_a9f0_6979a765838b<>extension": {"2": "SX"}, "71184d34_cb34_4c8f_a9f0_6979a765838b<>relative_path": {"2": "/src/components/Main.jsx"}, "MAIN_COMPONENT<>entityId": {"3": "433aa9ec_f825_4ce1_8a7f_94f6b237d688"}, "MAIN_COMPONENT<>invalidCode": {"3": false}, "MAIN_COMPONENT<>diagnostics": {"3": []}, "MAIN_COMPONENT<>relative_path": {"3": "/src/App.jsx"}, "ROOT<>children<>4": {"4": "9d537790_febe_4294_b72c_4074d0b6a747"}, "9d537790_febe_4294_b72c_4074d0b6a747<>name": {"4": "vite.config"}, "9d537790_febe_4294_b72c_4074d0b6a747<>parentId": {"4": "ROOT"}, "9d537790_febe_4294_b72c_4074d0b6a747<>id": {"4": "9d537790_febe_4294_b72c_4074d0b6a747"}, "9d537790_febe_4294_b72c_4074d0b6a747<>tag": {"4": "VITE_CONFIG"}, "9d537790_febe_4294_b72c_4074d0b6a747<>type": {"4": "FILE"}, "9d537790_febe_4294_b72c_4074d0b6a747<>entityId": {"4": "9072cbe6_c11a_4636_a0a0_7087604332aa"}, "9d537790_febe_4294_b72c_4074d0b6a747<>invalidCode": {"4": false}, "9d537790_febe_4294_b72c_4074d0b6a747<>diagnostics": {"4": []}, "9d537790_febe_4294_b72c_4074d0b6a747<>extension": {"4": "js"}, "9d537790_febe_4294_b72c_4074d0b6a747<>relative_path": {"4": "/vite.config.js"}, "SRC<>children<>12": {"5": "STYLES_MASTER_FILE"}, "STYLES_MASTER_FILE<>name": {"5": "stylesMaster"}, "STYLES_MASTER_FILE<>parentId": {"5": "SRC"}, "STYLES_MASTER_FILE<>id": {"5": "STYLES_MASTER_FILE"}, "STYLES_MASTER_FILE<>tag": {"5": "STYLES_MASTER"}, "STYLES_MASTER_FILE<>type": {"5": "FILE"}, "STYLES_MASTER_FILE<>entityId": {"5": null}, "STYLES_MASTER_FILE<>invalidCode": {"5": false}, "STYLES_MASTER_FILE<>diagnostics": {"5": []}, "STYLES_MASTER_FILE<>extension": {"5": "jsx"}, "STYLES_MASTER_FILE<>relative_path": {"5": "/src/stylesMaster.jsx"}, "SERVICES<>children<>0": {"6": "86af6699_0fc0_42d8_95bc_0c1a3f436b2a"}, "SERVICES<>children<>1": {"6": "GLOBAL_INTERCEPTOR"}, "86af6699_0fc0_42d8_95bc_0c1a3f436b2a<>name": {"6": "Big Schema Example API"}, "86af6699_0fc0_42d8_95bc_0c1a3f436b2a<>parentId": {"6": "SERVICES"}, "86af6699_0fc0_42d8_95bc_0c1a3f436b2a<>id": {"6": "86af6699_0fc0_42d8_95bc_0c1a3f436b2a"}, "86af6699_0fc0_42d8_95bc_0c1a3f436b2a<>tag": {"6": "SERVICES"}, "86af6699_0fc0_42d8_95bc_0c1a3f436b2a<>type": {"6": "DIRECTORY"}, "86af6699_0fc0_42d8_95bc_0c1a3f436b2a<>entityId": {"6": "86af6699_0fc0_42d8_95bc_0c1a3f436b2a"}, "86af6699_0fc0_42d8_95bc_0c1a3f436b2a<>invalidCode": {"6": false}, "86af6699_0fc0_42d8_95bc_0c1a3f436b2a<>diagnostics": {"6": []}, "86af6699_0fc0_42d8_95bc_0c1a3f436b2a<>children<>0": {"6": "8f70354f_acef_4fba_821b_61dddf9bf24e"}, "86af6699_0fc0_42d8_95bc_0c1a3f436b2a<>children<>1": {"6": "4aa10304_84cd_4d3e_bd28_295aee2c51e5"}, "86af6699_0fc0_42d8_95bc_0c1a3f436b2a<>relative_path": {"6": "/src/services/Big Schema Example API"}, "GLOBAL_INTERCEPTOR<>name": {"6": "interceptors"}, "GLOBAL_INTERCEPTOR<>parentId": {"6": "SERVICES"}, "GLOBAL_INTERCEPTOR<>id": {"6": "GLOBAL_INTERCEPTOR"}, "GLOBAL_INTERCEPTOR<>tag": {"6": "SERVICES"}, "GLOBAL_INTERCEPTOR<>type": {"6": "FILE"}, "GLOBAL_INTERCEPTOR<>entityId": {"6": "GLOBAL_INTERCEPTOR"}, "GLOBAL_INTERCEPTOR<>invalidCode": {"6": false}, "GLOBAL_INTERCEPTOR<>diagnostics": {"6": []}, "GLOBAL_INTERCEPTOR<>extension": {"6": "SX"}, "GLOBAL_INTERCEPTOR<>relative_path": {"6": "/src/services/interceptors.jsx"}, "8f70354f_acef_4fba_821b_61dddf9bf24e<>name": {"6": "interceptors"}, "8f70354f_acef_4fba_821b_61dddf9bf24e<>parentId": {"6": "86af6699_0fc0_42d8_95bc_0c1a3f436b2a"}, "8f70354f_acef_4fba_821b_61dddf9bf24e<>id": {"6": "8f70354f_acef_4fba_821b_61dddf9bf24e"}, "8f70354f_acef_4fba_821b_61dddf9bf24e<>tag": {"6": "SERVICES"}, "8f70354f_acef_4fba_821b_61dddf9bf24e<>type": {"6": "FILE"}, "8f70354f_acef_4fba_821b_61dddf9bf24e<>entityId": {"6": "8f70354f_acef_4fba_821b_61dddf9bf24e"}, "8f70354f_acef_4fba_821b_61dddf9bf24e<>invalidCode": {"6": false}, "8f70354f_acef_4fba_821b_61dddf9bf24e<>diagnostics": {"6": []}, "8f70354f_acef_4fba_821b_61dddf9bf24e<>extension": {"6": "SX"}, "8f70354f_acef_4fba_821b_61dddf9bf24e<>relative_path": {"6": "/src/services/Big Schema Example API/interceptors.jsx"}, "4aa10304_84cd_4d3e_bd28_295aee2c51e5<>name": {"6": "default"}, "4aa10304_84cd_4d3e_bd28_295aee2c51e5<>parentId": {"6": "86af6699_0fc0_42d8_95bc_0c1a3f436b2a"}, "4aa10304_84cd_4d3e_bd28_295aee2c51e5<>id": {"6": "4aa10304_84cd_4d3e_bd28_295aee2c51e5"}, "4aa10304_84cd_4d3e_bd28_295aee2c51e5<>tag": {"6": "SERVICES"}, "4aa10304_84cd_4d3e_bd28_295aee2c51e5<>type": {"6": "FILE"}, "4aa10304_84cd_4d3e_bd28_295aee2c51e5<>entityId": {"6": "4aa10304_84cd_4d3e_bd28_295aee2c51e5"}, "4aa10304_84cd_4d3e_bd28_295aee2c51e5<>invalidCode": {"6": false}, "4aa10304_84cd_4d3e_bd28_295aee2c51e5<>diagnostics": {"6": []}, "4aa10304_84cd_4d3e_bd28_295aee2c51e5<>extension": {"6": "SX"}, "4aa10304_84cd_4d3e_bd28_295aee2c51e5<>relative_path": {"6": "/src/services/Big Schema Example API/default.jsx"}}}