{"86a5a245_9d3d_4e40_b782_5df9287ba74f": {"type": "OBJECT", "properties": {"be73a7b2_50a2_48c8_a3b7_b28043475754": {"selection": "anyOf", "types": [{"type": "STRING", "format": "uuid", "example": "550e8400-e29b-41d4-a716-446655440000"}], "name": "id", "id": "be73a7b2_50a2_48c8_a3b7_b28043475754"}, "0feb1494_8d99_4b7d_9e35_d8c4377f2362": {"selection": "anyOf", "types": [{"type": "STRING", "example": "Thakur Sahab"}], "name": "name", "id": "0feb1494_8d99_4b7d_9e35_d8c4377f2362"}, "6ab4e595_51c9_4610_a0bb_d35b0d9dbe74": {"selection": "anyOf", "types": [{"type": "NUMERIC", "minimum": 18, "maximum": 100}], "name": "age", "id": "6ab4e595_51c9_4610_a0bb_d35b0d9dbe74"}, "ce9b81db_75bb_4a91_bab2_d1d588212c2d": {"selection": "anyOf", "types": [{"type": "BOOLEAN"}], "name": "isActive", "id": "ce9b81db_75bb_4a91_bab2_d1d588212c2d"}, "6419d98d_fb89_40b4_a395_b337b675f366": {"selection": "anyOf", "types": [{"$ref": "faab2b42_5268_418f_9648_872b00610ceb"}], "name": "contact", "id": "6419d98d_fb89_40b4_a395_b337b675f366"}, "8f0852eb_8d36_43f0_9406_2e8c77460c3d": {"selection": "anyOf", "types": [{"$ref": "8ecf58b9_bfbd_4e70_94f8_9a063ea041c1"}], "name": "preferences", "id": "8f0852eb_8d36_43f0_9406_2e8c77460c3d"}, "30697ed2_f2ea_4555_b95a_8ee4d8e6946a": {"selection": "anyOf", "types": [{"$ref": "e29d8536_61cb_4075_ba56_4e377c5fd0c2"}], "name": "account", "id": "30697ed2_f2ea_4555_b95a_8ee4d8e6946a"}, "8eb3043c_bf37_4551_a15b_6197660bb53f": {"type": "ARRAY", "templateInputs": [{"selection": "anyOf", "types": [{"type": "STRING"}]}], "name": "tags", "id": "8eb3043c_bf37_4551_a15b_6197660bb53f"}, "213e487b_3a13_4ae6_b3c0_609ef59acf04": {"type": "ARRAY", "templateInputs": [{"selection": "anyOf", "types": [{"$ref": "48e8b5e1_7594_4308_be4b_014edc4a64a7"}]}], "name": "history", "id": "213e487b_3a13_4ae6_b3c0_609ef59acf04"}}, "required": ["id", "name", "contact", "preferences", "account"], "schemaType": "modals", "id": "86a5a245_9d3d_4e40_b782_5df9287ba74f", "name": "UserProfile"}, "faab2b42_5268_418f_9648_872b00610ceb": {"type": "OBJECT", "properties": {"076907c6_864a_4012_b18f_fecba8740656": {"selection": "anyOf", "types": [{"type": "STRING", "format": "email"}], "name": "email", "id": "076907c6_864a_4012_b18f_fecba8740656"}, "8d890df2_50ec_4eb3_aced_e3ff524d0f48": {"selection": "anyOf", "types": [{"type": "STRING", "pattern": "^[0-9]{10}$"}], "name": "phone", "id": "8d890df2_50ec_4eb3_aced_e3ff524d0f48"}, "994999fe_bb44_4763_84ae_aa29a6a0b09a": {"selection": "anyOf", "types": [{"$ref": "920053e3_9c34_4b70_9c89_3f2030452885"}], "name": "address", "id": "994999fe_bb44_4763_84ae_aa29a6a0b09a"}}, "required": ["email"], "schemaType": "modals", "id": "faab2b42_5268_418f_9648_872b00610ceb", "name": "ContactInfo"}, "920053e3_9c34_4b70_9c89_3f2030452885": {"type": "OBJECT", "properties": {"936a2738_cd2b_4077_a745_cfb0324a8d3e": {"selection": "anyOf", "types": [{"type": "STRING"}], "name": "line1", "id": "936a2738_cd2b_4077_a745_cfb0324a8d3e"}, "803e4db0_3501_4883_9a64_70831cfd82dd": {"selection": "anyOf", "types": [{"type": "STRING"}], "name": "line2", "id": "803e4db0_3501_4883_9a64_70831cfd82dd"}, "e84f3385_ba9e_4462_bd4f_5d08fbe80f21": {"selection": "anyOf", "types": [{"type": "STRING"}], "name": "city", "id": "e84f3385_ba9e_4462_bd4f_5d08fbe80f21"}, "6a9d5470_6e72_41a2_a6f0_f23ceea984b2": {"selection": "anyOf", "types": [{"type": "STRING"}], "name": "state", "id": "6a9d5470_6e72_41a2_a6f0_f23ceea984b2"}, "b19c3edc_1f9e_48a5_95ce_f90da13259a5": {"selection": "anyOf", "types": [{"type": "STRING"}], "name": "zip", "id": "b19c3edc_1f9e_48a5_95ce_f90da13259a5"}, "bc415b10_3acc_4166_b8b4_f8416f2aa95f": {"selection": "anyOf", "types": [{"type": "STRING", "example": "India"}], "name": "country", "id": "bc415b10_3acc_4166_b8b4_f8416f2aa95f"}, "9bfbd5b8_e62b_4270_a3dc_c1244ad26926": {"selection": "anyOf", "types": [{"$ref": "966b744b_a5e4_4139_b6ca_3a10e023b1e2"}], "name": "coordinates", "id": "9bfbd5b8_e62b_4270_a3dc_c1244ad26926"}}, "required": [], "schemaType": "modals", "id": "920053e3_9c34_4b70_9c89_3f2030452885", "name": "Address"}, "966b744b_a5e4_4139_b6ca_3a10e023b1e2": {"type": "OBJECT", "properties": {"8f58c4b2_3fa1_41f1_af63_2ad854381558": {"selection": "anyOf", "types": [{"type": "NUMERIC", "format": "float"}], "name": "lat", "id": "8f58c4b2_3fa1_41f1_af63_2ad854381558"}, "bd9e4541_a420_474e_a632_d2e54e824252": {"selection": "anyOf", "types": [{"type": "NUMERIC", "format": "float"}], "name": "lng", "id": "bd9e4541_a420_474e_a632_d2e54e824252"}}, "required": [], "schemaType": "modals", "id": "966b744b_a5e4_4139_b6ca_3a10e023b1e2", "name": "GeoCoordinates"}, "8ecf58b9_bfbd_4e70_94f8_9a063ea041c1": {"type": "OBJECT", "properties": {"b141c7e4_a7de_49b4_a908_4ae15c05ae51": {"selection": "anyOf", "name": "theme", "id": "b141c7e4_a7de_49b4_a908_4ae15c05ae51", "isUnresolved": false, "types": [{"type": "STRING", "enum": ["light", "dark"]}]}, "af3de510_a1ef_4242_a28a_b71ba567a6ce": {"selection": "anyOf", "name": "language", "id": "af3de510_a1ef_4242_a28a_b71ba567a6ce", "isUnresolved": false, "types": [{"type": "STRING", "enum": ["en", "hi", "fr"]}]}, "e5f41345_fe32_40b3_8b12_ecedaa5e24bb": {"selection": "anyOf", "name": "notifications", "id": "e5f41345_fe32_40b3_8b12_ecedaa5e24bb", "isUnresolved": false, "types": [{"$ref": "2aa7bab3_a2b7_417e_b825_47b57dc809ef"}]}}, "required": [], "schemaType": "modals", "id": "8ecf58b9_bfbd_4e70_94f8_9a063ea041c1", "name": "UserPreferences", "isUnresolved": false}, "e29d8536_61cb_4075_ba56_4e377c5fd0c2": {"type": "OBJECT", "properties": {"60dbe92e_633c_40fc_83cf_d7ad30e651a3": {"selection": "anyOf", "types": [{"type": "STRING"}], "name": "username", "id": "60dbe92e_633c_40fc_83cf_d7ad30e651a3"}, "d1552fa4_5461_4bc1_aff1_a16c5785754e": {"selection": "anyOf", "types": [{"type": "STRING", "format": "date-time"}], "name": "createdAt", "id": "d1552fa4_5461_4bc1_aff1_a16c5785754e"}, "f473017e_f3a3_4678_816e_33faad0cc501": {"type": "ARRAY", "templateInputs": [{"selection": "anyOf", "types": [{"type": "STRING", "enum": ["admin", "user", "moderator"]}]}], "name": "roles", "id": "f473017e_f3a3_4678_816e_33faad0cc501"}}, "required": [], "schemaType": "modals", "id": "e29d8536_61cb_4075_ba56_4e377c5fd0c2", "name": "AccountDetails"}, "48e8b5e1_7594_4308_be4b_014edc4a64a7": {"type": "OBJECT", "properties": {"290ebe36_b17c_4258_bd78_078cbea02538": {"selection": "anyOf", "name": "action", "id": "290ebe36_b17c_4258_bd78_078cbea02538", "isUnresolved": false, "types": [{"type": "STRING"}]}, "ee36167d_2bc9_4627_b788_f1cccb82c035": {"selection": "anyOf", "name": "timestamp", "id": "ee36167d_2bc9_4627_b788_f1cccb82c035", "isUnresolved": false, "types": [{"type": "STRING", "format": "date-time"}]}, "d62a6fd0_2d8d_4ccf_8c8f_af54bb502937": {"selection": "anyOf", "name": "metadata", "id": "d62a6fd0_2d8d_4ccf_8c8f_af54bb502937", "isUnresolved": false, "types": [{"$ref": "9d43514d_a582_4941_8c3c_44f74ce05be5"}]}}, "required": [], "schemaType": "modals", "id": "48e8b5e1_7594_4308_be4b_014edc4a64a7", "name": "ActionLog", "isUnresolved": false}, "2aa7bab3_a2b7_417e_b825_47b57dc809ef": {"type": "OBJECT", "properties": {"8aa17e8c_164c_43ee_9314_4b59e81754bc": {"selection": "anyOf", "name": "email", "id": "8aa17e8c_164c_43ee_9314_4b59e81754bc", "isUnresolved": false, "types": [{"type": "BOOLEAN"}]}, "bd8cf16d_09ce_4296_a27a_915e8fa89699": {"selection": "anyOf", "name": "sms", "id": "bd8cf16d_09ce_4296_a27a_915e8fa89699", "isUnresolved": false, "types": [{"type": "BOOLEAN"}]}, "c63836af_64a1_457f_b6ac_c1413e047b9d": {"selection": "anyOf", "name": "push", "id": "c63836af_64a1_457f_b6ac_c1413e047b9d", "isUnresolved": false, "types": [{"type": "BOOLEAN"}]}}, "required": [], "schemaType": "modals", "id": "2aa7bab3_a2b7_417e_b825_47b57dc809ef", "name": "userpreferences_notifications_resolved", "isUnresolved": false}, "9d43514d_a582_4941_8c3c_44f74ce05be5": {"type": "OBJECT", "properties": {}, "required": [], "schemaType": "modals", "id": "9d43514d_a582_4941_8c3c_44f74ce05be5", "name": "actionlog_metadata_resolved", "isUnresolved": false}}