{"br-background-primary<>className": "br-background-primary", "br-background-primary<>src": "THEME_CSS_FILE", "br-background-primary<>classProperties": ".br-background-primary {\n  background-color: var(--color-background-primary) !important;\n}", "br-background-secondary<>className": "br-background-secondary", "br-background-secondary<>src": "THEME_CSS_FILE", "br-background-secondary<>classProperties": ".br-background-secondary {\n  background-color: var(--color-background-secondary) !important;\n}", "br-background-tertiary<>className": "br-background-tertiary", "br-background-tertiary<>src": "THEME_CSS_FILE", "br-background-tertiary<>classProperties": ".br-background-tertiary {\n  background-color: var(--color-background-tertiary) !important;\n}", "br-text-primary<>className": "br-text-primary", "br-text-primary<>src": "THEME_CSS_FILE", "br-text-primary<>classProperties": ".br-text-primary {\n  color: var(--color-text-primary) !important;\n}", "br-text-secondary<>className": "br-text-secondary", "br-text-secondary<>src": "THEME_CSS_FILE", "br-text-secondary<>classProperties": ".br-text-secondary {\n  color: var(--color-text-secondary) !important;\n}", "br-text-tertiary<>className": "br-text-tertiary", "br-text-tertiary<>src": "THEME_CSS_FILE", "br-text-tertiary<>classProperties": ".br-text-tertiary {\n  color: var(--color-text-tertiary) !important;\n}", "br-font-size-primary<>className": "br-font-size-primary", "br-font-size-primary<>src": "THEME_CSS_FILE", "br-font-size-primary<>classProperties": ".br-font-size-primary {\n  font-size: var(--font-size-primary) !important;\n}", "br-font-size-secondary<>className": "br-font-size-secondary", "br-font-size-secondary<>src": "THEME_CSS_FILE", "br-font-size-secondary<>classProperties": ".br-font-size-secondary {\n  font-size: var(--font-size-secondary) !important;\n}", "br-font-size-tertiary<>className": "br-font-size-tertiary", "br-font-size-tertiary<>src": "THEME_CSS_FILE", "br-font-size-tertiary<>classProperties": ".br-font-size-tertiary {\n  font-size: var(--font-size-tertiary) !important;\n}"}