{"current_version": 1, "versions": {"1": {"key": 1, "timestamp": 1752057547.3004835}}, "deleted_keys": {}, "changes": {"2d94ecf5_9f69_4ec9_95c8_35a51b7ca7dd<>index": {"1": "BLOCK"}, "2d94ecf5_9f69_4ec9_95c8_35a51b7ca7dd<>type": {"1": "BLOCK"}, "2d94ecf5_9f69_4ec9_95c8_35a51b7ca7dd<>parentBlockId": {"1": null}, "2d94ecf5_9f69_4ec9_95c8_35a51b7ca7dd<>parentFunctionId": {"1": null}, "2d94ecf5_9f69_4ec9_95c8_35a51b7ca7dd<>parent_scope": {"1": {}}, "2d94ecf5_9f69_4ec9_95c8_35a51b7ca7dd<>scope": {"1": {}}, "2d94ecf5_9f69_4ec9_95c8_35a51b7ca7dd<>startIndex": {"1": 0}, "2d94ecf5_9f69_4ec9_95c8_35a51b7ca7dd<>endIndex": {"1": 281}, "a0a0e44e_3ef6_46c4_b71f_db8bb0c47607<>index": {"1": "BLOCK<>statements<>0"}, "a0a0e44e_3ef6_46c4_b71f_db8bb0c47607<>type": {"1": "CUSTOM"}, "a0a0e44e_3ef6_46c4_b71f_db8bb0c47607<>parentBlockId": {"1": "2d94ecf5_9f69_4ec9_95c8_35a51b7ca7dd"}, "a0a0e44e_3ef6_46c4_b71f_db8bb0c47607<>startIndex": {"1": 0}, "a0a0e44e_3ef6_46c4_b71f_db8bb0c47607<>endIndex": {"1": 281}}}