{"current_version": 1, "versions": {"1": {"key": 1, "timestamp": 1752057547.3022022}}, "deleted_keys": {}, "changes": {"IMPORTS<>other": {"1": []}, "IMPORTS<>components": {"1": []}, "BLOCK<>type": {"1": "BLOCK"}, "BLOCK<>noWrap": {"1": 1}, "BLOCK<>id": {"1": "2d94ecf5_9f69_4ec9_95c8_35a51b7ca7dd"}, "BLOCK<>statements<>0<>type": {"1": "CUSTOM"}, "BLOCK<>statements<>0<>body": {"1": "import { defineConfig } from \"vite\";\n                            import react from \"@vitejs/plugin-react\";\n\n                            export default defineConfig({\n                            plugins: [react()], //change based on framework\n                            server: { \n                                host: true,\n                                hmr: {\n                                    host: \"\"\n                                },\n                                allowedHosts: []\n                            },\n                            build: {\n                                outDir: ''\n                            }\n                            });\n                        "}, "BLOCK<>statements<>0<>id": {"1": "a0a0e44e_3ef6_46c4_b71f_db8bb0c47607"}, "EXPORTS<>default": {"1": ""}, "EXPORTS<>others": {"1": []}, "name": {"1": "vite.config"}}}