{"current_version": 1, "versions": {"1": {"key": 1, "timestamp": 1752844769.666667}}, "deleted_keys": {}, "changes": {"IMPORTS<>other<>0<>TYPE": {"1": "THIRD_PARTY"}, "IMPORTS<>other<>0<>from": {"1": "react"}, "IMPORTS<>other<>0<>import_entity": {"1": "React"}, "IMPORTS<>other<>0<>import_type": {"1": "SINGLE"}, "IMPORTS<>components": {"1": []}, "EXPORTS<>default": {"1": "f3d6be82_f14f_4649_a7ca_588da55581af"}, "EXPORTS<>others": {"1": []}, "BLOCK<>type": {"1": "BLOCK"}, "BLOCK<>noWrap": {"1": 1}, "BLOCK<>id": {"1": "e0ca29a9_37b0_4304_ab0c_ed461739459b"}, "BLOCK<>statements<>0<>type": {"1": "REACT_COMPONENT"}, "BLOCK<>statements<>0<>id": {"1": "f3d6be82_f14f_4649_a7ca_588da55581af"}, "BLOCK<>statements<>0<>name": {"1": "Dfh"}, "BLOCK<>statements<>0<>propVars": {"1": []}, "BLOCK<>statements<>0<>bodyConfig<>type": {"1": "BLOCK"}, "BLOCK<>statements<>0<>bodyConfig<>statements<>0<>type": {"1": "RETURN"}, "BLOCK<>statements<>0<>bodyConfig<>statements<>0<>value<>type": {"1": "Element"}, "BLOCK<>statements<>0<>bodyConfig<>statements<>0<>value<>tagName": {"1": "div"}, "BLOCK<>statements<>0<>bodyConfig<>statements<>0<>value<>attributes": {"1": {}}, "BLOCK<>statements<>0<>bodyConfig<>statements<>0<>value<>elementType": {"1": "html"}, "BLOCK<>statements<>0<>bodyConfig<>statements<>0<>value<>children<>0<>type": {"1": "Element"}, "BLOCK<>statements<>0<>bodyConfig<>statements<>0<>value<>children<>0<>elementType": {"1": "TEXT"}, "BLOCK<>statements<>0<>bodyConfig<>statements<>0<>value<>children<>0<>value": {"1": "Hello world"}, "BLOCK<>statements<>0<>bodyConfig<>statements<>0<>value<>children<>0<>id": {"1": "bd5ae0d2_9648_48f8_bfbb_e1973d7f737f"}, "BLOCK<>statements<>0<>bodyConfig<>statements<>0<>value<>id": {"1": "2038de57_4cee_4c9d_b18f_bcaefa92c9a2"}, "BLOCK<>statements<>0<>bodyConfig<>statements<>0<>id": {"1": "13bbae6f_b208_4d4a_a569_a2ac78f6933c"}, "BLOCK<>statements<>0<>bodyConfig<>id": {"1": "f31af958_4b0f_4640_80c3_9eeb2c9371fe"}, "BLOCK<>statements<>0<>schema<>props": {"1": []}, "BLOCK<>statements<>0<>schema<>hasImperativeHandling": {"1": false}, "BLOCK<>statements<>0<>schema<>type": {"1": "REACT_FC"}, "name": {"1": "dfh"}}}