{"current_version": 1, "versions": {"1": {"key": 1, "timestamp": 1752844769.6643853}}, "deleted_keys": {}, "changes": {"e0ca29a9_37b0_4304_ab0c_ed461739459b<>index": {"1": "BLOCK"}, "e0ca29a9_37b0_4304_ab0c_ed461739459b<>type": {"1": "BLOCK"}, "e0ca29a9_37b0_4304_ab0c_ed461739459b<>parentBlockId": {"1": null}, "e0ca29a9_37b0_4304_ab0c_ed461739459b<>parentFunctionId": {"1": null}, "e0ca29a9_37b0_4304_ab0c_ed461739459b<>parent_scope": {"1": {}}, "e0ca29a9_37b0_4304_ab0c_ed461739459b<>scope<>Dfh": {"1": "f3d6be82_f14f_4649_a7ca_588da55581af"}, "e0ca29a9_37b0_4304_ab0c_ed461739459b<>startIndex": {"1": 31}, "e0ca29a9_37b0_4304_ab0c_ed461739459b<>endIndex": {"1": 84}, "f3d6be82_f14f_4649_a7ca_588da55581af<>index": {"1": "BLOCK<>statements<>0"}, "f3d6be82_f14f_4649_a7ca_588da55581af<>type": {"1": "REACT_COMPONENT"}, "f3d6be82_f14f_4649_a7ca_588da55581af<>parentBlockId": {"1": "e0ca29a9_37b0_4304_ab0c_ed461739459b"}, "f3d6be82_f14f_4649_a7ca_588da55581af<>name": {"1": "Dfh"}, "f3d6be82_f14f_4649_a7ca_588da55581af<>returnStatements<>0<>statement_id": {"1": "13bbae6f_b208_4d4a_a569_a2ac78f6933c"}, "f3d6be82_f14f_4649_a7ca_588da55581af<>returnStatements<>0<>index": {"1": "BLOCK<>statements<>0<>bodyConfig<>statements<>0"}, "f3d6be82_f14f_4649_a7ca_588da55581af<>schema<>props": {"1": []}, "f3d6be82_f14f_4649_a7ca_588da55581af<>schema<>hasImperativeHandling": {"1": false}, "f3d6be82_f14f_4649_a7ca_588da55581af<>schema<>type": {"1": "REACT_FC"}, "f3d6be82_f14f_4649_a7ca_588da55581af<>startIndex": {"1": 31}, "f3d6be82_f14f_4649_a7ca_588da55581af<>endIndex": {"1": 84}, "f31af958_4b0f_4640_80c3_9eeb2c9371fe<>index": {"1": "BLOCK<>statements<>0<>bodyConfig"}, "f31af958_4b0f_4640_80c3_9eeb2c9371fe<>type": {"1": "BLOCK"}, "f31af958_4b0f_4640_80c3_9eeb2c9371fe<>parentBlockId": {"1": "e0ca29a9_37b0_4304_ab0c_ed461739459b"}, "f31af958_4b0f_4640_80c3_9eeb2c9371fe<>parentFunctionId": {"1": "f3d6be82_f14f_4649_a7ca_588da55581af"}, "f31af958_4b0f_4640_80c3_9eeb2c9371fe<>parent_scope<>Dfh": {"1": "f3d6be82_f14f_4649_a7ca_588da55581af"}, "f31af958_4b0f_4640_80c3_9eeb2c9371fe<>scope": {"1": {}}, "f31af958_4b0f_4640_80c3_9eeb2c9371fe<>startIndex": {"1": 49}, "f31af958_4b0f_4640_80c3_9eeb2c9371fe<>endIndex": {"1": 84}, "13bbae6f_b208_4d4a_a569_a2ac78f6933c<>index": {"1": "BLOCK<>statements<>0<>bodyConfig<>statements<>0"}, "13bbae6f_b208_4d4a_a569_a2ac78f6933c<>type": {"1": "RETURN"}, "13bbae6f_b208_4d4a_a569_a2ac78f6933c<>parentBlockId": {"1": "f31af958_4b0f_4640_80c3_9eeb2c9371fe"}, "13bbae6f_b208_4d4a_a569_a2ac78f6933c<>startIndex": {"1": 53}, "13bbae6f_b208_4d4a_a569_a2ac78f6933c<>endIndex": {"1": 81}, "2038de57_4cee_4c9d_b18f_bcaefa92c9a2<>index": {"1": "BLOCK<>statements<>0<>bodyConfig<>statements<>0<>value"}, "2038de57_4cee_4c9d_b18f_bcaefa92c9a2<>type": {"1": "Element"}, "2038de57_4cee_4c9d_b18f_bcaefa92c9a2<>parentBlockId": {"1": "f31af958_4b0f_4640_80c3_9eeb2c9371fe"}, "2038de57_4cee_4c9d_b18f_bcaefa92c9a2<>startIndex": {"1": 60}, "2038de57_4cee_4c9d_b18f_bcaefa92c9a2<>endIndex": {"1": 81}, "bd5ae0d2_9648_48f8_bfbb_e1973d7f737f<>index": {"1": "BLOCK<>statements<>0<>bodyConfig<>statements<>0<>value<>children<>0"}, "bd5ae0d2_9648_48f8_bfbb_e1973d7f737f<>type": {"1": "Element"}, "bd5ae0d2_9648_48f8_bfbb_e1973d7f737f<>parentBlockId": {"1": "2038de57_4cee_4c9d_b18f_bcaefa92c9a2"}, "bd5ae0d2_9648_48f8_bfbb_e1973d7f737f<>startIndex": {"1": 65}, "bd5ae0d2_9648_48f8_bfbb_e1973d7f737f<>endIndex": {"1": 75}}}