{"current_version": 1, "versions": {"1": {"key": 1, "timestamp": 1752057547.2414868}}, "deleted_keys": {}, "changes": {"MAIN_COMPONENT<>index": {"1": "BLOCK"}, "MAIN_COMPONENT<>type": {"1": "BLOCK"}, "MAIN_COMPONENT<>parentBlockId": {"1": null}, "MAIN_COMPONENT<>parentFunctionId": {"1": null}, "MAIN_COMPONENT<>parent_scope": {"1": {}}, "MAIN_COMPONENT<>scope<>App": {"1": "ae0bfa52_c799_471f_9fec_9dc8c68541fc"}, "MAIN_COMPONENT<>startIndex": {"1": 106}, "MAIN_COMPONENT<>endIndex": {"1": 221}, "ae0bfa52_c799_471f_9fec_9dc8c68541fc<>index": {"1": "BLOCK<>statements<>0"}, "ae0bfa52_c799_471f_9fec_9dc8c68541fc<>type": {"1": "REACT_COMPONENT"}, "ae0bfa52_c799_471f_9fec_9dc8c68541fc<>parentBlockId": {"1": "MAIN_COMPONENT"}, "ae0bfa52_c799_471f_9fec_9dc8c68541fc<>name": {"1": "App"}, "ae0bfa52_c799_471f_9fec_9dc8c68541fc<>returnStatements<>0<>statement_id": {"1": "da84d86d_b4ac_42ee_9127_bbc0ab938626"}, "ae0bfa52_c799_471f_9fec_9dc8c68541fc<>returnStatements<>0<>index": {"1": "BLOCK<>statements<>0<>bodyConfig<>statements<>0"}, "ae0bfa52_c799_471f_9fec_9dc8c68541fc<>schema<>props": {"1": []}, "ae0bfa52_c799_471f_9fec_9dc8c68541fc<>schema<>hasImperativeHandling": {"1": false}, "ae0bfa52_c799_471f_9fec_9dc8c68541fc<>schema<>type": {"1": "REACT_FC"}, "ae0bfa52_c799_471f_9fec_9dc8c68541fc<>startIndex": {"1": 106}, "ae0bfa52_c799_471f_9fec_9dc8c68541fc<>endIndex": {"1": 221}, "85be6680_1954_4336_9162_56ecf005aa4f<>index": {"1": "BLOCK<>statements<>0<>bodyConfig"}, "85be6680_1954_4336_9162_56ecf005aa4f<>type": {"1": "BLOCK"}, "85be6680_1954_4336_9162_56ecf005aa4f<>parentBlockId": {"1": "MAIN_COMPONENT"}, "85be6680_1954_4336_9162_56ecf005aa4f<>parentFunctionId": {"1": "ae0bfa52_c799_471f_9fec_9dc8c68541fc"}, "85be6680_1954_4336_9162_56ecf005aa4f<>parent_scope<>App": {"1": "ae0bfa52_c799_471f_9fec_9dc8c68541fc"}, "85be6680_1954_4336_9162_56ecf005aa4f<>scope": {"1": {}}, "85be6680_1954_4336_9162_56ecf005aa4f<>startIndex": {"1": 124}, "85be6680_1954_4336_9162_56ecf005aa4f<>endIndex": {"1": 221}, "da84d86d_b4ac_42ee_9127_bbc0ab938626<>index": {"1": "BLOCK<>statements<>0<>bodyConfig<>statements<>0"}, "da84d86d_b4ac_42ee_9127_bbc0ab938626<>type": {"1": "RETURN"}, "da84d86d_b4ac_42ee_9127_bbc0ab938626<>parentBlockId": {"1": "85be6680_1954_4336_9162_56ecf005aa4f"}, "da84d86d_b4ac_42ee_9127_bbc0ab938626<>startIndex": {"1": 128}, "da84d86d_b4ac_42ee_9127_bbc0ab938626<>endIndex": {"1": 214}, "ac016515_a815_4976_bacc_633b02a44ff7<>index": {"1": "BLOCK<>statements<>0<>bodyConfig<>statements<>0<>value"}, "ac016515_a815_4976_bacc_633b02a44ff7<>type": {"1": "Element"}, "ac016515_a815_4976_bacc_633b02a44ff7<>parentBlockId": {"1": "85be6680_1954_4336_9162_56ecf005aa4f"}, "ac016515_a815_4976_bacc_633b02a44ff7<>startIndex": {"1": 141}, "ac016515_a815_4976_bacc_633b02a44ff7<>endIndex": {"1": 214}, "89380e43_724a_43a1_855d_fc3b701680b4<>index": {"1": "BLOCK<>statements<>0<>bodyConfig<>statements<>0<>value<>children<>0"}, "89380e43_724a_43a1_855d_fc3b701680b4<>type": {"1": "Element"}, "89380e43_724a_43a1_855d_fc3b701680b4<>parentBlockId": {"1": "ac016515_a815_4976_bacc_633b02a44ff7"}, "89380e43_724a_43a1_855d_fc3b701680b4<>startIndex": {"1": 150}, "89380e43_724a_43a1_855d_fc3b701680b4<>endIndex": {"1": 206}, "94cce4d8_04f1_4d2c_be91_7f7188a0e941<>index": {"1": "BLOCK<>statements<>0<>bodyConfig<>statements<>0<>value<>children<>0<>children<>0"}, "94cce4d8_04f1_4d2c_be91_7f7188a0e941<>type": {"1": "Element"}, "94cce4d8_04f1_4d2c_be91_7f7188a0e941<>parentBlockId": {"1": "89380e43_724a_43a1_855d_fc3b701680b4"}, "94cce4d8_04f1_4d2c_be91_7f7188a0e941<>startIndex": {"1": 174}, "94cce4d8_04f1_4d2c_be91_7f7188a0e941<>endIndex": {"1": 183}}}