{"current_version": 1, "versions": {"1": {"key": 1, "timestamp": 1752057547.2426522}}, "deleted_keys": {}, "changes": {"IMPORTS<>other": {"1": []}, "IMPORTS<>components": {"1": []}, "EXPORTS<>default": {"1": "ae0bfa52_c799_471f_9fec_9dc8c68541fc"}, "EXPORTS<>others": {"1": []}, "BLOCK<>type": {"1": "BLOCK"}, "BLOCK<>noWrap": {"1": 1}, "BLOCK<>id": {"1": "MAIN_COMPONENT"}, "BLOCK<>statements<>0<>type": {"1": "REACT_COMPONENT"}, "BLOCK<>statements<>0<>id": {"1": "ae0bfa52_c799_471f_9fec_9dc8c68541fc"}, "BLOCK<>statements<>0<>name": {"1": "App"}, "BLOCK<>statements<>0<>propVars": {"1": []}, "BLOCK<>statements<>0<>bodyConfig<>type": {"1": "BLOCK"}, "BLOCK<>statements<>0<>bodyConfig<>statements<>0<>type": {"1": "RETURN"}, "BLOCK<>statements<>0<>bodyConfig<>statements<>0<>value<>type": {"1": "Element"}, "BLOCK<>statements<>0<>bodyConfig<>statements<>0<>value<>tagName": {"1": "fragment"}, "BLOCK<>statements<>0<>bodyConfig<>statements<>0<>value<>attributes": {"1": {}}, "BLOCK<>statements<>0<>bodyConfig<>statements<>0<>value<>elementType": {"1": "html"}, "BLOCK<>statements<>0<>bodyConfig<>statements<>0<>value<>children<>0<>$ref": {"1": "THEME_PROVIDER"}, "BLOCK<>statements<>0<>bodyConfig<>statements<>0<>value<>children<>0<>attributes": {"1": {}}, "BLOCK<>statements<>0<>bodyConfig<>statements<>0<>value<>children<>0<>children<>0<>attributes": {"1": {}}, "BLOCK<>statements<>0<>bodyConfig<>statements<>0<>value<>children<>0<>children<>0<>children": {"1": []}, "BLOCK<>statements<>0<>bodyConfig<>statements<>0<>value<>children<>0<>children<>0<>elementType": {"1": "OUTLET"}, "BLOCK<>statements<>0<>bodyConfig<>statements<>0<>value<>children<>0<>children<>0<>tagName": {"1": "Outlet"}, "BLOCK<>statements<>0<>bodyConfig<>statements<>0<>value<>children<>0<>children<>0<>type": {"1": "Element"}, "BLOCK<>statements<>0<>bodyConfig<>statements<>0<>value<>children<>0<>children<>0<>id": {"1": "94cce4d8_04f1_4d2c_be91_7f7188a0e941"}, "BLOCK<>statements<>0<>bodyConfig<>statements<>0<>value<>children<>0<>elementType": {"1": "COMPONENT"}, "BLOCK<>statements<>0<>bodyConfig<>statements<>0<>value<>children<>0<>tagName": {"1": "ThemeProvider"}, "BLOCK<>statements<>0<>bodyConfig<>statements<>0<>value<>children<>0<>type": {"1": "Element"}, "BLOCK<>statements<>0<>bodyConfig<>statements<>0<>value<>children<>0<>id": {"1": "89380e43_724a_43a1_855d_fc3b701680b4"}, "BLOCK<>statements<>0<>bodyConfig<>statements<>0<>value<>id": {"1": "ac016515_a815_4976_bacc_633b02a44ff7"}, "BLOCK<>statements<>0<>bodyConfig<>statements<>0<>id": {"1": "da84d86d_b4ac_42ee_9127_bbc0ab938626"}, "BLOCK<>statements<>0<>bodyConfig<>id": {"1": "85be6680_1954_4336_9162_56ecf005aa4f"}, "BLOCK<>statements<>0<>schema<>props": {"1": []}, "BLOCK<>statements<>0<>schema<>hasImperativeHandling": {"1": false}, "BLOCK<>statements<>0<>schema<>type": {"1": "REACT_FC"}, "name": {"1": "App"}}}