{"current_version": 1, "versions": {"1": {"key": 1, "timestamp": 1748582513.7143915}}, "deleted_keys": {}, "changes": {"IMPORTS<>other": {"1": []}, "IMPORTS<>components": {"1": []}, "BLOCK<>type": {"1": "BLOCK"}, "BLOCK<>noWrap": {"1": 1}, "BLOCK<>id": {"1": "22b8ac0b_00ae_4b48_9fe4_fa696d953d1d"}, "BLOCK<>statements<>0<>type": {"1": "CUSTOM"}, "BLOCK<>statements<>0<>body": {"1": "import { defineConfig } from \"vite\";\n                            import react from \"@vitejs/plugin-react\";\n\n                            export default defineConfig({\n                            plugins: [react()], //change based on framework\n                            server: { \n                                host: true,\n                                hmr: {\n                                    host: \"\"\n                                },\n                                allowedHosts: []\n                            },\n                            build: {\n                                outDir: ''\n                            }\n                            });\n                        "}, "BLOCK<>statements<>0<>id": {"1": "1818d76e_99e7_4314_8307_ecac22178eb0"}, "EXPORTS<>default": {"1": ""}, "EXPORTS<>others": {"1": []}, "name": {"1": "vite.config"}}}