{"current_version": 1, "versions": {"1": {"key": 1, "timestamp": 1748582513.7138183}}, "deleted_keys": {}, "changes": {"22b8ac0b_00ae_4b48_9fe4_fa696d953d1d<>index": {"1": "BLOCK"}, "22b8ac0b_00ae_4b48_9fe4_fa696d953d1d<>type": {"1": "BLOCK"}, "22b8ac0b_00ae_4b48_9fe4_fa696d953d1d<>parentBlockId": {"1": null}, "22b8ac0b_00ae_4b48_9fe4_fa696d953d1d<>parentFunctionId": {"1": null}, "22b8ac0b_00ae_4b48_9fe4_fa696d953d1d<>parent_scope": {"1": {}}, "22b8ac0b_00ae_4b48_9fe4_fa696d953d1d<>scope": {"1": {}}, "22b8ac0b_00ae_4b48_9fe4_fa696d953d1d<>startIndex": {"1": 0}, "22b8ac0b_00ae_4b48_9fe4_fa696d953d1d<>endIndex": {"1": 281}, "1818d76e_99e7_4314_8307_ecac22178eb0<>index": {"1": "BLOCK<>statements<>0"}, "1818d76e_99e7_4314_8307_ecac22178eb0<>type": {"1": "CUSTOM"}, "1818d76e_99e7_4314_8307_ecac22178eb0<>parentBlockId": {"1": "22b8ac0b_00ae_4b48_9fe4_fa696d953d1d"}, "1818d76e_99e7_4314_8307_ecac22178eb0<>startIndex": {"1": 0}, "1818d76e_99e7_4314_8307_ecac22178eb0<>endIndex": {"1": 281}}}