{"current_version": 1, "versions": {"1": {"key": 1, "timestamp": 1748582509.9384892}}, "deleted_keys": {}, "changes": {"IMPORTS<>other<>0<>TYPE": {"1": "THIRD_PARTY"}, "IMPORTS<>other<>0<>from": {"1": "react"}, "IMPORTS<>other<>0<>import_entity": {"1": "React"}, "IMPORTS<>other<>0<>import_type": {"1": "SINGLE"}, "IMPORTS<>components": {"1": []}, "EXPORTS<>default": {"1": "036bc8dd_72ce_424e_b479_7e2468816346"}, "EXPORTS<>others": {"1": []}, "BLOCK<>type": {"1": "BLOCK"}, "BLOCK<>noWrap": {"1": 1}, "BLOCK<>id": {"1": "73149b9b_9023_42ef_b56d_ea1ba4b52c03"}, "BLOCK<>statements<>0<>type": {"1": "REACT_COMPONENT"}, "BLOCK<>statements<>0<>id": {"1": "036bc8dd_72ce_424e_b479_7e2468816346"}, "BLOCK<>statements<>0<>name": {"1": "Main"}, "BLOCK<>statements<>0<>propVars<>0<>name": {"1": "prop1"}, "BLOCK<>statements<>0<>propVars<>0<>isRequired": {"1": false}, "BLOCK<>statements<>0<>propVars<>0<>schema<>selection": {"1": "anyOf"}, "BLOCK<>statements<>0<>propVars<>0<>schema<>types<>0<>type": {"1": "ANY"}, "BLOCK<>statements<>0<>propVars<>0<>defaultValue": {"1": null}, "BLOCK<>statements<>0<>propVars<>0<>description": {"1": ""}, "BLOCK<>statements<>0<>propVars<>0<>id": {"1": "212c7981_1739_433b_b36d_dd15c61145e7"}, "BLOCK<>statements<>0<>bodyConfig<>type": {"1": "BLOCK"}, "BLOCK<>statements<>0<>bodyConfig<>statements<>0<>type": {"1": "RETURN"}, "BLOCK<>statements<>0<>bodyConfig<>statements<>0<>value<>type": {"1": "Element"}, "BLOCK<>statements<>0<>bodyConfig<>statements<>0<>value<>tagName": {"1": "div"}, "BLOCK<>statements<>0<>bodyConfig<>statements<>0<>value<>attributes": {"1": {}}, "BLOCK<>statements<>0<>bodyConfig<>statements<>0<>value<>elementType": {"1": "html"}, "BLOCK<>statements<>0<>bodyConfig<>statements<>0<>value<>children<>0<>type": {"1": "Element"}, "BLOCK<>statements<>0<>bodyConfig<>statements<>0<>value<>children<>0<>elementType": {"1": "TEXT"}, "BLOCK<>statements<>0<>bodyConfig<>statements<>0<>value<>children<>0<>value": {"1": "Hello world"}, "BLOCK<>statements<>0<>bodyConfig<>statements<>0<>value<>children<>0<>id": {"1": "a5477d4a_2f3f_404c_8c85_4bfde5a6d3f5"}, "BLOCK<>statements<>0<>bodyConfig<>statements<>0<>value<>id": {"1": "6dc453c1_7aac_4968_a67a_f0c80d3230ba"}, "BLOCK<>statements<>0<>bodyConfig<>statements<>0<>id": {"1": "a144e270_1fcc_4d54_9afe_9cd8f4673189"}, "BLOCK<>statements<>0<>bodyConfig<>id": {"1": "fcc1b2e1_9515_4f3c_926b_109cf42877cd"}, "BLOCK<>statements<>0<>schema<>props<>0<>name": {"1": "prop1"}, "BLOCK<>statements<>0<>schema<>props<>0<>isRequired": {"1": false}, "BLOCK<>statements<>0<>schema<>props<>0<>schema<>selection": {"1": "anyOf"}, "BLOCK<>statements<>0<>schema<>props<>0<>schema<>types<>0<>type": {"1": "ANY"}, "BLOCK<>statements<>0<>schema<>props<>0<>defaultValue": {"1": null}, "BLOCK<>statements<>0<>schema<>props<>0<>description": {"1": ""}, "BLOCK<>statements<>0<>schema<>props<>0<>id": {"1": "212c7981_1739_433b_b36d_dd15c61145e7"}, "BLOCK<>statements<>0<>schema<>hasImperativeHandling": {"1": false}, "BLOCK<>statements<>0<>schema<>type": {"1": "REACT_FC"}, "name": {"1": "Main"}}}