{"current_version": 1, "versions": {"1": {"key": 1, "timestamp": 1748582509.9368544}}, "deleted_keys": {}, "changes": {"73149b9b_9023_42ef_b56d_ea1ba4b52c03<>index": {"1": "BLOCK"}, "73149b9b_9023_42ef_b56d_ea1ba4b52c03<>type": {"1": "BLOCK"}, "73149b9b_9023_42ef_b56d_ea1ba4b52c03<>parentBlockId": {"1": null}, "73149b9b_9023_42ef_b56d_ea1ba4b52c03<>parentFunctionId": {"1": null}, "73149b9b_9023_42ef_b56d_ea1ba4b52c03<>parent_scope": {"1": {}}, "73149b9b_9023_42ef_b56d_ea1ba4b52c03<>scope<>Main": {"1": "036bc8dd_72ce_424e_b479_7e2468816346"}, "73149b9b_9023_42ef_b56d_ea1ba4b52c03<>startIndex": {"1": 31}, "73149b9b_9023_42ef_b56d_ea1ba4b52c03<>endIndex": {"1": 94}, "036bc8dd_72ce_424e_b479_7e2468816346<>index": {"1": "BLOCK<>statements<>0"}, "036bc8dd_72ce_424e_b479_7e2468816346<>type": {"1": "REACT_COMPONENT"}, "036bc8dd_72ce_424e_b479_7e2468816346<>parentBlockId": {"1": "73149b9b_9023_42ef_b56d_ea1ba4b52c03"}, "036bc8dd_72ce_424e_b479_7e2468816346<>name": {"1": "Main"}, "036bc8dd_72ce_424e_b479_7e2468816346<>returnStatements<>0<>statement_id": {"1": "a144e270_1fcc_4d54_9afe_9cd8f4673189"}, "036bc8dd_72ce_424e_b479_7e2468816346<>returnStatements<>0<>index": {"1": "BLOCK<>statements<>0<>bodyConfig<>statements<>0"}, "036bc8dd_72ce_424e_b479_7e2468816346<>schema<>props<>0<>name": {"1": "prop1"}, "036bc8dd_72ce_424e_b479_7e2468816346<>schema<>props<>0<>isRequired": {"1": false}, "036bc8dd_72ce_424e_b479_7e2468816346<>schema<>props<>0<>schema<>selection": {"1": "anyOf"}, "036bc8dd_72ce_424e_b479_7e2468816346<>schema<>props<>0<>schema<>types<>0<>type": {"1": "ANY"}, "036bc8dd_72ce_424e_b479_7e2468816346<>schema<>props<>0<>defaultValue": {"1": null}, "036bc8dd_72ce_424e_b479_7e2468816346<>schema<>props<>0<>description": {"1": ""}, "036bc8dd_72ce_424e_b479_7e2468816346<>schema<>props<>0<>id": {"1": "212c7981_1739_433b_b36d_dd15c61145e7"}, "036bc8dd_72ce_424e_b479_7e2468816346<>schema<>hasImperativeHandling": {"1": false}, "036bc8dd_72ce_424e_b479_7e2468816346<>schema<>type": {"1": "REACT_FC"}, "036bc8dd_72ce_424e_b479_7e2468816346<>startIndex": {"1": 31}, "036bc8dd_72ce_424e_b479_7e2468816346<>endIndex": {"1": 94}, "212c7981_1739_433b_b36d_dd15c61145e7<>index": {"1": "BLOCK<>statements<>0<>propVars<>0"}, "212c7981_1739_433b_b36d_dd15c61145e7<>type": {"1": "PROP_VAR"}, "212c7981_1739_433b_b36d_dd15c61145e7<>parentBlockId": {"1": "73149b9b_9023_42ef_b56d_ea1ba4b52c03"}, "212c7981_1739_433b_b36d_dd15c61145e7<>name": {"1": "prop1"}, "212c7981_1739_433b_b36d_dd15c61145e7<>schema<>selection": {"1": "anyOf"}, "212c7981_1739_433b_b36d_dd15c61145e7<>schema<>types<>0<>type": {"1": "ANY"}, "fcc1b2e1_9515_4f3c_926b_109cf42877cd<>index": {"1": "BLOCK<>statements<>0<>bodyConfig"}, "fcc1b2e1_9515_4f3c_926b_109cf42877cd<>type": {"1": "BLOCK"}, "fcc1b2e1_9515_4f3c_926b_109cf42877cd<>parentBlockId": {"1": "73149b9b_9023_42ef_b56d_ea1ba4b52c03"}, "fcc1b2e1_9515_4f3c_926b_109cf42877cd<>parentFunctionId": {"1": "036bc8dd_72ce_424e_b479_7e2468816346"}, "fcc1b2e1_9515_4f3c_926b_109cf42877cd<>parent_scope<>Main": {"1": "036bc8dd_72ce_424e_b479_7e2468816346"}, "fcc1b2e1_9515_4f3c_926b_109cf42877cd<>scope<>prop1": {"1": "212c7981_1739_433b_b36d_dd15c61145e7"}, "fcc1b2e1_9515_4f3c_926b_109cf42877cd<>startIndex": {"1": 59}, "fcc1b2e1_9515_4f3c_926b_109cf42877cd<>endIndex": {"1": 94}, "a144e270_1fcc_4d54_9afe_9cd8f4673189<>index": {"1": "BLOCK<>statements<>0<>bodyConfig<>statements<>0"}, "a144e270_1fcc_4d54_9afe_9cd8f4673189<>type": {"1": "RETURN"}, "a144e270_1fcc_4d54_9afe_9cd8f4673189<>parentBlockId": {"1": "fcc1b2e1_9515_4f3c_926b_109cf42877cd"}, "a144e270_1fcc_4d54_9afe_9cd8f4673189<>startIndex": {"1": 63}, "a144e270_1fcc_4d54_9afe_9cd8f4673189<>endIndex": {"1": 91}, "6dc453c1_7aac_4968_a67a_f0c80d3230ba<>index": {"1": "BLOCK<>statements<>0<>bodyConfig<>statements<>0<>value"}, "6dc453c1_7aac_4968_a67a_f0c80d3230ba<>type": {"1": "Element"}, "6dc453c1_7aac_4968_a67a_f0c80d3230ba<>parentBlockId": {"1": "fcc1b2e1_9515_4f3c_926b_109cf42877cd"}, "6dc453c1_7aac_4968_a67a_f0c80d3230ba<>startIndex": {"1": 70}, "6dc453c1_7aac_4968_a67a_f0c80d3230ba<>endIndex": {"1": 91}, "a5477d4a_2f3f_404c_8c85_4bfde5a6d3f5<>index": {"1": "BLOCK<>statements<>0<>bodyConfig<>statements<>0<>value<>children<>0"}, "a5477d4a_2f3f_404c_8c85_4bfde5a6d3f5<>type": {"1": "Element"}, "a5477d4a_2f3f_404c_8c85_4bfde5a6d3f5<>parentBlockId": {"1": "6dc453c1_7aac_4968_a67a_f0c80d3230ba"}, "a5477d4a_2f3f_404c_8c85_4bfde5a6d3f5<>startIndex": {"1": 75}, "a5477d4a_2f3f_404c_8c85_4bfde5a6d3f5<>endIndex": {"1": 85}}}