{"current_version": 1, "versions": {"1": {"key": 1, "timestamp": 1748582511.9159079}}, "deleted_keys": {}, "changes": {"IMPORTS<>other": {"1": []}, "IMPORTS<>components": {"1": []}, "EXPORTS<>default": {"1": "a8830374_3639_498d_8d40_d5ad6e2b2fac"}, "EXPORTS<>others": {"1": []}, "BLOCK<>type": {"1": "BLOCK"}, "BLOCK<>noWrap": {"1": 1}, "BLOCK<>id": {"1": "MAIN_COMPONENT"}, "BLOCK<>statements<>0<>type": {"1": "REACT_COMPONENT"}, "BLOCK<>statements<>0<>id": {"1": "a8830374_3639_498d_8d40_d5ad6e2b2fac"}, "BLOCK<>statements<>0<>name": {"1": "App"}, "BLOCK<>statements<>0<>propVars": {"1": []}, "BLOCK<>statements<>0<>bodyConfig<>type": {"1": "BLOCK"}, "BLOCK<>statements<>0<>bodyConfig<>statements<>0<>type": {"1": "RETURN"}, "BLOCK<>statements<>0<>bodyConfig<>statements<>0<>value<>type": {"1": "Element"}, "BLOCK<>statements<>0<>bodyConfig<>statements<>0<>value<>tagName": {"1": "fragment"}, "BLOCK<>statements<>0<>bodyConfig<>statements<>0<>value<>attributes": {"1": {}}, "BLOCK<>statements<>0<>bodyConfig<>statements<>0<>value<>elementType": {"1": "html"}, "BLOCK<>statements<>0<>bodyConfig<>statements<>0<>value<>children<>0<>$ref": {"1": "THEME_PROVIDER"}, "BLOCK<>statements<>0<>bodyConfig<>statements<>0<>value<>children<>0<>attributes": {"1": {}}, "BLOCK<>statements<>0<>bodyConfig<>statements<>0<>value<>children<>0<>children<>0<>attributes": {"1": {}}, "BLOCK<>statements<>0<>bodyConfig<>statements<>0<>value<>children<>0<>children<>0<>children": {"1": []}, "BLOCK<>statements<>0<>bodyConfig<>statements<>0<>value<>children<>0<>children<>0<>elementType": {"1": "OUTLET"}, "BLOCK<>statements<>0<>bodyConfig<>statements<>0<>value<>children<>0<>children<>0<>tagName": {"1": "Outlet"}, "BLOCK<>statements<>0<>bodyConfig<>statements<>0<>value<>children<>0<>children<>0<>type": {"1": "Element"}, "BLOCK<>statements<>0<>bodyConfig<>statements<>0<>value<>children<>0<>children<>0<>id": {"1": "979433d1_b0d6_47c0_a7ba_3fb88b85cf80"}, "BLOCK<>statements<>0<>bodyConfig<>statements<>0<>value<>children<>0<>elementType": {"1": "COMPONENT"}, "BLOCK<>statements<>0<>bodyConfig<>statements<>0<>value<>children<>0<>tagName": {"1": "ThemeProvider"}, "BLOCK<>statements<>0<>bodyConfig<>statements<>0<>value<>children<>0<>type": {"1": "Element"}, "BLOCK<>statements<>0<>bodyConfig<>statements<>0<>value<>children<>0<>id": {"1": "115218de_ddb2_457c_8804_6c8f882132e7"}, "BLOCK<>statements<>0<>bodyConfig<>statements<>0<>value<>id": {"1": "87bd63a2_d354_421c_89e0_3d4eecec9b26"}, "BLOCK<>statements<>0<>bodyConfig<>statements<>0<>id": {"1": "f73ce323_434f_4dac_9c9b_1922cec645e6"}, "BLOCK<>statements<>0<>bodyConfig<>id": {"1": "bf30adce_81d9_432a_aa78_415d40966753"}, "BLOCK<>statements<>0<>schema<>props": {"1": []}, "BLOCK<>statements<>0<>schema<>hasImperativeHandling": {"1": false}, "BLOCK<>statements<>0<>schema<>type": {"1": "REACT_FC"}, "name": {"1": "App"}}}