{"current_version": 1, "versions": {"1": {"key": 1, "timestamp": 1748582511.9151316}}, "deleted_keys": {}, "changes": {"MAIN_COMPONENT<>index": {"1": "BLOCK"}, "MAIN_COMPONENT<>type": {"1": "BLOCK"}, "MAIN_COMPONENT<>parentBlockId": {"1": null}, "MAIN_COMPONENT<>parentFunctionId": {"1": null}, "MAIN_COMPONENT<>parent_scope": {"1": {}}, "MAIN_COMPONENT<>scope<>App": {"1": "a8830374_3639_498d_8d40_d5ad6e2b2fac"}, "MAIN_COMPONENT<>startIndex": {"1": 106}, "MAIN_COMPONENT<>endIndex": {"1": 221}, "a8830374_3639_498d_8d40_d5ad6e2b2fac<>index": {"1": "BLOCK<>statements<>0"}, "a8830374_3639_498d_8d40_d5ad6e2b2fac<>type": {"1": "REACT_COMPONENT"}, "a8830374_3639_498d_8d40_d5ad6e2b2fac<>parentBlockId": {"1": "MAIN_COMPONENT"}, "a8830374_3639_498d_8d40_d5ad6e2b2fac<>name": {"1": "App"}, "a8830374_3639_498d_8d40_d5ad6e2b2fac<>returnStatements<>0<>statement_id": {"1": "f73ce323_434f_4dac_9c9b_1922cec645e6"}, "a8830374_3639_498d_8d40_d5ad6e2b2fac<>returnStatements<>0<>index": {"1": "BLOCK<>statements<>0<>bodyConfig<>statements<>0"}, "a8830374_3639_498d_8d40_d5ad6e2b2fac<>schema<>props": {"1": []}, "a8830374_3639_498d_8d40_d5ad6e2b2fac<>schema<>hasImperativeHandling": {"1": false}, "a8830374_3639_498d_8d40_d5ad6e2b2fac<>schema<>type": {"1": "REACT_FC"}, "a8830374_3639_498d_8d40_d5ad6e2b2fac<>startIndex": {"1": 106}, "a8830374_3639_498d_8d40_d5ad6e2b2fac<>endIndex": {"1": 221}, "bf30adce_81d9_432a_aa78_415d40966753<>index": {"1": "BLOCK<>statements<>0<>bodyConfig"}, "bf30adce_81d9_432a_aa78_415d40966753<>type": {"1": "BLOCK"}, "bf30adce_81d9_432a_aa78_415d40966753<>parentBlockId": {"1": "MAIN_COMPONENT"}, "bf30adce_81d9_432a_aa78_415d40966753<>parentFunctionId": {"1": "a8830374_3639_498d_8d40_d5ad6e2b2fac"}, "bf30adce_81d9_432a_aa78_415d40966753<>parent_scope<>App": {"1": "a8830374_3639_498d_8d40_d5ad6e2b2fac"}, "bf30adce_81d9_432a_aa78_415d40966753<>scope": {"1": {}}, "bf30adce_81d9_432a_aa78_415d40966753<>startIndex": {"1": 124}, "bf30adce_81d9_432a_aa78_415d40966753<>endIndex": {"1": 221}, "f73ce323_434f_4dac_9c9b_1922cec645e6<>index": {"1": "BLOCK<>statements<>0<>bodyConfig<>statements<>0"}, "f73ce323_434f_4dac_9c9b_1922cec645e6<>type": {"1": "RETURN"}, "f73ce323_434f_4dac_9c9b_1922cec645e6<>parentBlockId": {"1": "bf30adce_81d9_432a_aa78_415d40966753"}, "f73ce323_434f_4dac_9c9b_1922cec645e6<>startIndex": {"1": 128}, "f73ce323_434f_4dac_9c9b_1922cec645e6<>endIndex": {"1": 214}, "87bd63a2_d354_421c_89e0_3d4eecec9b26<>index": {"1": "BLOCK<>statements<>0<>bodyConfig<>statements<>0<>value"}, "87bd63a2_d354_421c_89e0_3d4eecec9b26<>type": {"1": "Element"}, "87bd63a2_d354_421c_89e0_3d4eecec9b26<>parentBlockId": {"1": "bf30adce_81d9_432a_aa78_415d40966753"}, "87bd63a2_d354_421c_89e0_3d4eecec9b26<>startIndex": {"1": 141}, "87bd63a2_d354_421c_89e0_3d4eecec9b26<>endIndex": {"1": 214}, "115218de_ddb2_457c_8804_6c8f882132e7<>index": {"1": "BLOCK<>statements<>0<>bodyConfig<>statements<>0<>value<>children<>0"}, "115218de_ddb2_457c_8804_6c8f882132e7<>type": {"1": "Element"}, "115218de_ddb2_457c_8804_6c8f882132e7<>parentBlockId": {"1": "87bd63a2_d354_421c_89e0_3d4eecec9b26"}, "115218de_ddb2_457c_8804_6c8f882132e7<>startIndex": {"1": 150}, "115218de_ddb2_457c_8804_6c8f882132e7<>endIndex": {"1": 206}, "979433d1_b0d6_47c0_a7ba_3fb88b85cf80<>index": {"1": "BLOCK<>statements<>0<>bodyConfig<>statements<>0<>value<>children<>0<>children<>0"}, "979433d1_b0d6_47c0_a7ba_3fb88b85cf80<>type": {"1": "Element"}, "979433d1_b0d6_47c0_a7ba_3fb88b85cf80<>parentBlockId": {"1": "115218de_ddb2_457c_8804_6c8f882132e7"}, "979433d1_b0d6_47c0_a7ba_3fb88b85cf80<>startIndex": {"1": 174}, "979433d1_b0d6_47c0_a7ba_3fb88b85cf80<>endIndex": {"1": 183}}}