{"IMPORTS<>other": [], "IMPORTS<>components": [], "BLOCK<>type": "BLOCK", "BLOCK<>noWrap": 1, "BLOCK<>id": "200a55c5_8cc2_4ed1_a4ff_508830ee23b4", "BLOCK<>statements<>0<>type": "CUSTOM", "BLOCK<>statements<>0<>body": "import { defineConfig } from \"vite\";\n                            import react from \"@vitejs/plugin-react\";\n\n                            export default defineConfig({\n                            plugins: [react()], //change based on framework\n                            server: { \n                                host: true,\n                                hmr: {\n                                    host: \"\"\n                                },\n                                allowedHosts: []\n                            },\n                            build: {\n                                outDir: ''\n                            }\n                            });\n                        ", "BLOCK<>statements<>0<>id": "f5c2a874_df4a_48a8_b427_984a9b5dc38a", "EXPORTS<>default": "", "EXPORTS<>others": [], "name": "vite.config"}