{"BLOCK<>id": "a9e504e3_25e5_48a5_95ac_23af42d5ae7a", "BLOCK<>noWrap": 1, "BLOCK<>statements<>0<>bodyConfig<>id": "f1c57d9f_0d53_46e2_948e_e8fed1c009a3", "BLOCK<>statements<>0<>bodyConfig<>statements<>0<>id": "b7f042fe_e264_45d4_aa38_03589ada3bb9", "BLOCK<>statements<>0<>bodyConfig<>statements<>0<>type": "RETURN", "BLOCK<>statements<>0<>bodyConfig<>statements<>0<>value<>attributes<>id<>isCustom": true, "BLOCK<>statements<>0<>bodyConfig<>statements<>0<>value<>attributes<>id<>type": "STRING", "BLOCK<>statements<>0<>bodyConfig<>statements<>0<>value<>attributes<>id<>value": "d", "BLOCK<>statements<>0<>bodyConfig<>statements<>0<>value<>children": [], "BLOCK<>statements<>0<>bodyConfig<>statements<>0<>value<>elementType": "html", "BLOCK<>statements<>0<>bodyConfig<>statements<>0<>value<>id": "5325da8d_469e_4d2d_8a53_6e5bcc46aa74", "BLOCK<>statements<>0<>bodyConfig<>statements<>0<>value<>tagName": "div", "BLOCK<>statements<>0<>bodyConfig<>statements<>0<>value<>type": "Element", "BLOCK<>statements<>0<>bodyConfig<>type": "BLOCK", "BLOCK<>statements<>0<>id": "6b292e23_361d_47c3_88d8_e660efdb1545", "BLOCK<>statements<>0<>name": "Main", "BLOCK<>statements<>0<>propVars<>0<>defaultValue": null, "BLOCK<>statements<>0<>propVars<>0<>description": "", "BLOCK<>statements<>0<>propVars<>0<>id": "b3ddcabf_888f_45a3_82d3_3ce57403866a", "BLOCK<>statements<>0<>propVars<>0<>isRequired": false, "BLOCK<>statements<>0<>propVars<>0<>name": "prop1", "BLOCK<>statements<>0<>propVars<>0<>schema<>selection": "anyOf", "BLOCK<>statements<>0<>propVars<>0<>schema<>types<>0<>type": "ANY", "BLOCK<>statements<>0<>schema<>props<>0<>defaultValue": null, "BLOCK<>statements<>0<>schema<>props<>0<>description": "", "BLOCK<>statements<>0<>schema<>props<>0<>id": "b3ddcabf_888f_45a3_82d3_3ce57403866a", "BLOCK<>statements<>0<>schema<>props<>0<>isRequired": false, "BLOCK<>statements<>0<>schema<>props<>0<>name": "prop1", "BLOCK<>statements<>0<>schema<>props<>0<>schema<>selection": "anyOf", "BLOCK<>statements<>0<>schema<>props<>0<>schema<>types<>0<>type": "ANY", "BLOCK<>statements<>0<>schema<>hasImperativeHandling": false, "BLOCK<>statements<>0<>schema<>type": "REACT_FC", "BLOCK<>statements<>0<>type": "REACT_COMPONENT", "BLOCK<>type": "BLOCK", "EXPORTS<>default": "6b292e23_361d_47c3_88d8_e660efdb1545", "EXPORTS<>others": [], "IMPORTS<>components": [], "IMPORTS<>other<>0<>TYPE": "THIRD_PARTY", "IMPORTS<>other<>0<>from": "react", "IMPORTS<>other<>0<>import_entity": "React", "IMPORTS<>other<>0<>import_type": "SINGLE", "name": "Main"}