{"a9e504e3_25e5_48a5_95ac_23af42d5ae7a<>index": "BLOCK", "a9e504e3_25e5_48a5_95ac_23af42d5ae7a<>type": "BLOCK", "a9e504e3_25e5_48a5_95ac_23af42d5ae7a<>parentBlockId": null, "a9e504e3_25e5_48a5_95ac_23af42d5ae7a<>parentFunctionId": null, "a9e504e3_25e5_48a5_95ac_23af42d5ae7a<>parent_scope": {}, "a9e504e3_25e5_48a5_95ac_23af42d5ae7a<>scope<>Main": "6b292e23_361d_47c3_88d8_e660efdb1545", "a9e504e3_25e5_48a5_95ac_23af42d5ae7a<>startIndex": 31, "a9e504e3_25e5_48a5_95ac_23af42d5ae7a<>endIndex": 88, "6b292e23_361d_47c3_88d8_e660efdb1545<>index": "BLOCK<>statements<>0", "6b292e23_361d_47c3_88d8_e660efdb1545<>type": "REACT_COMPONENT", "6b292e23_361d_47c3_88d8_e660efdb1545<>parentBlockId": "a9e504e3_25e5_48a5_95ac_23af42d5ae7a", "6b292e23_361d_47c3_88d8_e660efdb1545<>schema<>props<>0<>defaultValue": null, "6b292e23_361d_47c3_88d8_e660efdb1545<>schema<>props<>0<>description": "", "6b292e23_361d_47c3_88d8_e660efdb1545<>schema<>props<>0<>id": "b3ddcabf_888f_45a3_82d3_3ce57403866a", "6b292e23_361d_47c3_88d8_e660efdb1545<>schema<>props<>0<>isRequired": false, "6b292e23_361d_47c3_88d8_e660efdb1545<>schema<>props<>0<>name": "prop1", "6b292e23_361d_47c3_88d8_e660efdb1545<>schema<>props<>0<>schema<>selection": "anyOf", "6b292e23_361d_47c3_88d8_e660efdb1545<>schema<>props<>0<>schema<>types<>0<>type": "ANY", "6b292e23_361d_47c3_88d8_e660efdb1545<>schema<>hasImperativeHandling": false, "6b292e23_361d_47c3_88d8_e660efdb1545<>schema<>type": "REACT_FC", "6b292e23_361d_47c3_88d8_e660efdb1545<>name": "Main", "6b292e23_361d_47c3_88d8_e660efdb1545<>returnStatements<>0<>statement_id": "b7f042fe_e264_45d4_aa38_03589ada3bb9", "6b292e23_361d_47c3_88d8_e660efdb1545<>returnStatements<>0<>index": "BLOCK<>statements<>0<>bodyConfig<>statements<>0", "6b292e23_361d_47c3_88d8_e660efdb1545<>startIndex": 31, "6b292e23_361d_47c3_88d8_e660efdb1545<>endIndex": 88, "b3ddcabf_888f_45a3_82d3_3ce57403866a<>index": "BLOCK<>statements<>0<>propVars<>0", "b3ddcabf_888f_45a3_82d3_3ce57403866a<>type": "PROP_VAR", "b3ddcabf_888f_45a3_82d3_3ce57403866a<>parentBlockId": "a9e504e3_25e5_48a5_95ac_23af42d5ae7a", "b3ddcabf_888f_45a3_82d3_3ce57403866a<>name": "prop1", "b3ddcabf_888f_45a3_82d3_3ce57403866a<>schema<>selection": "anyOf", "b3ddcabf_888f_45a3_82d3_3ce57403866a<>schema<>types<>0<>type": "ANY", "f1c57d9f_0d53_46e2_948e_e8fed1c009a3<>index": "BLOCK<>statements<>0<>bodyConfig", "f1c57d9f_0d53_46e2_948e_e8fed1c009a3<>type": "BLOCK", "f1c57d9f_0d53_46e2_948e_e8fed1c009a3<>parentBlockId": "a9e504e3_25e5_48a5_95ac_23af42d5ae7a", "f1c57d9f_0d53_46e2_948e_e8fed1c009a3<>parentFunctionId": "6b292e23_361d_47c3_88d8_e660efdb1545", "f1c57d9f_0d53_46e2_948e_e8fed1c009a3<>parent_scope<>Main": "6b292e23_361d_47c3_88d8_e660efdb1545", "f1c57d9f_0d53_46e2_948e_e8fed1c009a3<>scope<>prop1": "b3ddcabf_888f_45a3_82d3_3ce57403866a", "f1c57d9f_0d53_46e2_948e_e8fed1c009a3<>startIndex": 59, "f1c57d9f_0d53_46e2_948e_e8fed1c009a3<>endIndex": 88, "b7f042fe_e264_45d4_aa38_03589ada3bb9<>index": "BLOCK<>statements<>0<>bodyConfig<>statements<>0", "b7f042fe_e264_45d4_aa38_03589ada3bb9<>type": "RETURN", "b7f042fe_e264_45d4_aa38_03589ada3bb9<>parentBlockId": "f1c57d9f_0d53_46e2_948e_e8fed1c009a3", "b7f042fe_e264_45d4_aa38_03589ada3bb9<>startIndex": 63, "b7f042fe_e264_45d4_aa38_03589ada3bb9<>endIndex": 85, "5325da8d_469e_4d2d_8a53_6e5bcc46aa74<>index": "BLOCK<>statements<>0<>bodyConfig<>statements<>0<>value", "5325da8d_469e_4d2d_8a53_6e5bcc46aa74<>type": "Element", "5325da8d_469e_4d2d_8a53_6e5bcc46aa74<>parentBlockId": "f1c57d9f_0d53_46e2_948e_e8fed1c009a3", "5325da8d_469e_4d2d_8a53_6e5bcc46aa74<>startIndex": 70, "5325da8d_469e_4d2d_8a53_6e5bcc46aa74<>endIndex": 85}