{"IMPORTS<>other<>0<>TYPE": "THIRD_PARTY", "IMPORTS<>other<>0<>from": "react", "IMPORTS<>other<>0<>import_entity": "React", "IMPORTS<>other<>0<>import_type": "SINGLE", "IMPORTS<>components": [], "EXPORTS<>default": "3c563cba_91c6_4f3d_a7a8_a8c37a6455b1", "EXPORTS<>others": [], "BLOCK<>type": "BLOCK", "BLOCK<>noWrap": 1, "BLOCK<>id": "ed2a11b0_a8ce_4608_9899_1e73c0765b88", "BLOCK<>statements<>0<>type": "REACT_COMPONENT", "BLOCK<>statements<>0<>id": "3c563cba_91c6_4f3d_a7a8_a8c37a6455b1", "BLOCK<>statements<>0<>name": "Createcontactinfo", "BLOCK<>statements<>0<>propVars": [], "BLOCK<>statements<>0<>bodyConfig<>type": "BLOCK", "BLOCK<>statements<>0<>bodyConfig<>statements<>0<>type": "REACT_USE_STATE", "BLOCK<>statements<>0<>bodyConfig<>statements<>0<>varName": "FormData", "BLOCK<>statements<>0<>bodyConfig<>statements<>0<>schema<>selection": "anyOf", "BLOCK<>statements<>0<>bodyConfig<>statements<>0<>schema<>types<>0<>$ref": "66fae3a2_c1ad_4f2d_84c7_741ac681e45a", "BLOCK<>statements<>0<>bodyConfig<>statements<>0<>defaultValue<>properties<>0<>name": "47f2dca9_f380_4ffc_991e_ac704682147c", "BLOCK<>statements<>0<>bodyConfig<>statements<>0<>defaultValue<>properties<>0<>propertyType": "NAMED", "BLOCK<>statements<>0<>bodyConfig<>statements<>0<>defaultValue<>properties<>0<>value<>type": "STRING", "BLOCK<>statements<>0<>bodyConfig<>statements<>0<>defaultValue<>properties<>0<>value<>value": "", "BLOCK<>statements<>0<>bodyConfig<>statements<>0<>defaultValue<>properties<>1<>name": "0e7f187d_5dd5_49d8_a0c1_bca945bd2c07", "BLOCK<>statements<>0<>bodyConfig<>statements<>0<>defaultValue<>properties<>1<>propertyType": "NAMED", "BLOCK<>statements<>0<>bodyConfig<>statements<>0<>defaultValue<>properties<>1<>value<>type": "STRING", "BLOCK<>statements<>0<>bodyConfig<>statements<>0<>defaultValue<>properties<>1<>value<>value": "", "BLOCK<>statements<>0<>bodyConfig<>statements<>0<>defaultValue<>properties<>2<>name": "2279dda1_4a35_42a3_8363_cf2a3987b010", "BLOCK<>statements<>0<>bodyConfig<>statements<>0<>defaultValue<>properties<>2<>propertyType": "NAMED", "BLOCK<>statements<>0<>bodyConfig<>statements<>0<>defaultValue<>properties<>2<>value<>type": "STRING", "BLOCK<>statements<>0<>bodyConfig<>statements<>0<>defaultValue<>properties<>2<>value<>value": "", "BLOCK<>statements<>0<>bodyConfig<>statements<>0<>defaultValue<>subSchema": "66fae3a2_c1ad_4f2d_84c7_741ac681e45a", "BLOCK<>statements<>0<>bodyConfig<>statements<>0<>defaultValue<>type": "OBJECT", "BLOCK<>statements<>0<>bodyConfig<>statements<>0<>description": "", "BLOCK<>statements<>0<>bodyConfig<>statements<>0<>id": "b9bc5e2d_ee23_4410_ab08_16aee1d8bef4", "BLOCK<>statements<>0<>bodyConfig<>statements<>0<>setterId": "8e412020_973e_45f5_b0f5_8a279fc37bec", "BLOCK<>statements<>0<>bodyConfig<>statements<>1<>type": "REACT_USE_STATE", "BLOCK<>statements<>0<>bodyConfig<>statements<>1<>varName": "error", "BLOCK<>statements<>0<>bodyConfig<>statements<>1<>schema<>selection": "anyOf", "BLOCK<>statements<>0<>bodyConfig<>statements<>1<>schema<>types<>0<>selection": "anyOf", "BLOCK<>statements<>0<>bodyConfig<>statements<>1<>schema<>types<>0<>types<>0<>type": "STRING", "BLOCK<>statements<>0<>bodyConfig<>statements<>1<>schema<>types<>0<>types<>1<>type": "NULL", "BLOCK<>statements<>0<>bodyConfig<>statements<>1<>defaultValue<>type": "NULL", "BLOCK<>statements<>0<>bodyConfig<>statements<>1<>description": "", "BLOCK<>statements<>0<>bodyConfig<>statements<>1<>id": "API_RES_ERROR_ID", "BLOCK<>statements<>0<>bodyConfig<>statements<>1<>setterId": "API_RES_ERROR_SETTER_ID", "BLOCK<>statements<>0<>bodyConfig<>statements<>2<>type": "FUNCTION", "BLOCK<>statements<>0<>bodyConfig<>statements<>2<>name": "handleFormChange", "BLOCK<>statements<>0<>bodyConfig<>statements<>2<>id": "92cf9639_083d_4ad8_9289_d6dd4acf8f30", "BLOCK<>statements<>0<>bodyConfig<>statements<>2<>isAsync": false, "BLOCK<>statements<>0<>bodyConfig<>statements<>2<>isAnonymous": false, "BLOCK<>statements<>0<>bodyConfig<>statements<>2<>description": "", "BLOCK<>statements<>0<>bodyConfig<>statements<>2<>schema<>type": "FUNCTION", "BLOCK<>statements<>0<>bodyConfig<>statements<>2<>schema<>returnType<>selection": "anyOf", "BLOCK<>statements<>0<>bodyConfig<>statements<>2<>schema<>returnType<>types<>0<>type": "VOID", "BLOCK<>statements<>0<>bodyConfig<>statements<>2<>schema<>parameters<>0<>defaultValue": null, "BLOCK<>statements<>0<>bodyConfig<>statements<>2<>schema<>parameters<>0<>description": "", "BLOCK<>statements<>0<>bodyConfig<>statements<>2<>schema<>parameters<>0<>id": "f48bd1a5_4153_4225_acaf_d94dc65b7e74", "BLOCK<>statements<>0<>bodyConfig<>statements<>2<>schema<>parameters<>0<>isRequired": false, "BLOCK<>statements<>0<>bodyConfig<>statements<>2<>schema<>parameters<>0<>name": "e", "BLOCK<>statements<>0<>bodyConfig<>statements<>2<>schema<>parameters<>0<>schema<>selection": "anyOf", "BLOCK<>statements<>0<>bodyConfig<>statements<>2<>schema<>parameters<>0<>schema<>types<>0<>type": "ANY", "BLOCK<>statements<>0<>bodyConfig<>statements<>2<>bodyConfig<>type": "BLOCK", "BLOCK<>statements<>0<>bodyConfig<>statements<>2<>bodyConfig<>statements<>0<>$ref": "8e412020_973e_45f5_b0f5_8a279fc37bec", "BLOCK<>statements<>0<>bodyConfig<>statements<>2<>bodyConfig<>statements<>0<>callType": "functionCall", "BLOCK<>statements<>0<>bodyConfig<>statements<>2<>bodyConfig<>statements<>0<>id": "cea43cb9_02eb_423d_a9ce_55242ae96c22", "BLOCK<>statements<>0<>bodyConfig<>statements<>2<>bodyConfig<>statements<>0<>isAwaited": false, "BLOCK<>statements<>0<>bodyConfig<>statements<>2<>bodyConfig<>statements<>0<>parameters<>0<>bodyConfig<>id": "e9b93b98_c112_4a9b_95c1_03f7c6924429", "BLOCK<>statements<>0<>bodyConfig<>statements<>2<>bodyConfig<>statements<>0<>parameters<>0<>bodyConfig<>statements<>0<>body": "", "BLOCK<>statements<>0<>bodyConfig<>statements<>2<>bodyConfig<>statements<>0<>parameters<>0<>bodyConfig<>statements<>0<>id": "d979bd75_1f82_48d6_9555_19e1a04f2c5b", "BLOCK<>statements<>0<>bodyConfig<>statements<>2<>bodyConfig<>statements<>0<>parameters<>0<>bodyConfig<>statements<>0<>type": "CUSTOM", "BLOCK<>statements<>0<>bodyConfig<>statements<>2<>bodyConfig<>statements<>0<>parameters<>0<>bodyConfig<>statements<>1<>id": "180bad42_62dd_47a9_846f_bd58d97596c5", "BLOCK<>statements<>0<>bodyConfig<>statements<>2<>bodyConfig<>statements<>0<>parameters<>0<>bodyConfig<>statements<>1<>type": "RETURN", "BLOCK<>statements<>0<>bodyConfig<>statements<>2<>bodyConfig<>statements<>0<>parameters<>0<>bodyConfig<>statements<>1<>value<>properties<>0<>keyValue": "", "BLOCK<>statements<>0<>bodyConfig<>statements<>2<>bodyConfig<>statements<>0<>parameters<>0<>bodyConfig<>statements<>1<>value<>properties<>0<>name": "", "BLOCK<>statements<>0<>bodyConfig<>statements<>2<>bodyConfig<>statements<>0<>parameters<>0<>bodyConfig<>statements<>1<>value<>properties<>0<>propertyType": "DESTRUCTURED", "BLOCK<>statements<>0<>bodyConfig<>statements<>2<>bodyConfig<>statements<>0<>parameters<>0<>bodyConfig<>statements<>1<>value<>properties<>0<>value<>$ref": "6a68309a_c540_460e_9397_caf0dd25a734", "BLOCK<>statements<>0<>bodyConfig<>statements<>2<>bodyConfig<>statements<>0<>parameters<>0<>bodyConfig<>statements<>1<>value<>properties<>0<>value<>label": "prev", "BLOCK<>statements<>0<>bodyConfig<>statements<>2<>bodyConfig<>statements<>0<>parameters<>0<>bodyConfig<>statements<>1<>value<>properties<>0<>value<>schema<>type": "ANY", "BLOCK<>statements<>0<>bodyConfig<>statements<>2<>bodyConfig<>statements<>0<>parameters<>0<>bodyConfig<>statements<>1<>value<>properties<>0<>value<>type": "SCOPE_VAR", "BLOCK<>statements<>0<>bodyConfig<>statements<>2<>bodyConfig<>statements<>0<>parameters<>0<>bodyConfig<>statements<>1<>value<>properties<>1<>keyValue<>type": "CUSTOM", "BLOCK<>statements<>0<>bodyConfig<>statements<>2<>bodyConfig<>statements<>0<>parameters<>0<>bodyConfig<>statements<>1<>value<>properties<>1<>keyValue<>value": "e.target.name", "BLOCK<>statements<>0<>bodyConfig<>statements<>2<>bodyConfig<>statements<>0<>parameters<>0<>bodyConfig<>statements<>1<>value<>properties<>1<>name": "", "BLOCK<>statements<>0<>bodyConfig<>statements<>2<>bodyConfig<>statements<>0<>parameters<>0<>bodyConfig<>statements<>1<>value<>properties<>1<>propertyType": "KEYED", "BLOCK<>statements<>0<>bodyConfig<>statements<>2<>bodyConfig<>statements<>0<>parameters<>0<>bodyConfig<>statements<>1<>value<>properties<>1<>value<>type": "CUSTOM", "BLOCK<>statements<>0<>bodyConfig<>statements<>2<>bodyConfig<>statements<>0<>parameters<>0<>bodyConfig<>statements<>1<>value<>properties<>1<>value<>value": "          e.target.type === \"checkbox\" ? e.target.checked : e.target.value\n", "BLOCK<>statements<>0<>bodyConfig<>statements<>2<>bodyConfig<>statements<>0<>parameters<>0<>bodyConfig<>statements<>1<>value<>type": "OBJECT", "BLOCK<>statements<>0<>bodyConfig<>statements<>2<>bodyConfig<>statements<>0<>parameters<>0<>bodyConfig<>type": "BLOCK", "BLOCK<>statements<>0<>bodyConfig<>statements<>2<>bodyConfig<>statements<>0<>parameters<>0<>id": "45e8f522_6fc7_4c1f_9ca5_6bc2159629cb", "BLOCK<>statements<>0<>bodyConfig<>statements<>2<>bodyConfig<>statements<>0<>parameters<>0<>isAnonymous": true, "BLOCK<>statements<>0<>bodyConfig<>statements<>2<>bodyConfig<>statements<>0<>parameters<>0<>isAsync": false, "BLOCK<>statements<>0<>bodyConfig<>statements<>2<>bodyConfig<>statements<>0<>parameters<>0<>schema<>parameters<>0<>defaultValue": null, "BLOCK<>statements<>0<>bodyConfig<>statements<>2<>bodyConfig<>statements<>0<>parameters<>0<>schema<>parameters<>0<>description": "", "BLOCK<>statements<>0<>bodyConfig<>statements<>2<>bodyConfig<>statements<>0<>parameters<>0<>schema<>parameters<>0<>id": "6a68309a_c540_460e_9397_caf0dd25a734", "BLOCK<>statements<>0<>bodyConfig<>statements<>2<>bodyConfig<>statements<>0<>parameters<>0<>schema<>parameters<>0<>isRequired": false, "BLOCK<>statements<>0<>bodyConfig<>statements<>2<>bodyConfig<>statements<>0<>parameters<>0<>schema<>parameters<>0<>name": "prev", "BLOCK<>statements<>0<>bodyConfig<>statements<>2<>bodyConfig<>statements<>0<>parameters<>0<>schema<>parameters<>0<>schema<>selection": "anyOf", "BLOCK<>statements<>0<>bodyConfig<>statements<>2<>bodyConfig<>statements<>0<>parameters<>0<>schema<>parameters<>0<>schema<>types<>0<>$ref": "66fae3a2_c1ad_4f2d_84c7_741ac681e45a", "BLOCK<>statements<>0<>bodyConfig<>statements<>2<>bodyConfig<>statements<>0<>parameters<>0<>schema<>returnType<>selection": "anyOf", "BLOCK<>statements<>0<>bodyConfig<>statements<>2<>bodyConfig<>statements<>0<>parameters<>0<>schema<>returnType<>types<>0<>type": "any", "BLOCK<>statements<>0<>bodyConfig<>statements<>2<>bodyConfig<>statements<>0<>parameters<>0<>schema<>type": "FUNCTION", "BLOCK<>statements<>0<>bodyConfig<>statements<>2<>bodyConfig<>statements<>0<>parameters<>0<>type": "FUNCTION", "BLOCK<>statements<>0<>bodyConfig<>statements<>2<>bodyConfig<>statements<>0<>refType": "SCOPE_VAR", "BLOCK<>statements<>0<>bodyConfig<>statements<>2<>bodyConfig<>statements<>0<>type": "FUNCTION_CALL", "BLOCK<>statements<>0<>bodyConfig<>statements<>2<>bodyConfig<>statements<>0<>label": "setFormdata()", "BLOCK<>statements<>0<>bodyConfig<>statements<>2<>bodyConfig<>id": "c7989a8e_b330_4ebc_9df3_5dbb168b0ac1", "BLOCK<>statements<>0<>bodyConfig<>statements<>3<>type": "FUNCTION", "BLOCK<>statements<>0<>bodyConfig<>statements<>3<>name": "handleFormSubmit", "BLOCK<>statements<>0<>bodyConfig<>statements<>3<>id": "0e38b72b_29ab_4be7_9abc_0dd4175a6bc7", "BLOCK<>statements<>0<>bodyConfig<>statements<>3<>isAsync": true, "BLOCK<>statements<>0<>bodyConfig<>statements<>3<>isAnonymous": false, "BLOCK<>statements<>0<>bodyConfig<>statements<>3<>description": "", "BLOCK<>statements<>0<>bodyConfig<>statements<>3<>schema<>type": "FUNCTION", "BLOCK<>statements<>0<>bodyConfig<>statements<>3<>schema<>returnType<>selection": "anyOf", "BLOCK<>statements<>0<>bodyConfig<>statements<>3<>schema<>returnType<>types<>0<>type": "VOID", "BLOCK<>statements<>0<>bodyConfig<>statements<>3<>schema<>parameters<>0<>defaultValue": null, "BLOCK<>statements<>0<>bodyConfig<>statements<>3<>schema<>parameters<>0<>description": "", "BLOCK<>statements<>0<>bodyConfig<>statements<>3<>schema<>parameters<>0<>id": "7aef961d_21ed_48b9_a1a6_7254899d3c43", "BLOCK<>statements<>0<>bodyConfig<>statements<>3<>schema<>parameters<>0<>isRequired": false, "BLOCK<>statements<>0<>bodyConfig<>statements<>3<>schema<>parameters<>0<>name": "e", "BLOCK<>statements<>0<>bodyConfig<>statements<>3<>schema<>parameters<>0<>schema<>selection": "anyOf", "BLOCK<>statements<>0<>bodyConfig<>statements<>3<>schema<>parameters<>0<>schema<>types<>0<>type": "ANY", "BLOCK<>statements<>0<>bodyConfig<>statements<>3<>bodyConfig<>type": "BLOCK", "BLOCK<>statements<>0<>bodyConfig<>statements<>3<>bodyConfig<>statements<>0<>catchBody<>id": "d21721e9_a47b_4105_a0fe_09e3afa47641", "BLOCK<>statements<>0<>bodyConfig<>statements<>3<>bodyConfig<>statements<>0<>catchBody<>statements<>0<>$ref": "API_RES_ERROR_SETTER_ID", "BLOCK<>statements<>0<>bodyConfig<>statements<>3<>bodyConfig<>statements<>0<>catchBody<>statements<>0<>callType": "functionCall", "BLOCK<>statements<>0<>bodyConfig<>statements<>3<>bodyConfig<>statements<>0<>catchBody<>statements<>0<>id": "23107a3e_693b_4a44_b287_bc7b10f53689", "BLOCK<>statements<>0<>bodyConfig<>statements<>3<>bodyConfig<>statements<>0<>catchBody<>statements<>0<>isAwaited": false, "BLOCK<>statements<>0<>bodyConfig<>statements<>3<>bodyConfig<>statements<>0<>catchBody<>statements<>0<>label": "setError()", "BLOCK<>statements<>0<>bodyConfig<>statements<>3<>bodyConfig<>statements<>0<>catchBody<>statements<>0<>parameters<>0<>type": "STRING", "BLOCK<>statements<>0<>bodyConfig<>statements<>3<>bodyConfig<>statements<>0<>catchBody<>statements<>0<>parameters<>0<>value": "Something went wrong. Please try again", "BLOCK<>statements<>0<>bodyConfig<>statements<>3<>bodyConfig<>statements<>0<>catchBody<>statements<>0<>refType": "SCOPE_VAR", "BLOCK<>statements<>0<>bodyConfig<>statements<>3<>bodyConfig<>statements<>0<>catchBody<>statements<>0<>type": "FUNCTION_CALL", "BLOCK<>statements<>0<>bodyConfig<>statements<>3<>bodyConfig<>statements<>0<>catchBody<>type": "BLOCK", "BLOCK<>statements<>0<>bodyConfig<>statements<>3<>bodyConfig<>statements<>0<>finallyBody<>id": "4b2adba8_e683_4d6c_8559_ad0b39447eeb", "BLOCK<>statements<>0<>bodyConfig<>statements<>3<>bodyConfig<>statements<>0<>finallyBody<>statements": [], "BLOCK<>statements<>0<>bodyConfig<>statements<>3<>bodyConfig<>statements<>0<>finallyBody<>type": "BLOCK", "BLOCK<>statements<>0<>bodyConfig<>statements<>3<>bodyConfig<>statements<>0<>id": "d4d81669_5c28_429c_af12_d40ea9901e2f", "BLOCK<>statements<>0<>bodyConfig<>statements<>3<>bodyConfig<>statements<>0<>tryBody<>id": "1fad6484_d470_44a0_b111_5412957804ff", "BLOCK<>statements<>0<>bodyConfig<>statements<>3<>bodyConfig<>statements<>0<>tryBody<>statements<>0<>body": "e.preventDefault()", "BLOCK<>statements<>0<>bodyConfig<>statements<>3<>bodyConfig<>statements<>0<>tryBody<>statements<>0<>id": "4ba361ff_e3ef_44fe_af56_595d7b2172e7", "BLOCK<>statements<>0<>bodyConfig<>statements<>3<>bodyConfig<>statements<>0<>tryBody<>statements<>0<>type": "CUSTOM", "BLOCK<>statements<>0<>bodyConfig<>statements<>3<>bodyConfig<>statements<>0<>tryBody<>statements<>1<>declarationType": "const", "BLOCK<>statements<>0<>bodyConfig<>statements<>3<>bodyConfig<>statements<>0<>tryBody<>statements<>1<>id": "f0b06ed2_08be_4029_aec5_90b5529966cb", "BLOCK<>statements<>0<>bodyConfig<>statements<>3<>bodyConfig<>statements<>0<>tryBody<>statements<>1<>schema<>selection": "anyOf", "BLOCK<>statements<>0<>bodyConfig<>statements<>3<>bodyConfig<>statements<>0<>tryBody<>statements<>1<>schema<>types<>0<>type": "ANY", "BLOCK<>statements<>0<>bodyConfig<>statements<>3<>bodyConfig<>statements<>0<>tryBody<>statements<>1<>type": "DECLARATION", "BLOCK<>statements<>0<>bodyConfig<>statements<>3<>bodyConfig<>statements<>0<>tryBody<>statements<>1<>value<>$ref": "008c73fb_7b58_43b1_91b1_ea59435261be", "BLOCK<>statements<>0<>bodyConfig<>statements<>3<>bodyConfig<>statements<>0<>tryBody<>statements<>1<>value<>callType": "serviceCall", "BLOCK<>statements<>0<>bodyConfig<>statements<>3<>bodyConfig<>statements<>0<>tryBody<>statements<>1<>value<>id": "abc07c46_a522_49c3_9480_59e8d5ff438a", "BLOCK<>statements<>0<>bodyConfig<>statements<>3<>bodyConfig<>statements<>0<>tryBody<>statements<>1<>value<>isAwaited": true, "BLOCK<>statements<>0<>bodyConfig<>statements<>3<>bodyConfig<>statements<>0<>tryBody<>statements<>1<>value<>parameters<>0<>$ref": "b9bc5e2d_ee23_4410_ab08_16aee1d8bef4", "BLOCK<>statements<>0<>bodyConfig<>statements<>3<>bodyConfig<>statements<>0<>tryBody<>statements<>1<>value<>parameters<>0<>label": "FormData", "BLOCK<>statements<>0<>bodyConfig<>statements<>3<>bodyConfig<>statements<>0<>tryBody<>statements<>1<>value<>parameters<>0<>schema<>type": "ANY", "BLOCK<>statements<>0<>bodyConfig<>statements<>3<>bodyConfig<>statements<>0<>tryBody<>statements<>1<>value<>parameters<>0<>type": "SCOPE_VAR", "BLOCK<>statements<>0<>bodyConfig<>statements<>3<>bodyConfig<>statements<>0<>tryBody<>statements<>1<>value<>refType": "ENTITY", "BLOCK<>statements<>0<>bodyConfig<>statements<>3<>bodyConfig<>statements<>0<>tryBody<>statements<>1<>value<>type": "FUNCTION_CALL", "BLOCK<>statements<>0<>bodyConfig<>statements<>3<>bodyConfig<>statements<>0<>tryBody<>statements<>1<>value<>label": "getProfiles()", "BLOCK<>statements<>0<>bodyConfig<>statements<>3<>bodyConfig<>statements<>0<>tryBody<>statements<>1<>varName": "response", "BLOCK<>statements<>0<>bodyConfig<>statements<>3<>bodyConfig<>statements<>0<>tryBody<>statements<>2<>$ref": "API_RES_ERROR_SETTER_ID", "BLOCK<>statements<>0<>bodyConfig<>statements<>3<>bodyConfig<>statements<>0<>tryBody<>statements<>2<>callType": "functionCall", "BLOCK<>statements<>0<>bodyConfig<>statements<>3<>bodyConfig<>statements<>0<>tryBody<>statements<>2<>id": "002100b2_5eaa_426e_8520_bc56e3586091", "BLOCK<>statements<>0<>bodyConfig<>statements<>3<>bodyConfig<>statements<>0<>tryBody<>statements<>2<>isAwaited": false, "BLOCK<>statements<>0<>bodyConfig<>statements<>3<>bodyConfig<>statements<>0<>tryBody<>statements<>2<>label": "setError()", "BLOCK<>statements<>0<>bodyConfig<>statements<>3<>bodyConfig<>statements<>0<>tryBody<>statements<>2<>parameters<>0<>type": "NULL", "BLOCK<>statements<>0<>bodyConfig<>statements<>3<>bodyConfig<>statements<>0<>tryBody<>statements<>2<>refType": "SCOPE_VAR", "BLOCK<>statements<>0<>bodyConfig<>statements<>3<>bodyConfig<>statements<>0<>tryBody<>statements<>2<>type": "FUNCTION_CALL", "BLOCK<>statements<>0<>bodyConfig<>statements<>3<>bodyConfig<>statements<>0<>tryBody<>type": "BLOCK", "BLOCK<>statements<>0<>bodyConfig<>statements<>3<>bodyConfig<>statements<>0<>type": "TRY_CATCH", "BLOCK<>statements<>0<>bodyConfig<>statements<>3<>bodyConfig<>id": "8037caa8_73c4_4ea2_9c31_89b843a39fd3", "BLOCK<>statements<>0<>bodyConfig<>statements<>4<>type": "RETURN", "BLOCK<>statements<>0<>bodyConfig<>statements<>4<>value<>attributes": {}, "BLOCK<>statements<>0<>bodyConfig<>statements<>4<>value<>children<>0<>attributes<>onSubmit<>$ref": "0e38b72b_29ab_4be7_9abc_0dd4175a6bc7", "BLOCK<>statements<>0<>bodyConfig<>statements<>4<>value<>children<>0<>attributes<>onSubmit<>label": "handleFormSubmit", "BLOCK<>statements<>0<>bodyConfig<>statements<>4<>value<>children<>0<>attributes<>onSubmit<>schema<>parameters<>0<>defaultValue": null, "BLOCK<>statements<>0<>bodyConfig<>statements<>4<>value<>children<>0<>attributes<>onSubmit<>schema<>parameters<>0<>description": "", "BLOCK<>statements<>0<>bodyConfig<>statements<>4<>value<>children<>0<>attributes<>onSubmit<>schema<>parameters<>0<>id": "7aef961d_21ed_48b9_a1a6_7254899d3c43", "BLOCK<>statements<>0<>bodyConfig<>statements<>4<>value<>children<>0<>attributes<>onSubmit<>schema<>parameters<>0<>isRequired": false, "BLOCK<>statements<>0<>bodyConfig<>statements<>4<>value<>children<>0<>attributes<>onSubmit<>schema<>parameters<>0<>name": "e", "BLOCK<>statements<>0<>bodyConfig<>statements<>4<>value<>children<>0<>attributes<>onSubmit<>schema<>parameters<>0<>schema<>selection": "anyOf", "BLOCK<>statements<>0<>bodyConfig<>statements<>4<>value<>children<>0<>attributes<>onSubmit<>schema<>parameters<>0<>schema<>types<>0<>type": "ANY", "BLOCK<>statements<>0<>bodyConfig<>statements<>4<>value<>children<>0<>attributes<>onSubmit<>schema<>returnType<>selection": "anyOf", "BLOCK<>statements<>0<>bodyConfig<>statements<>4<>value<>children<>0<>attributes<>onSubmit<>schema<>returnType<>types<>0<>type": "VOID", "BLOCK<>statements<>0<>bodyConfig<>statements<>4<>value<>children<>0<>attributes<>onSubmit<>schema<>type": "FUNCTION", "BLOCK<>statements<>0<>bodyConfig<>statements<>4<>value<>children<>0<>attributes<>onSubmit<>type": "SCOPE_VAR", "BLOCK<>statements<>0<>bodyConfig<>statements<>4<>value<>children<>0<>attributes<>style<>type": "OBJECT", "BLOCK<>statements<>0<>bodyConfig<>statements<>4<>value<>children<>0<>attributes<>style<>properties<>0<>name": "maxWidth", "BLOCK<>statements<>0<>bodyConfig<>statements<>4<>value<>children<>0<>attributes<>style<>properties<>0<>propertyType": "NAMED", "BLOCK<>statements<>0<>bodyConfig<>statements<>4<>value<>children<>0<>attributes<>style<>properties<>0<>value<>type": "STRING", "BLOCK<>statements<>0<>bodyConfig<>statements<>4<>value<>children<>0<>attributes<>style<>properties<>0<>value<>value": "400px", "BLOCK<>statements<>0<>bodyConfig<>statements<>4<>value<>children<>0<>attributes<>style<>properties<>1<>name": "margin", "BLOCK<>statements<>0<>bodyConfig<>statements<>4<>value<>children<>0<>attributes<>style<>properties<>1<>propertyType": "NAMED", "BLOCK<>statements<>0<>bodyConfig<>statements<>4<>value<>children<>0<>attributes<>style<>properties<>1<>value<>type": "STRING", "BLOCK<>statements<>0<>bodyConfig<>statements<>4<>value<>children<>0<>attributes<>style<>properties<>1<>value<>value": "40px auto", "BLOCK<>statements<>0<>bodyConfig<>statements<>4<>value<>children<>0<>attributes<>style<>properties<>2<>name": "padding", "BLOCK<>statements<>0<>bodyConfig<>statements<>4<>value<>children<>0<>attributes<>style<>properties<>2<>propertyType": "NAMED", "BLOCK<>statements<>0<>bodyConfig<>statements<>4<>value<>children<>0<>attributes<>style<>properties<>2<>value<>type": "STRING", "BLOCK<>statements<>0<>bodyConfig<>statements<>4<>value<>children<>0<>attributes<>style<>properties<>2<>value<>value": "20px", "BLOCK<>statements<>0<>bodyConfig<>statements<>4<>value<>children<>0<>attributes<>style<>properties<>3<>name": "backgroundColor", "BLOCK<>statements<>0<>bodyConfig<>statements<>4<>value<>children<>0<>attributes<>style<>properties<>3<>propertyType": "NAMED", "BLOCK<>statements<>0<>bodyConfig<>statements<>4<>value<>children<>0<>attributes<>style<>properties<>3<>value<>type": "STRING", "BLOCK<>statements<>0<>bodyConfig<>statements<>4<>value<>children<>0<>attributes<>style<>properties<>3<>value<>value": "#f9f9f9", "BLOCK<>statements<>0<>bodyConfig<>statements<>4<>value<>children<>0<>attributes<>style<>properties<>4<>name": "border", "BLOCK<>statements<>0<>bodyConfig<>statements<>4<>value<>children<>0<>attributes<>style<>properties<>4<>propertyType": "NAMED", "BLOCK<>statements<>0<>bodyConfig<>statements<>4<>value<>children<>0<>attributes<>style<>properties<>4<>value<>type": "STRING", "BLOCK<>statements<>0<>bodyConfig<>statements<>4<>value<>children<>0<>attributes<>style<>properties<>4<>value<>value": "1px solid #ddd", "BLOCK<>statements<>0<>bodyConfig<>statements<>4<>value<>children<>0<>attributes<>style<>properties<>5<>name": "borderRadius", "BLOCK<>statements<>0<>bodyConfig<>statements<>4<>value<>children<>0<>attributes<>style<>properties<>5<>propertyType": "NAMED", "BLOCK<>statements<>0<>bodyConfig<>statements<>4<>value<>children<>0<>attributes<>style<>properties<>5<>value<>type": "STRING", "BLOCK<>statements<>0<>bodyConfig<>statements<>4<>value<>children<>0<>attributes<>style<>properties<>5<>value<>value": "8px", "BLOCK<>statements<>0<>bodyConfig<>statements<>4<>value<>children<>0<>attributes<>style<>properties<>6<>name": "boxShadow", "BLOCK<>statements<>0<>bodyConfig<>statements<>4<>value<>children<>0<>attributes<>style<>properties<>6<>propertyType": "NAMED", "BLOCK<>statements<>0<>bodyConfig<>statements<>4<>value<>children<>0<>attributes<>style<>properties<>6<>value<>type": "STRING", "BLOCK<>statements<>0<>bodyConfig<>statements<>4<>value<>children<>0<>attributes<>style<>properties<>6<>value<>value": "0 2px 8px rgba(0, 0, 0, 0.1)", "BLOCK<>statements<>0<>bodyConfig<>statements<>4<>value<>children<>0<>children<>0<>condition<>$ref": "API_RES_ERROR_ID", "BLOCK<>statements<>0<>bodyConfig<>statements<>4<>value<>children<>0<>children<>0<>condition<>label": "error", "BLOCK<>statements<>0<>bodyConfig<>statements<>4<>value<>children<>0<>children<>0<>condition<>schema<>selection": "anyOf", "BLOCK<>statements<>0<>bodyConfig<>statements<>4<>value<>children<>0<>children<>0<>condition<>schema<>types<>0<>type": "STRING", "BLOCK<>statements<>0<>bodyConfig<>statements<>4<>value<>children<>0<>children<>0<>condition<>schema<>types<>1<>type": "NULL", "BLOCK<>statements<>0<>bodyConfig<>statements<>4<>value<>children<>0<>children<>0<>condition<>type": "SCOPE_VAR", "BLOCK<>statements<>0<>bodyConfig<>statements<>4<>value<>children<>0<>children<>0<>elementType": "CONDITIONAL", "BLOCK<>statements<>0<>bodyConfig<>statements<>4<>value<>children<>0<>children<>0<>falseCase": null, "BLOCK<>statements<>0<>bodyConfig<>statements<>4<>value<>children<>0<>children<>0<>id": "9ef3ab8b_f3b7_4b6c_87d7_25119ada4aa9", "BLOCK<>statements<>0<>bodyConfig<>statements<>4<>value<>children<>0<>children<>0<>trueCase<>attributes<>className<>type": "STRING", "BLOCK<>statements<>0<>bodyConfig<>statements<>4<>value<>children<>0<>children<>0<>trueCase<>attributes<>className<>value": "d-flex mb-1 justify-content-center", "BLOCK<>statements<>0<>bodyConfig<>statements<>4<>value<>children<>0<>children<>0<>trueCase<>attributes<>style<>properties<>0<>keyValue": "", "BLOCK<>statements<>0<>bodyConfig<>statements<>4<>value<>children<>0<>children<>0<>trueCase<>attributes<>style<>properties<>0<>name": "color", "BLOCK<>statements<>0<>bodyConfig<>statements<>4<>value<>children<>0<>children<>0<>trueCase<>attributes<>style<>properties<>0<>propertyType": "NAMED", "BLOCK<>statements<>0<>bodyConfig<>statements<>4<>value<>children<>0<>children<>0<>trueCase<>attributes<>style<>properties<>0<>value<>type": "STRING", "BLOCK<>statements<>0<>bodyConfig<>statements<>4<>value<>children<>0<>children<>0<>trueCase<>attributes<>style<>properties<>0<>value<>value": "red", "BLOCK<>statements<>0<>bodyConfig<>statements<>4<>value<>children<>0<>children<>0<>trueCase<>attributes<>style<>properties<>1<>keyValue": "", "BLOCK<>statements<>0<>bodyConfig<>statements<>4<>value<>children<>0<>children<>0<>trueCase<>attributes<>style<>properties<>1<>name": "fontSize", "BLOCK<>statements<>0<>bodyConfig<>statements<>4<>value<>children<>0<>children<>0<>trueCase<>attributes<>style<>properties<>1<>propertyType": "NAMED", "BLOCK<>statements<>0<>bodyConfig<>statements<>4<>value<>children<>0<>children<>0<>trueCase<>attributes<>style<>properties<>1<>value<>type": "STRING", "BLOCK<>statements<>0<>bodyConfig<>statements<>4<>value<>children<>0<>children<>0<>trueCase<>attributes<>style<>properties<>1<>value<>value": "14px", "BLOCK<>statements<>0<>bodyConfig<>statements<>4<>value<>children<>0<>children<>0<>trueCase<>attributes<>style<>type": "OBJECT", "BLOCK<>statements<>0<>bodyConfig<>statements<>4<>value<>children<>0<>children<>0<>trueCase<>children<>0<>children": [], "BLOCK<>statements<>0<>bodyConfig<>statements<>4<>value<>children<>0<>children<>0<>trueCase<>children<>0<>elementType": "TEXT", "BLOCK<>statements<>0<>bodyConfig<>statements<>4<>value<>children<>0<>children<>0<>trueCase<>children<>0<>id": "22abe637_4cac_4102_a01b_c0a321868366", "BLOCK<>statements<>0<>bodyConfig<>statements<>4<>value<>children<>0<>children<>0<>trueCase<>children<>0<>textType": "value", "BLOCK<>statements<>0<>bodyConfig<>statements<>4<>value<>children<>0<>children<>0<>trueCase<>children<>0<>type": "Element", "BLOCK<>statements<>0<>bodyConfig<>statements<>4<>value<>children<>0<>children<>0<>trueCase<>children<>0<>value<>$ref": "API_RES_ERROR_ID", "BLOCK<>statements<>0<>bodyConfig<>statements<>4<>value<>children<>0<>children<>0<>trueCase<>children<>0<>value<>label": "error", "BLOCK<>statements<>0<>bodyConfig<>statements<>4<>value<>children<>0<>children<>0<>trueCase<>children<>0<>value<>schema<>selection": "anyOf", "BLOCK<>statements<>0<>bodyConfig<>statements<>4<>value<>children<>0<>children<>0<>trueCase<>children<>0<>value<>schema<>types<>0<>type": "STRING", "BLOCK<>statements<>0<>bodyConfig<>statements<>4<>value<>children<>0<>children<>0<>trueCase<>children<>0<>value<>schema<>types<>1<>type": "NULL", "BLOCK<>statements<>0<>bodyConfig<>statements<>4<>value<>children<>0<>children<>0<>trueCase<>children<>0<>value<>type": "SCOPE_VAR", "BLOCK<>statements<>0<>bodyConfig<>statements<>4<>value<>children<>0<>children<>0<>trueCase<>elementType": "html", "BLOCK<>statements<>0<>bodyConfig<>statements<>4<>value<>children<>0<>children<>0<>trueCase<>id": "79b3fb38_2b32_4e85_9b38_aced68d608d2", "BLOCK<>statements<>0<>bodyConfig<>statements<>4<>value<>children<>0<>children<>0<>trueCase<>label": "Jsx", "BLOCK<>statements<>0<>bodyConfig<>statements<>4<>value<>children<>0<>children<>0<>trueCase<>tagName": "div", "BLOCK<>statements<>0<>bodyConfig<>statements<>4<>value<>children<>0<>children<>0<>trueCase<>type": "Element", "BLOCK<>statements<>0<>bodyConfig<>statements<>4<>value<>children<>0<>children<>0<>type": "Element", "BLOCK<>statements<>0<>bodyConfig<>statements<>4<>value<>children<>0<>children<>1<>attributes<>htmlFor<>type": "STRING", "BLOCK<>statements<>0<>bodyConfig<>statements<>4<>value<>children<>0<>children<>1<>attributes<>htmlFor<>value": "email", "BLOCK<>statements<>0<>bodyConfig<>statements<>4<>value<>children<>0<>children<>1<>attributes<>style<>type": "OBJECT", "BLOCK<>statements<>0<>bodyConfig<>statements<>4<>value<>children<>0<>children<>1<>attributes<>style<>properties<>0<>name": "display", "BLOCK<>statements<>0<>bodyConfig<>statements<>4<>value<>children<>0<>children<>1<>attributes<>style<>properties<>0<>propertyType": "NAMED", "BLOCK<>statements<>0<>bodyConfig<>statements<>4<>value<>children<>0<>children<>1<>attributes<>style<>properties<>0<>value<>type": "STRING", "BLOCK<>statements<>0<>bodyConfig<>statements<>4<>value<>children<>0<>children<>1<>attributes<>style<>properties<>0<>value<>value": "block", "BLOCK<>statements<>0<>bodyConfig<>statements<>4<>value<>children<>0<>children<>1<>attributes<>style<>properties<>1<>name": "marginBottom", "BLOCK<>statements<>0<>bodyConfig<>statements<>4<>value<>children<>0<>children<>1<>attributes<>style<>properties<>1<>propertyType": "NAMED", "BLOCK<>statements<>0<>bodyConfig<>statements<>4<>value<>children<>0<>children<>1<>attributes<>style<>properties<>1<>value<>type": "STRING", "BLOCK<>statements<>0<>bodyConfig<>statements<>4<>value<>children<>0<>children<>1<>attributes<>style<>properties<>1<>value<>value": "8px", "BLOCK<>statements<>0<>bodyConfig<>statements<>4<>value<>children<>0<>children<>1<>attributes<>style<>properties<>2<>name": "fontWeight", "BLOCK<>statements<>0<>bodyConfig<>statements<>4<>value<>children<>0<>children<>1<>attributes<>style<>properties<>2<>propertyType": "NAMED", "BLOCK<>statements<>0<>bodyConfig<>statements<>4<>value<>children<>0<>children<>1<>attributes<>style<>properties<>2<>value<>type": "STRING", "BLOCK<>statements<>0<>bodyConfig<>statements<>4<>value<>children<>0<>children<>1<>attributes<>style<>properties<>2<>value<>value": "600", "BLOCK<>statements<>0<>bodyConfig<>statements<>4<>value<>children<>0<>children<>1<>attributes<>style<>properties<>3<>name": "color", "BLOCK<>statements<>0<>bodyConfig<>statements<>4<>value<>children<>0<>children<>1<>attributes<>style<>properties<>3<>propertyType": "NAMED", "BLOCK<>statements<>0<>bodyConfig<>statements<>4<>value<>children<>0<>children<>1<>attributes<>style<>properties<>3<>value<>type": "STRING", "BLOCK<>statements<>0<>bodyConfig<>statements<>4<>value<>children<>0<>children<>1<>attributes<>style<>properties<>3<>value<>value": "#333", "BLOCK<>statements<>0<>bodyConfig<>statements<>4<>value<>children<>0<>children<>1<>attributes<>style<>properties<>4<>name": "fontSize", "BLOCK<>statements<>0<>bodyConfig<>statements<>4<>value<>children<>0<>children<>1<>attributes<>style<>properties<>4<>propertyType": "NAMED", "BLOCK<>statements<>0<>bodyConfig<>statements<>4<>value<>children<>0<>children<>1<>attributes<>style<>properties<>4<>value<>type": "STRING", "BLOCK<>statements<>0<>bodyConfig<>statements<>4<>value<>children<>0<>children<>1<>attributes<>style<>properties<>4<>value<>value": "14px", "BLOCK<>statements<>0<>bodyConfig<>statements<>4<>value<>children<>0<>children<>1<>children<>0<>children": [], "BLOCK<>statements<>0<>bodyConfig<>statements<>4<>value<>children<>0<>children<>1<>children<>0<>elementType": "TEXT", "BLOCK<>statements<>0<>bodyConfig<>statements<>4<>value<>children<>0<>children<>1<>children<>0<>id": "21affc6f_ab00_4540_96c3_06e60ec3e2ed", "BLOCK<>statements<>0<>bodyConfig<>statements<>4<>value<>children<>0<>children<>1<>children<>0<>textType": "text", "BLOCK<>statements<>0<>bodyConfig<>statements<>4<>value<>children<>0<>children<>1<>children<>0<>type": "Element", "BLOCK<>statements<>0<>bodyConfig<>statements<>4<>value<>children<>0<>children<>1<>children<>0<>value": "Email : ", "BLOCK<>statements<>0<>bodyConfig<>statements<>4<>value<>children<>0<>children<>1<>elementType": "html", "BLOCK<>statements<>0<>bodyConfig<>statements<>4<>value<>children<>0<>children<>1<>id": "0c1963a3_d0ca_40f1_93ac_31fb929cfddc", "BLOCK<>statements<>0<>bodyConfig<>statements<>4<>value<>children<>0<>children<>1<>tagName": "label", "BLOCK<>statements<>0<>bodyConfig<>statements<>4<>value<>children<>0<>children<>1<>type": "Element", "BLOCK<>statements<>0<>bodyConfig<>statements<>4<>value<>children<>0<>children<>2<>attributes<>id<>type": "STRING", "BLOCK<>statements<>0<>bodyConfig<>statements<>4<>value<>children<>0<>children<>2<>attributes<>id<>value": "email", "BLOCK<>statements<>0<>bodyConfig<>statements<>4<>value<>children<>0<>children<>2<>attributes<>name<>type": "STRING", "BLOCK<>statements<>0<>bodyConfig<>statements<>4<>value<>children<>0<>children<>2<>attributes<>name<>value": "email", "BLOCK<>statements<>0<>bodyConfig<>statements<>4<>value<>children<>0<>children<>2<>attributes<>required<>type": "BOOLEAN", "BLOCK<>statements<>0<>bodyConfig<>statements<>4<>value<>children<>0<>children<>2<>attributes<>required<>value": false, "BLOCK<>statements<>0<>bodyConfig<>statements<>4<>value<>children<>0<>children<>2<>attributes<>type<>type": "STRING", "BLOCK<>statements<>0<>bodyConfig<>statements<>4<>value<>children<>0<>children<>2<>attributes<>type<>value": "text", "BLOCK<>statements<>0<>bodyConfig<>statements<>4<>value<>children<>0<>children<>2<>attributes<>value<>$ref": "b9bc5e2d_ee23_4410_ab08_16aee1d8bef4", "BLOCK<>statements<>0<>bodyConfig<>statements<>4<>value<>children<>0<>children<>2<>attributes<>value<>label": "FormData", "BLOCK<>statements<>0<>bodyConfig<>statements<>4<>value<>children<>0<>children<>2<>attributes<>value<>schema<>type": "ANY", "BLOCK<>statements<>0<>bodyConfig<>statements<>4<>value<>children<>0<>children<>2<>attributes<>value<>subProperty<>label": "email", "BLOCK<>statements<>0<>bodyConfig<>statements<>4<>value<>children<>0<>children<>2<>attributes<>value<>subProperty<>name": "email", "BLOCK<>statements<>0<>bodyConfig<>statements<>4<>value<>children<>0<>children<>2<>attributes<>value<>subProperty<>subPropertyId": "47f2dca9_f380_4ffc_991e_ac704682147c", "BLOCK<>statements<>0<>bodyConfig<>statements<>4<>value<>children<>0<>children<>2<>attributes<>value<>subProperty<>type": "SCHEMA_REF", "BLOCK<>statements<>0<>bodyConfig<>statements<>4<>value<>children<>0<>children<>2<>attributes<>value<>type": "SCOPE_VAR", "BLOCK<>statements<>0<>bodyConfig<>statements<>4<>value<>children<>0<>children<>2<>attributes<>onChange<>$ref": "92cf9639_083d_4ad8_9289_d6dd4acf8f30", "BLOCK<>statements<>0<>bodyConfig<>statements<>4<>value<>children<>0<>children<>2<>attributes<>onChange<>label": "handleFormChange", "BLOCK<>statements<>0<>bodyConfig<>statements<>4<>value<>children<>0<>children<>2<>attributes<>onChange<>schema<>parameters<>0<>defaultValue": null, "BLOCK<>statements<>0<>bodyConfig<>statements<>4<>value<>children<>0<>children<>2<>attributes<>onChange<>schema<>parameters<>0<>description": "", "BLOCK<>statements<>0<>bodyConfig<>statements<>4<>value<>children<>0<>children<>2<>attributes<>onChange<>schema<>parameters<>0<>id": "f48bd1a5_4153_4225_acaf_d94dc65b7e74", "BLOCK<>statements<>0<>bodyConfig<>statements<>4<>value<>children<>0<>children<>2<>attributes<>onChange<>schema<>parameters<>0<>isRequired": false, "BLOCK<>statements<>0<>bodyConfig<>statements<>4<>value<>children<>0<>children<>2<>attributes<>onChange<>schema<>parameters<>0<>name": "e", "BLOCK<>statements<>0<>bodyConfig<>statements<>4<>value<>children<>0<>children<>2<>attributes<>onChange<>schema<>parameters<>0<>schema<>selection": "anyOf", "BLOCK<>statements<>0<>bodyConfig<>statements<>4<>value<>children<>0<>children<>2<>attributes<>onChange<>schema<>parameters<>0<>schema<>types<>0<>type": "ANY", "BLOCK<>statements<>0<>bodyConfig<>statements<>4<>value<>children<>0<>children<>2<>attributes<>onChange<>schema<>returnType<>selection": "anyOf", "BLOCK<>statements<>0<>bodyConfig<>statements<>4<>value<>children<>0<>children<>2<>attributes<>onChange<>schema<>returnType<>types<>0<>type": "VOID", "BLOCK<>statements<>0<>bodyConfig<>statements<>4<>value<>children<>0<>children<>2<>attributes<>onChange<>schema<>type": "FUNCTION", "BLOCK<>statements<>0<>bodyConfig<>statements<>4<>value<>children<>0<>children<>2<>attributes<>onChange<>type": "SCOPE_VAR", "BLOCK<>statements<>0<>bodyConfig<>statements<>4<>value<>children<>0<>children<>2<>attributes<>style<>type": "OBJECT", "BLOCK<>statements<>0<>bodyConfig<>statements<>4<>value<>children<>0<>children<>2<>attributes<>style<>properties<>0<>name": "width", "BLOCK<>statements<>0<>bodyConfig<>statements<>4<>value<>children<>0<>children<>2<>attributes<>style<>properties<>0<>propertyType": "NAMED", "BLOCK<>statements<>0<>bodyConfig<>statements<>4<>value<>children<>0<>children<>2<>attributes<>style<>properties<>0<>value<>type": "STRING", "BLOCK<>statements<>0<>bodyConfig<>statements<>4<>value<>children<>0<>children<>2<>attributes<>style<>properties<>0<>value<>value": "100%", "BLOCK<>statements<>0<>bodyConfig<>statements<>4<>value<>children<>0<>children<>2<>attributes<>style<>properties<>1<>name": "padding", "BLOCK<>statements<>0<>bodyConfig<>statements<>4<>value<>children<>0<>children<>2<>attributes<>style<>properties<>1<>propertyType": "NAMED", "BLOCK<>statements<>0<>bodyConfig<>statements<>4<>value<>children<>0<>children<>2<>attributes<>style<>properties<>1<>value<>type": "STRING", "BLOCK<>statements<>0<>bodyConfig<>statements<>4<>value<>children<>0<>children<>2<>attributes<>style<>properties<>1<>value<>value": "10px 12px", "BLOCK<>statements<>0<>bodyConfig<>statements<>4<>value<>children<>0<>children<>2<>attributes<>style<>properties<>2<>name": "marginBottom", "BLOCK<>statements<>0<>bodyConfig<>statements<>4<>value<>children<>0<>children<>2<>attributes<>style<>properties<>2<>propertyType": "NAMED", "BLOCK<>statements<>0<>bodyConfig<>statements<>4<>value<>children<>0<>children<>2<>attributes<>style<>properties<>2<>value<>type": "STRING", "BLOCK<>statements<>0<>bodyConfig<>statements<>4<>value<>children<>0<>children<>2<>attributes<>style<>properties<>2<>value<>value": "16px", "BLOCK<>statements<>0<>bodyConfig<>statements<>4<>value<>children<>0<>children<>2<>attributes<>style<>properties<>3<>name": "border", "BLOCK<>statements<>0<>bodyConfig<>statements<>4<>value<>children<>0<>children<>2<>attributes<>style<>properties<>3<>propertyType": "NAMED", "BLOCK<>statements<>0<>bodyConfig<>statements<>4<>value<>children<>0<>children<>2<>attributes<>style<>properties<>3<>value<>type": "STRING", "BLOCK<>statements<>0<>bodyConfig<>statements<>4<>value<>children<>0<>children<>2<>attributes<>style<>properties<>3<>value<>value": "1px solid #ccc", "BLOCK<>statements<>0<>bodyConfig<>statements<>4<>value<>children<>0<>children<>2<>attributes<>style<>properties<>4<>name": "borderRadius", "BLOCK<>statements<>0<>bodyConfig<>statements<>4<>value<>children<>0<>children<>2<>attributes<>style<>properties<>4<>propertyType": "NAMED", "BLOCK<>statements<>0<>bodyConfig<>statements<>4<>value<>children<>0<>children<>2<>attributes<>style<>properties<>4<>value<>type": "STRING", "BLOCK<>statements<>0<>bodyConfig<>statements<>4<>value<>children<>0<>children<>2<>attributes<>style<>properties<>4<>value<>value": "6px", "BLOCK<>statements<>0<>bodyConfig<>statements<>4<>value<>children<>0<>children<>2<>attributes<>style<>properties<>5<>name": "fontSize", "BLOCK<>statements<>0<>bodyConfig<>statements<>4<>value<>children<>0<>children<>2<>attributes<>style<>properties<>5<>propertyType": "NAMED", "BLOCK<>statements<>0<>bodyConfig<>statements<>4<>value<>children<>0<>children<>2<>attributes<>style<>properties<>5<>value<>type": "STRING", "BLOCK<>statements<>0<>bodyConfig<>statements<>4<>value<>children<>0<>children<>2<>attributes<>style<>properties<>5<>value<>value": "14px", "BLOCK<>statements<>0<>bodyConfig<>statements<>4<>value<>children<>0<>children<>2<>attributes<>style<>properties<>6<>name": "boxSizing", "BLOCK<>statements<>0<>bodyConfig<>statements<>4<>value<>children<>0<>children<>2<>attributes<>style<>properties<>6<>propertyType": "NAMED", "BLOCK<>statements<>0<>bodyConfig<>statements<>4<>value<>children<>0<>children<>2<>attributes<>style<>properties<>6<>value<>type": "STRING", "BLOCK<>statements<>0<>bodyConfig<>statements<>4<>value<>children<>0<>children<>2<>attributes<>style<>properties<>6<>value<>value": "border-box", "BLOCK<>statements<>0<>bodyConfig<>statements<>4<>value<>children<>0<>children<>2<>elementType": "html", "BLOCK<>statements<>0<>bodyConfig<>statements<>4<>value<>children<>0<>children<>2<>id": "7fbc99cb_1625_445e_9d47_22e9f8888389", "BLOCK<>statements<>0<>bodyConfig<>statements<>4<>value<>children<>0<>children<>2<>tagName": "input", "BLOCK<>statements<>0<>bodyConfig<>statements<>4<>value<>children<>0<>children<>2<>type": "Element", "BLOCK<>statements<>0<>bodyConfig<>statements<>4<>value<>children<>0<>children<>3<>attributes": {}, "BLOCK<>statements<>0<>bodyConfig<>statements<>4<>value<>children<>0<>children<>3<>elementType": "html", "BLOCK<>statements<>0<>bodyConfig<>statements<>4<>value<>children<>0<>children<>3<>id": "e244de27_c331_4d58_bfa6_d8894785f8ac", "BLOCK<>statements<>0<>bodyConfig<>statements<>4<>value<>children<>0<>children<>3<>tagName": "br", "BLOCK<>statements<>0<>bodyConfig<>statements<>4<>value<>children<>0<>children<>3<>type": "Element", "BLOCK<>statements<>0<>bodyConfig<>statements<>4<>value<>children<>0<>children<>4<>attributes<>htmlFor<>type": "STRING", "BLOCK<>statements<>0<>bodyConfig<>statements<>4<>value<>children<>0<>children<>4<>attributes<>htmlFor<>value": "phone", "BLOCK<>statements<>0<>bodyConfig<>statements<>4<>value<>children<>0<>children<>4<>attributes<>style<>type": "OBJECT", "BLOCK<>statements<>0<>bodyConfig<>statements<>4<>value<>children<>0<>children<>4<>attributes<>style<>properties<>0<>name": "display", "BLOCK<>statements<>0<>bodyConfig<>statements<>4<>value<>children<>0<>children<>4<>attributes<>style<>properties<>0<>propertyType": "NAMED", "BLOCK<>statements<>0<>bodyConfig<>statements<>4<>value<>children<>0<>children<>4<>attributes<>style<>properties<>0<>value<>type": "STRING", "BLOCK<>statements<>0<>bodyConfig<>statements<>4<>value<>children<>0<>children<>4<>attributes<>style<>properties<>0<>value<>value": "block", "BLOCK<>statements<>0<>bodyConfig<>statements<>4<>value<>children<>0<>children<>4<>attributes<>style<>properties<>1<>name": "marginBottom", "BLOCK<>statements<>0<>bodyConfig<>statements<>4<>value<>children<>0<>children<>4<>attributes<>style<>properties<>1<>propertyType": "NAMED", "BLOCK<>statements<>0<>bodyConfig<>statements<>4<>value<>children<>0<>children<>4<>attributes<>style<>properties<>1<>value<>type": "STRING", "BLOCK<>statements<>0<>bodyConfig<>statements<>4<>value<>children<>0<>children<>4<>attributes<>style<>properties<>1<>value<>value": "8px", "BLOCK<>statements<>0<>bodyConfig<>statements<>4<>value<>children<>0<>children<>4<>attributes<>style<>properties<>2<>name": "fontWeight", "BLOCK<>statements<>0<>bodyConfig<>statements<>4<>value<>children<>0<>children<>4<>attributes<>style<>properties<>2<>propertyType": "NAMED", "BLOCK<>statements<>0<>bodyConfig<>statements<>4<>value<>children<>0<>children<>4<>attributes<>style<>properties<>2<>value<>type": "STRING", "BLOCK<>statements<>0<>bodyConfig<>statements<>4<>value<>children<>0<>children<>4<>attributes<>style<>properties<>2<>value<>value": "600", "BLOCK<>statements<>0<>bodyConfig<>statements<>4<>value<>children<>0<>children<>4<>attributes<>style<>properties<>3<>name": "color", "BLOCK<>statements<>0<>bodyConfig<>statements<>4<>value<>children<>0<>children<>4<>attributes<>style<>properties<>3<>propertyType": "NAMED", "BLOCK<>statements<>0<>bodyConfig<>statements<>4<>value<>children<>0<>children<>4<>attributes<>style<>properties<>3<>value<>type": "STRING", "BLOCK<>statements<>0<>bodyConfig<>statements<>4<>value<>children<>0<>children<>4<>attributes<>style<>properties<>3<>value<>value": "#333", "BLOCK<>statements<>0<>bodyConfig<>statements<>4<>value<>children<>0<>children<>4<>attributes<>style<>properties<>4<>name": "fontSize", "BLOCK<>statements<>0<>bodyConfig<>statements<>4<>value<>children<>0<>children<>4<>attributes<>style<>properties<>4<>propertyType": "NAMED", "BLOCK<>statements<>0<>bodyConfig<>statements<>4<>value<>children<>0<>children<>4<>attributes<>style<>properties<>4<>value<>type": "STRING", "BLOCK<>statements<>0<>bodyConfig<>statements<>4<>value<>children<>0<>children<>4<>attributes<>style<>properties<>4<>value<>value": "14px", "BLOCK<>statements<>0<>bodyConfig<>statements<>4<>value<>children<>0<>children<>4<>children<>0<>children": [], "BLOCK<>statements<>0<>bodyConfig<>statements<>4<>value<>children<>0<>children<>4<>children<>0<>elementType": "TEXT", "BLOCK<>statements<>0<>bodyConfig<>statements<>4<>value<>children<>0<>children<>4<>children<>0<>id": "709b5fb0_519c_4770_a241_3747cacf1f4c", "BLOCK<>statements<>0<>bodyConfig<>statements<>4<>value<>children<>0<>children<>4<>children<>0<>textType": "text", "BLOCK<>statements<>0<>bodyConfig<>statements<>4<>value<>children<>0<>children<>4<>children<>0<>type": "Element", "BLOCK<>statements<>0<>bodyConfig<>statements<>4<>value<>children<>0<>children<>4<>children<>0<>value": "Phone : ", "BLOCK<>statements<>0<>bodyConfig<>statements<>4<>value<>children<>0<>children<>4<>elementType": "html", "BLOCK<>statements<>0<>bodyConfig<>statements<>4<>value<>children<>0<>children<>4<>id": "ddedff41_7ba6_4cb5_9845_d30711e9e7b8", "BLOCK<>statements<>0<>bodyConfig<>statements<>4<>value<>children<>0<>children<>4<>tagName": "label", "BLOCK<>statements<>0<>bodyConfig<>statements<>4<>value<>children<>0<>children<>4<>type": "Element", "BLOCK<>statements<>0<>bodyConfig<>statements<>4<>value<>children<>0<>children<>5<>attributes<>id<>type": "STRING", "BLOCK<>statements<>0<>bodyConfig<>statements<>4<>value<>children<>0<>children<>5<>attributes<>id<>value": "phone", "BLOCK<>statements<>0<>bodyConfig<>statements<>4<>value<>children<>0<>children<>5<>attributes<>name<>type": "STRING", "BLOCK<>statements<>0<>bodyConfig<>statements<>4<>value<>children<>0<>children<>5<>attributes<>name<>value": "phone", "BLOCK<>statements<>0<>bodyConfig<>statements<>4<>value<>children<>0<>children<>5<>attributes<>required<>type": "BOOLEAN", "BLOCK<>statements<>0<>bodyConfig<>statements<>4<>value<>children<>0<>children<>5<>attributes<>required<>value": false, "BLOCK<>statements<>0<>bodyConfig<>statements<>4<>value<>children<>0<>children<>5<>attributes<>type<>type": "STRING", "BLOCK<>statements<>0<>bodyConfig<>statements<>4<>value<>children<>0<>children<>5<>attributes<>type<>value": "text", "BLOCK<>statements<>0<>bodyConfig<>statements<>4<>value<>children<>0<>children<>5<>attributes<>value<>$ref": "b9bc5e2d_ee23_4410_ab08_16aee1d8bef4", "BLOCK<>statements<>0<>bodyConfig<>statements<>4<>value<>children<>0<>children<>5<>attributes<>value<>label": "FormData", "BLOCK<>statements<>0<>bodyConfig<>statements<>4<>value<>children<>0<>children<>5<>attributes<>value<>schema<>type": "ANY", "BLOCK<>statements<>0<>bodyConfig<>statements<>4<>value<>children<>0<>children<>5<>attributes<>value<>subProperty<>label": "phone", "BLOCK<>statements<>0<>bodyConfig<>statements<>4<>value<>children<>0<>children<>5<>attributes<>value<>subProperty<>name": "phone", "BLOCK<>statements<>0<>bodyConfig<>statements<>4<>value<>children<>0<>children<>5<>attributes<>value<>subProperty<>subPropertyId": "0e7f187d_5dd5_49d8_a0c1_bca945bd2c07", "BLOCK<>statements<>0<>bodyConfig<>statements<>4<>value<>children<>0<>children<>5<>attributes<>value<>subProperty<>type": "SCHEMA_REF", "BLOCK<>statements<>0<>bodyConfig<>statements<>4<>value<>children<>0<>children<>5<>attributes<>value<>type": "SCOPE_VAR", "BLOCK<>statements<>0<>bodyConfig<>statements<>4<>value<>children<>0<>children<>5<>attributes<>onChange<>$ref": "92cf9639_083d_4ad8_9289_d6dd4acf8f30", "BLOCK<>statements<>0<>bodyConfig<>statements<>4<>value<>children<>0<>children<>5<>attributes<>onChange<>label": "handleFormChange", "BLOCK<>statements<>0<>bodyConfig<>statements<>4<>value<>children<>0<>children<>5<>attributes<>onChange<>schema<>parameters<>0<>defaultValue": null, "BLOCK<>statements<>0<>bodyConfig<>statements<>4<>value<>children<>0<>children<>5<>attributes<>onChange<>schema<>parameters<>0<>description": "", "BLOCK<>statements<>0<>bodyConfig<>statements<>4<>value<>children<>0<>children<>5<>attributes<>onChange<>schema<>parameters<>0<>id": "f48bd1a5_4153_4225_acaf_d94dc65b7e74", "BLOCK<>statements<>0<>bodyConfig<>statements<>4<>value<>children<>0<>children<>5<>attributes<>onChange<>schema<>parameters<>0<>isRequired": false, "BLOCK<>statements<>0<>bodyConfig<>statements<>4<>value<>children<>0<>children<>5<>attributes<>onChange<>schema<>parameters<>0<>name": "e", "BLOCK<>statements<>0<>bodyConfig<>statements<>4<>value<>children<>0<>children<>5<>attributes<>onChange<>schema<>parameters<>0<>schema<>selection": "anyOf", "BLOCK<>statements<>0<>bodyConfig<>statements<>4<>value<>children<>0<>children<>5<>attributes<>onChange<>schema<>parameters<>0<>schema<>types<>0<>type": "ANY", "BLOCK<>statements<>0<>bodyConfig<>statements<>4<>value<>children<>0<>children<>5<>attributes<>onChange<>schema<>returnType<>selection": "anyOf", "BLOCK<>statements<>0<>bodyConfig<>statements<>4<>value<>children<>0<>children<>5<>attributes<>onChange<>schema<>returnType<>types<>0<>type": "VOID", "BLOCK<>statements<>0<>bodyConfig<>statements<>4<>value<>children<>0<>children<>5<>attributes<>onChange<>schema<>type": "FUNCTION", "BLOCK<>statements<>0<>bodyConfig<>statements<>4<>value<>children<>0<>children<>5<>attributes<>onChange<>type": "SCOPE_VAR", "BLOCK<>statements<>0<>bodyConfig<>statements<>4<>value<>children<>0<>children<>5<>attributes<>style<>type": "OBJECT", "BLOCK<>statements<>0<>bodyConfig<>statements<>4<>value<>children<>0<>children<>5<>attributes<>style<>properties<>0<>name": "width", "BLOCK<>statements<>0<>bodyConfig<>statements<>4<>value<>children<>0<>children<>5<>attributes<>style<>properties<>0<>propertyType": "NAMED", "BLOCK<>statements<>0<>bodyConfig<>statements<>4<>value<>children<>0<>children<>5<>attributes<>style<>properties<>0<>value<>type": "STRING", "BLOCK<>statements<>0<>bodyConfig<>statements<>4<>value<>children<>0<>children<>5<>attributes<>style<>properties<>0<>value<>value": "100%", "BLOCK<>statements<>0<>bodyConfig<>statements<>4<>value<>children<>0<>children<>5<>attributes<>style<>properties<>1<>name": "padding", "BLOCK<>statements<>0<>bodyConfig<>statements<>4<>value<>children<>0<>children<>5<>attributes<>style<>properties<>1<>propertyType": "NAMED", "BLOCK<>statements<>0<>bodyConfig<>statements<>4<>value<>children<>0<>children<>5<>attributes<>style<>properties<>1<>value<>type": "STRING", "BLOCK<>statements<>0<>bodyConfig<>statements<>4<>value<>children<>0<>children<>5<>attributes<>style<>properties<>1<>value<>value": "10px 12px", "BLOCK<>statements<>0<>bodyConfig<>statements<>4<>value<>children<>0<>children<>5<>attributes<>style<>properties<>2<>name": "marginBottom", "BLOCK<>statements<>0<>bodyConfig<>statements<>4<>value<>children<>0<>children<>5<>attributes<>style<>properties<>2<>propertyType": "NAMED", "BLOCK<>statements<>0<>bodyConfig<>statements<>4<>value<>children<>0<>children<>5<>attributes<>style<>properties<>2<>value<>type": "STRING", "BLOCK<>statements<>0<>bodyConfig<>statements<>4<>value<>children<>0<>children<>5<>attributes<>style<>properties<>2<>value<>value": "16px", "BLOCK<>statements<>0<>bodyConfig<>statements<>4<>value<>children<>0<>children<>5<>attributes<>style<>properties<>3<>name": "border", "BLOCK<>statements<>0<>bodyConfig<>statements<>4<>value<>children<>0<>children<>5<>attributes<>style<>properties<>3<>propertyType": "NAMED", "BLOCK<>statements<>0<>bodyConfig<>statements<>4<>value<>children<>0<>children<>5<>attributes<>style<>properties<>3<>value<>type": "STRING", "BLOCK<>statements<>0<>bodyConfig<>statements<>4<>value<>children<>0<>children<>5<>attributes<>style<>properties<>3<>value<>value": "1px solid #ccc", "BLOCK<>statements<>0<>bodyConfig<>statements<>4<>value<>children<>0<>children<>5<>attributes<>style<>properties<>4<>name": "borderRadius", "BLOCK<>statements<>0<>bodyConfig<>statements<>4<>value<>children<>0<>children<>5<>attributes<>style<>properties<>4<>propertyType": "NAMED", "BLOCK<>statements<>0<>bodyConfig<>statements<>4<>value<>children<>0<>children<>5<>attributes<>style<>properties<>4<>value<>type": "STRING", "BLOCK<>statements<>0<>bodyConfig<>statements<>4<>value<>children<>0<>children<>5<>attributes<>style<>properties<>4<>value<>value": "6px", "BLOCK<>statements<>0<>bodyConfig<>statements<>4<>value<>children<>0<>children<>5<>attributes<>style<>properties<>5<>name": "fontSize", "BLOCK<>statements<>0<>bodyConfig<>statements<>4<>value<>children<>0<>children<>5<>attributes<>style<>properties<>5<>propertyType": "NAMED", "BLOCK<>statements<>0<>bodyConfig<>statements<>4<>value<>children<>0<>children<>5<>attributes<>style<>properties<>5<>value<>type": "STRING", "BLOCK<>statements<>0<>bodyConfig<>statements<>4<>value<>children<>0<>children<>5<>attributes<>style<>properties<>5<>value<>value": "14px", "BLOCK<>statements<>0<>bodyConfig<>statements<>4<>value<>children<>0<>children<>5<>attributes<>style<>properties<>6<>name": "boxSizing", "BLOCK<>statements<>0<>bodyConfig<>statements<>4<>value<>children<>0<>children<>5<>attributes<>style<>properties<>6<>propertyType": "NAMED", "BLOCK<>statements<>0<>bodyConfig<>statements<>4<>value<>children<>0<>children<>5<>attributes<>style<>properties<>6<>value<>type": "STRING", "BLOCK<>statements<>0<>bodyConfig<>statements<>4<>value<>children<>0<>children<>5<>attributes<>style<>properties<>6<>value<>value": "border-box", "BLOCK<>statements<>0<>bodyConfig<>statements<>4<>value<>children<>0<>children<>5<>elementType": "html", "BLOCK<>statements<>0<>bodyConfig<>statements<>4<>value<>children<>0<>children<>5<>id": "5fdbcb8a_70c2_40d6_9736_ecbb114c322b", "BLOCK<>statements<>0<>bodyConfig<>statements<>4<>value<>children<>0<>children<>5<>tagName": "input", "BLOCK<>statements<>0<>bodyConfig<>statements<>4<>value<>children<>0<>children<>5<>type": "Element", "BLOCK<>statements<>0<>bodyConfig<>statements<>4<>value<>children<>0<>children<>6<>attributes": {}, "BLOCK<>statements<>0<>bodyConfig<>statements<>4<>value<>children<>0<>children<>6<>elementType": "html", "BLOCK<>statements<>0<>bodyConfig<>statements<>4<>value<>children<>0<>children<>6<>id": "83e1d2d0_6be2_4a1f_b1c8_8e2b93e39aee", "BLOCK<>statements<>0<>bodyConfig<>statements<>4<>value<>children<>0<>children<>6<>tagName": "br", "BLOCK<>statements<>0<>bodyConfig<>statements<>4<>value<>children<>0<>children<>6<>type": "Element", "BLOCK<>statements<>0<>bodyConfig<>statements<>4<>value<>children<>0<>children<>7<>attributes<>htmlFor<>type": "STRING", "BLOCK<>statements<>0<>bodyConfig<>statements<>4<>value<>children<>0<>children<>7<>attributes<>htmlFor<>value": "address", "BLOCK<>statements<>0<>bodyConfig<>statements<>4<>value<>children<>0<>children<>7<>attributes<>style<>type": "OBJECT", "BLOCK<>statements<>0<>bodyConfig<>statements<>4<>value<>children<>0<>children<>7<>attributes<>style<>properties<>0<>name": "display", "BLOCK<>statements<>0<>bodyConfig<>statements<>4<>value<>children<>0<>children<>7<>attributes<>style<>properties<>0<>propertyType": "NAMED", "BLOCK<>statements<>0<>bodyConfig<>statements<>4<>value<>children<>0<>children<>7<>attributes<>style<>properties<>0<>value<>type": "STRING", "BLOCK<>statements<>0<>bodyConfig<>statements<>4<>value<>children<>0<>children<>7<>attributes<>style<>properties<>0<>value<>value": "block", "BLOCK<>statements<>0<>bodyConfig<>statements<>4<>value<>children<>0<>children<>7<>attributes<>style<>properties<>1<>name": "marginBottom", "BLOCK<>statements<>0<>bodyConfig<>statements<>4<>value<>children<>0<>children<>7<>attributes<>style<>properties<>1<>propertyType": "NAMED", "BLOCK<>statements<>0<>bodyConfig<>statements<>4<>value<>children<>0<>children<>7<>attributes<>style<>properties<>1<>value<>type": "STRING", "BLOCK<>statements<>0<>bodyConfig<>statements<>4<>value<>children<>0<>children<>7<>attributes<>style<>properties<>1<>value<>value": "8px", "BLOCK<>statements<>0<>bodyConfig<>statements<>4<>value<>children<>0<>children<>7<>attributes<>style<>properties<>2<>name": "fontWeight", "BLOCK<>statements<>0<>bodyConfig<>statements<>4<>value<>children<>0<>children<>7<>attributes<>style<>properties<>2<>propertyType": "NAMED", "BLOCK<>statements<>0<>bodyConfig<>statements<>4<>value<>children<>0<>children<>7<>attributes<>style<>properties<>2<>value<>type": "STRING", "BLOCK<>statements<>0<>bodyConfig<>statements<>4<>value<>children<>0<>children<>7<>attributes<>style<>properties<>2<>value<>value": "600", "BLOCK<>statements<>0<>bodyConfig<>statements<>4<>value<>children<>0<>children<>7<>attributes<>style<>properties<>3<>name": "color", "BLOCK<>statements<>0<>bodyConfig<>statements<>4<>value<>children<>0<>children<>7<>attributes<>style<>properties<>3<>propertyType": "NAMED", "BLOCK<>statements<>0<>bodyConfig<>statements<>4<>value<>children<>0<>children<>7<>attributes<>style<>properties<>3<>value<>type": "STRING", "BLOCK<>statements<>0<>bodyConfig<>statements<>4<>value<>children<>0<>children<>7<>attributes<>style<>properties<>3<>value<>value": "#333", "BLOCK<>statements<>0<>bodyConfig<>statements<>4<>value<>children<>0<>children<>7<>attributes<>style<>properties<>4<>name": "fontSize", "BLOCK<>statements<>0<>bodyConfig<>statements<>4<>value<>children<>0<>children<>7<>attributes<>style<>properties<>4<>propertyType": "NAMED", "BLOCK<>statements<>0<>bodyConfig<>statements<>4<>value<>children<>0<>children<>7<>attributes<>style<>properties<>4<>value<>type": "STRING", "BLOCK<>statements<>0<>bodyConfig<>statements<>4<>value<>children<>0<>children<>7<>attributes<>style<>properties<>4<>value<>value": "14px", "BLOCK<>statements<>0<>bodyConfig<>statements<>4<>value<>children<>0<>children<>7<>children<>0<>children": [], "BLOCK<>statements<>0<>bodyConfig<>statements<>4<>value<>children<>0<>children<>7<>children<>0<>elementType": "TEXT", "BLOCK<>statements<>0<>bodyConfig<>statements<>4<>value<>children<>0<>children<>7<>children<>0<>id": "bf79e476_fa5a_4685_9085_210749a08cdc", "BLOCK<>statements<>0<>bodyConfig<>statements<>4<>value<>children<>0<>children<>7<>children<>0<>textType": "text", "BLOCK<>statements<>0<>bodyConfig<>statements<>4<>value<>children<>0<>children<>7<>children<>0<>type": "Element", "BLOCK<>statements<>0<>bodyConfig<>statements<>4<>value<>children<>0<>children<>7<>children<>0<>value": "Address : ", "BLOCK<>statements<>0<>bodyConfig<>statements<>4<>value<>children<>0<>children<>7<>elementType": "html", "BLOCK<>statements<>0<>bodyConfig<>statements<>4<>value<>children<>0<>children<>7<>id": "0cef8282_9428_40f4_9abb_32513cf148e3", "BLOCK<>statements<>0<>bodyConfig<>statements<>4<>value<>children<>0<>children<>7<>tagName": "label", "BLOCK<>statements<>0<>bodyConfig<>statements<>4<>value<>children<>0<>children<>7<>type": "Element", "BLOCK<>statements<>0<>bodyConfig<>statements<>4<>value<>children<>0<>children<>8<>attributes<>id<>type": "STRING", "BLOCK<>statements<>0<>bodyConfig<>statements<>4<>value<>children<>0<>children<>8<>attributes<>id<>value": "address", "BLOCK<>statements<>0<>bodyConfig<>statements<>4<>value<>children<>0<>children<>8<>attributes<>name<>type": "STRING", "BLOCK<>statements<>0<>bodyConfig<>statements<>4<>value<>children<>0<>children<>8<>attributes<>name<>value": "address", "BLOCK<>statements<>0<>bodyConfig<>statements<>4<>value<>children<>0<>children<>8<>attributes<>required<>type": "BOOLEAN", "BLOCK<>statements<>0<>bodyConfig<>statements<>4<>value<>children<>0<>children<>8<>attributes<>required<>value": false, "BLOCK<>statements<>0<>bodyConfig<>statements<>4<>value<>children<>0<>children<>8<>attributes<>type<>type": "STRING", "BLOCK<>statements<>0<>bodyConfig<>statements<>4<>value<>children<>0<>children<>8<>attributes<>type<>value": "text", "BLOCK<>statements<>0<>bodyConfig<>statements<>4<>value<>children<>0<>children<>8<>attributes<>value<>$ref": "b9bc5e2d_ee23_4410_ab08_16aee1d8bef4", "BLOCK<>statements<>0<>bodyConfig<>statements<>4<>value<>children<>0<>children<>8<>attributes<>value<>label": "FormData", "BLOCK<>statements<>0<>bodyConfig<>statements<>4<>value<>children<>0<>children<>8<>attributes<>value<>schema<>type": "ANY", "BLOCK<>statements<>0<>bodyConfig<>statements<>4<>value<>children<>0<>children<>8<>attributes<>value<>subProperty<>label": "address", "BLOCK<>statements<>0<>bodyConfig<>statements<>4<>value<>children<>0<>children<>8<>attributes<>value<>subProperty<>name": "address", "BLOCK<>statements<>0<>bodyConfig<>statements<>4<>value<>children<>0<>children<>8<>attributes<>value<>subProperty<>subPropertyId": "2279dda1_4a35_42a3_8363_cf2a3987b010", "BLOCK<>statements<>0<>bodyConfig<>statements<>4<>value<>children<>0<>children<>8<>attributes<>value<>subProperty<>type": "SCHEMA_REF", "BLOCK<>statements<>0<>bodyConfig<>statements<>4<>value<>children<>0<>children<>8<>attributes<>value<>type": "SCOPE_VAR", "BLOCK<>statements<>0<>bodyConfig<>statements<>4<>value<>children<>0<>children<>8<>attributes<>onChange<>$ref": "92cf9639_083d_4ad8_9289_d6dd4acf8f30", "BLOCK<>statements<>0<>bodyConfig<>statements<>4<>value<>children<>0<>children<>8<>attributes<>onChange<>label": "handleFormChange", "BLOCK<>statements<>0<>bodyConfig<>statements<>4<>value<>children<>0<>children<>8<>attributes<>onChange<>schema<>parameters<>0<>defaultValue": null, "BLOCK<>statements<>0<>bodyConfig<>statements<>4<>value<>children<>0<>children<>8<>attributes<>onChange<>schema<>parameters<>0<>description": "", "BLOCK<>statements<>0<>bodyConfig<>statements<>4<>value<>children<>0<>children<>8<>attributes<>onChange<>schema<>parameters<>0<>id": "f48bd1a5_4153_4225_acaf_d94dc65b7e74", "BLOCK<>statements<>0<>bodyConfig<>statements<>4<>value<>children<>0<>children<>8<>attributes<>onChange<>schema<>parameters<>0<>isRequired": false, "BLOCK<>statements<>0<>bodyConfig<>statements<>4<>value<>children<>0<>children<>8<>attributes<>onChange<>schema<>parameters<>0<>name": "e", "BLOCK<>statements<>0<>bodyConfig<>statements<>4<>value<>children<>0<>children<>8<>attributes<>onChange<>schema<>parameters<>0<>schema<>selection": "anyOf", "BLOCK<>statements<>0<>bodyConfig<>statements<>4<>value<>children<>0<>children<>8<>attributes<>onChange<>schema<>parameters<>0<>schema<>types<>0<>type": "ANY", "BLOCK<>statements<>0<>bodyConfig<>statements<>4<>value<>children<>0<>children<>8<>attributes<>onChange<>schema<>returnType<>selection": "anyOf", "BLOCK<>statements<>0<>bodyConfig<>statements<>4<>value<>children<>0<>children<>8<>attributes<>onChange<>schema<>returnType<>types<>0<>type": "VOID", "BLOCK<>statements<>0<>bodyConfig<>statements<>4<>value<>children<>0<>children<>8<>attributes<>onChange<>schema<>type": "FUNCTION", "BLOCK<>statements<>0<>bodyConfig<>statements<>4<>value<>children<>0<>children<>8<>attributes<>onChange<>type": "SCOPE_VAR", "BLOCK<>statements<>0<>bodyConfig<>statements<>4<>value<>children<>0<>children<>8<>attributes<>style<>type": "OBJECT", "BLOCK<>statements<>0<>bodyConfig<>statements<>4<>value<>children<>0<>children<>8<>attributes<>style<>properties<>0<>name": "width", "BLOCK<>statements<>0<>bodyConfig<>statements<>4<>value<>children<>0<>children<>8<>attributes<>style<>properties<>0<>propertyType": "NAMED", "BLOCK<>statements<>0<>bodyConfig<>statements<>4<>value<>children<>0<>children<>8<>attributes<>style<>properties<>0<>value<>type": "STRING", "BLOCK<>statements<>0<>bodyConfig<>statements<>4<>value<>children<>0<>children<>8<>attributes<>style<>properties<>0<>value<>value": "100%", "BLOCK<>statements<>0<>bodyConfig<>statements<>4<>value<>children<>0<>children<>8<>attributes<>style<>properties<>1<>name": "padding", "BLOCK<>statements<>0<>bodyConfig<>statements<>4<>value<>children<>0<>children<>8<>attributes<>style<>properties<>1<>propertyType": "NAMED", "BLOCK<>statements<>0<>bodyConfig<>statements<>4<>value<>children<>0<>children<>8<>attributes<>style<>properties<>1<>value<>type": "STRING", "BLOCK<>statements<>0<>bodyConfig<>statements<>4<>value<>children<>0<>children<>8<>attributes<>style<>properties<>1<>value<>value": "10px 12px", "BLOCK<>statements<>0<>bodyConfig<>statements<>4<>value<>children<>0<>children<>8<>attributes<>style<>properties<>2<>name": "marginBottom", "BLOCK<>statements<>0<>bodyConfig<>statements<>4<>value<>children<>0<>children<>8<>attributes<>style<>properties<>2<>propertyType": "NAMED", "BLOCK<>statements<>0<>bodyConfig<>statements<>4<>value<>children<>0<>children<>8<>attributes<>style<>properties<>2<>value<>type": "STRING", "BLOCK<>statements<>0<>bodyConfig<>statements<>4<>value<>children<>0<>children<>8<>attributes<>style<>properties<>2<>value<>value": "16px", "BLOCK<>statements<>0<>bodyConfig<>statements<>4<>value<>children<>0<>children<>8<>attributes<>style<>properties<>3<>name": "border", "BLOCK<>statements<>0<>bodyConfig<>statements<>4<>value<>children<>0<>children<>8<>attributes<>style<>properties<>3<>propertyType": "NAMED", "BLOCK<>statements<>0<>bodyConfig<>statements<>4<>value<>children<>0<>children<>8<>attributes<>style<>properties<>3<>value<>type": "STRING", "BLOCK<>statements<>0<>bodyConfig<>statements<>4<>value<>children<>0<>children<>8<>attributes<>style<>properties<>3<>value<>value": "1px solid #ccc", "BLOCK<>statements<>0<>bodyConfig<>statements<>4<>value<>children<>0<>children<>8<>attributes<>style<>properties<>4<>name": "borderRadius", "BLOCK<>statements<>0<>bodyConfig<>statements<>4<>value<>children<>0<>children<>8<>attributes<>style<>properties<>4<>propertyType": "NAMED", "BLOCK<>statements<>0<>bodyConfig<>statements<>4<>value<>children<>0<>children<>8<>attributes<>style<>properties<>4<>value<>type": "STRING", "BLOCK<>statements<>0<>bodyConfig<>statements<>4<>value<>children<>0<>children<>8<>attributes<>style<>properties<>4<>value<>value": "6px", "BLOCK<>statements<>0<>bodyConfig<>statements<>4<>value<>children<>0<>children<>8<>attributes<>style<>properties<>5<>name": "fontSize", "BLOCK<>statements<>0<>bodyConfig<>statements<>4<>value<>children<>0<>children<>8<>attributes<>style<>properties<>5<>propertyType": "NAMED", "BLOCK<>statements<>0<>bodyConfig<>statements<>4<>value<>children<>0<>children<>8<>attributes<>style<>properties<>5<>value<>type": "STRING", "BLOCK<>statements<>0<>bodyConfig<>statements<>4<>value<>children<>0<>children<>8<>attributes<>style<>properties<>5<>value<>value": "14px", "BLOCK<>statements<>0<>bodyConfig<>statements<>4<>value<>children<>0<>children<>8<>attributes<>style<>properties<>6<>name": "boxSizing", "BLOCK<>statements<>0<>bodyConfig<>statements<>4<>value<>children<>0<>children<>8<>attributes<>style<>properties<>6<>propertyType": "NAMED", "BLOCK<>statements<>0<>bodyConfig<>statements<>4<>value<>children<>0<>children<>8<>attributes<>style<>properties<>6<>value<>type": "STRING", "BLOCK<>statements<>0<>bodyConfig<>statements<>4<>value<>children<>0<>children<>8<>attributes<>style<>properties<>6<>value<>value": "border-box", "BLOCK<>statements<>0<>bodyConfig<>statements<>4<>value<>children<>0<>children<>8<>elementType": "html", "BLOCK<>statements<>0<>bodyConfig<>statements<>4<>value<>children<>0<>children<>8<>id": "a6981e6e_231b_410a_a726_2f68880e706f", "BLOCK<>statements<>0<>bodyConfig<>statements<>4<>value<>children<>0<>children<>8<>tagName": "input", "BLOCK<>statements<>0<>bodyConfig<>statements<>4<>value<>children<>0<>children<>8<>type": "Element", "BLOCK<>statements<>0<>bodyConfig<>statements<>4<>value<>children<>0<>children<>9<>attributes": {}, "BLOCK<>statements<>0<>bodyConfig<>statements<>4<>value<>children<>0<>children<>9<>elementType": "html", "BLOCK<>statements<>0<>bodyConfig<>statements<>4<>value<>children<>0<>children<>9<>id": "60ad5137_7a68_4fe8_af4e_df6c731712bd", "BLOCK<>statements<>0<>bodyConfig<>statements<>4<>value<>children<>0<>children<>9<>tagName": "br", "BLOCK<>statements<>0<>bodyConfig<>statements<>4<>value<>children<>0<>children<>9<>type": "Element", "BLOCK<>statements<>0<>bodyConfig<>statements<>4<>value<>children<>0<>children<>10<>attributes<>style<>type": "OBJECT", "BLOCK<>statements<>0<>bodyConfig<>statements<>4<>value<>children<>0<>children<>10<>attributes<>style<>properties<>0<>name": "display", "BLOCK<>statements<>0<>bodyConfig<>statements<>4<>value<>children<>0<>children<>10<>attributes<>style<>properties<>0<>propertyType": "NAMED", "BLOCK<>statements<>0<>bodyConfig<>statements<>4<>value<>children<>0<>children<>10<>attributes<>style<>properties<>0<>value<>type": "STRING", "BLOCK<>statements<>0<>bodyConfig<>statements<>4<>value<>children<>0<>children<>10<>attributes<>style<>properties<>0<>value<>value": "flex", "BLOCK<>statements<>0<>bodyConfig<>statements<>4<>value<>children<>0<>children<>10<>attributes<>style<>properties<>1<>name": "justifyContent", "BLOCK<>statements<>0<>bodyConfig<>statements<>4<>value<>children<>0<>children<>10<>attributes<>style<>properties<>1<>propertyType": "NAMED", "BLOCK<>statements<>0<>bodyConfig<>statements<>4<>value<>children<>0<>children<>10<>attributes<>style<>properties<>1<>value<>type": "STRING", "BLOCK<>statements<>0<>bodyConfig<>statements<>4<>value<>children<>0<>children<>10<>attributes<>style<>properties<>1<>value<>value": "center", "BLOCK<>statements<>0<>bodyConfig<>statements<>4<>value<>children<>0<>children<>10<>attributes<>style<>properties<>2<>name": "gap", "BLOCK<>statements<>0<>bodyConfig<>statements<>4<>value<>children<>0<>children<>10<>attributes<>style<>properties<>2<>propertyType": "NAMED", "BLOCK<>statements<>0<>bodyConfig<>statements<>4<>value<>children<>0<>children<>10<>attributes<>style<>properties<>2<>value<>type": "STRING", "BLOCK<>statements<>0<>bodyConfig<>statements<>4<>value<>children<>0<>children<>10<>attributes<>style<>properties<>2<>value<>value": "16px", "BLOCK<>statements<>0<>bodyConfig<>statements<>4<>value<>children<>0<>children<>10<>attributes<>style<>properties<>3<>name": "marginTop", "BLOCK<>statements<>0<>bodyConfig<>statements<>4<>value<>children<>0<>children<>10<>attributes<>style<>properties<>3<>propertyType": "NAMED", "BLOCK<>statements<>0<>bodyConfig<>statements<>4<>value<>children<>0<>children<>10<>attributes<>style<>properties<>3<>value<>type": "STRING", "BLOCK<>statements<>0<>bodyConfig<>statements<>4<>value<>children<>0<>children<>10<>attributes<>style<>properties<>3<>value<>value": "20px", "BLOCK<>statements<>0<>bodyConfig<>statements<>4<>value<>children<>0<>children<>10<>children<>0<>attributes<>type<>type": "STRING", "BLOCK<>statements<>0<>bodyConfig<>statements<>4<>value<>children<>0<>children<>10<>children<>0<>attributes<>type<>value": "submit", "BLOCK<>statements<>0<>bodyConfig<>statements<>4<>value<>children<>0<>children<>10<>children<>0<>attributes<>value<>type": "STRING", "BLOCK<>statements<>0<>bodyConfig<>statements<>4<>value<>children<>0<>children<>10<>children<>0<>attributes<>value<>value": "Submit", "BLOCK<>statements<>0<>bodyConfig<>statements<>4<>value<>children<>0<>children<>10<>children<>0<>attributes<>style<>type": "OBJECT", "BLOCK<>statements<>0<>bodyConfig<>statements<>4<>value<>children<>0<>children<>10<>children<>0<>attributes<>style<>properties<>0<>name": "padding", "BLOCK<>statements<>0<>bodyConfig<>statements<>4<>value<>children<>0<>children<>10<>children<>0<>attributes<>style<>properties<>0<>propertyType": "NAMED", "BLOCK<>statements<>0<>bodyConfig<>statements<>4<>value<>children<>0<>children<>10<>children<>0<>attributes<>style<>properties<>0<>value<>type": "STRING", "BLOCK<>statements<>0<>bodyConfig<>statements<>4<>value<>children<>0<>children<>10<>children<>0<>attributes<>style<>properties<>0<>value<>value": "10px 20px", "BLOCK<>statements<>0<>bodyConfig<>statements<>4<>value<>children<>0<>children<>10<>children<>0<>attributes<>style<>properties<>1<>name": "backgroundColor", "BLOCK<>statements<>0<>bodyConfig<>statements<>4<>value<>children<>0<>children<>10<>children<>0<>attributes<>style<>properties<>1<>propertyType": "NAMED", "BLOCK<>statements<>0<>bodyConfig<>statements<>4<>value<>children<>0<>children<>10<>children<>0<>attributes<>style<>properties<>1<>value<>type": "STRING", "BLOCK<>statements<>0<>bodyConfig<>statements<>4<>value<>children<>0<>children<>10<>children<>0<>attributes<>style<>properties<>1<>value<>value": "#4caf50", "BLOCK<>statements<>0<>bodyConfig<>statements<>4<>value<>children<>0<>children<>10<>children<>0<>attributes<>style<>properties<>2<>name": "color", "BLOCK<>statements<>0<>bodyConfig<>statements<>4<>value<>children<>0<>children<>10<>children<>0<>attributes<>style<>properties<>2<>propertyType": "NAMED", "BLOCK<>statements<>0<>bodyConfig<>statements<>4<>value<>children<>0<>children<>10<>children<>0<>attributes<>style<>properties<>2<>value<>type": "STRING", "BLOCK<>statements<>0<>bodyConfig<>statements<>4<>value<>children<>0<>children<>10<>children<>0<>attributes<>style<>properties<>2<>value<>value": "white", "BLOCK<>statements<>0<>bodyConfig<>statements<>4<>value<>children<>0<>children<>10<>children<>0<>attributes<>style<>properties<>3<>name": "border", "BLOCK<>statements<>0<>bodyConfig<>statements<>4<>value<>children<>0<>children<>10<>children<>0<>attributes<>style<>properties<>3<>propertyType": "NAMED", "BLOCK<>statements<>0<>bodyConfig<>statements<>4<>value<>children<>0<>children<>10<>children<>0<>attributes<>style<>properties<>3<>value<>type": "STRING", "BLOCK<>statements<>0<>bodyConfig<>statements<>4<>value<>children<>0<>children<>10<>children<>0<>attributes<>style<>properties<>3<>value<>value": "none", "BLOCK<>statements<>0<>bodyConfig<>statements<>4<>value<>children<>0<>children<>10<>children<>0<>attributes<>style<>properties<>4<>name": "borderRadius", "BLOCK<>statements<>0<>bodyConfig<>statements<>4<>value<>children<>0<>children<>10<>children<>0<>attributes<>style<>properties<>4<>propertyType": "NAMED", "BLOCK<>statements<>0<>bodyConfig<>statements<>4<>value<>children<>0<>children<>10<>children<>0<>attributes<>style<>properties<>4<>value<>type": "STRING", "BLOCK<>statements<>0<>bodyConfig<>statements<>4<>value<>children<>0<>children<>10<>children<>0<>attributes<>style<>properties<>4<>value<>value": "6px", "BLOCK<>statements<>0<>bodyConfig<>statements<>4<>value<>children<>0<>children<>10<>children<>0<>attributes<>style<>properties<>5<>name": "fontSize", "BLOCK<>statements<>0<>bodyConfig<>statements<>4<>value<>children<>0<>children<>10<>children<>0<>attributes<>style<>properties<>5<>propertyType": "NAMED", "BLOCK<>statements<>0<>bodyConfig<>statements<>4<>value<>children<>0<>children<>10<>children<>0<>attributes<>style<>properties<>5<>value<>type": "STRING", "BLOCK<>statements<>0<>bodyConfig<>statements<>4<>value<>children<>0<>children<>10<>children<>0<>attributes<>style<>properties<>5<>value<>value": "16px", "BLOCK<>statements<>0<>bodyConfig<>statements<>4<>value<>children<>0<>children<>10<>children<>0<>attributes<>style<>properties<>6<>name": "cursor", "BLOCK<>statements<>0<>bodyConfig<>statements<>4<>value<>children<>0<>children<>10<>children<>0<>attributes<>style<>properties<>6<>propertyType": "NAMED", "BLOCK<>statements<>0<>bodyConfig<>statements<>4<>value<>children<>0<>children<>10<>children<>0<>attributes<>style<>properties<>6<>value<>type": "STRING", "BLOCK<>statements<>0<>bodyConfig<>statements<>4<>value<>children<>0<>children<>10<>children<>0<>attributes<>style<>properties<>6<>value<>value": "pointer", "BLOCK<>statements<>0<>bodyConfig<>statements<>4<>value<>children<>0<>children<>10<>children<>0<>elementType": "html", "BLOCK<>statements<>0<>bodyConfig<>statements<>4<>value<>children<>0<>children<>10<>children<>0<>id": "0a6d1f2e_70eb_4032_9d31_67dba63fb25b", "BLOCK<>statements<>0<>bodyConfig<>statements<>4<>value<>children<>0<>children<>10<>children<>0<>tagName": "input", "BLOCK<>statements<>0<>bodyConfig<>statements<>4<>value<>children<>0<>children<>10<>children<>0<>type": "Element", "BLOCK<>statements<>0<>bodyConfig<>statements<>4<>value<>children<>0<>children<>10<>elementType": "html", "BLOCK<>statements<>0<>bodyConfig<>statements<>4<>value<>children<>0<>children<>10<>id": "21a07c76_a886_421d_8182_5c240b26c4ba", "BLOCK<>statements<>0<>bodyConfig<>statements<>4<>value<>children<>0<>children<>10<>tagName": "div", "BLOCK<>statements<>0<>bodyConfig<>statements<>4<>value<>children<>0<>children<>10<>type": "Element", "BLOCK<>statements<>0<>bodyConfig<>statements<>4<>value<>children<>0<>children<>11<>attributes": {}, "BLOCK<>statements<>0<>bodyConfig<>statements<>4<>value<>children<>0<>children<>11<>elementType": "html", "BLOCK<>statements<>0<>bodyConfig<>statements<>4<>value<>children<>0<>children<>11<>id": "20f003c1_72ef_4136_99d3_6864b7344624", "BLOCK<>statements<>0<>bodyConfig<>statements<>4<>value<>children<>0<>children<>11<>tagName": "br", "BLOCK<>statements<>0<>bodyConfig<>statements<>4<>value<>children<>0<>children<>11<>type": "Element", "BLOCK<>statements<>0<>bodyConfig<>statements<>4<>value<>children<>0<>elementType": "html", "BLOCK<>statements<>0<>bodyConfig<>statements<>4<>value<>children<>0<>id": "8b341067_b13b_4163_97b4_607dfdcc349c", "BLOCK<>statements<>0<>bodyConfig<>statements<>4<>value<>children<>0<>tagName": "form", "BLOCK<>statements<>0<>bodyConfig<>statements<>4<>value<>children<>0<>type": "Element", "BLOCK<>statements<>0<>bodyConfig<>statements<>4<>value<>elementType": "html", "BLOCK<>statements<>0<>bodyConfig<>statements<>4<>value<>id": "c850c1f0_3180_4aff_badf_b0cd73d68d16", "BLOCK<>statements<>0<>bodyConfig<>statements<>4<>value<>tagName": "div", "BLOCK<>statements<>0<>bodyConfig<>statements<>4<>value<>type": "Element", "BLOCK<>statements<>0<>bodyConfig<>statements<>4<>id": "af96f943_a040_4fd8_b3d1_70a5a2c95681", "BLOCK<>statements<>0<>bodyConfig<>id": "91563786_1110_4158_baa6_0166bd0c24c5", "BLOCK<>statements<>0<>schema<>props": [], "BLOCK<>statements<>0<>schema<>hasImperativeHandling": false, "BLOCK<>statements<>0<>schema<>type": "REACT_FC", "name": "CreateContactInfo"}