{"ed2a11b0_a8ce_4608_9899_1e73c0765b88<>index": "BLOCK", "ed2a11b0_a8ce_4608_9899_1e73c0765b88<>type": "BLOCK", "ed2a11b0_a8ce_4608_9899_1e73c0765b88<>parentBlockId": null, "ed2a11b0_a8ce_4608_9899_1e73c0765b88<>parentFunctionId": null, "ed2a11b0_a8ce_4608_9899_1e73c0765b88<>parent_scope": {}, "ed2a11b0_a8ce_4608_9899_1e73c0765b88<>scope<>Createcontactinfo": "3c563cba_91c6_4f3d_a7a8_a8c37a6455b1", "ed2a11b0_a8ce_4608_9899_1e73c0765b88<>startIndex": 145, "ed2a11b0_a8ce_4608_9899_1e73c0765b88<>endIndex": 4208, "3c563cba_91c6_4f3d_a7a8_a8c37a6455b1<>index": "BLOCK<>statements<>0", "3c563cba_91c6_4f3d_a7a8_a8c37a6455b1<>type": "REACT_COMPONENT", "3c563cba_91c6_4f3d_a7a8_a8c37a6455b1<>parentBlockId": "ed2a11b0_a8ce_4608_9899_1e73c0765b88", "3c563cba_91c6_4f3d_a7a8_a8c37a6455b1<>name": "Createcontactinfo", "3c563cba_91c6_4f3d_a7a8_a8c37a6455b1<>returnStatements<>0<>statement_id": "af96f943_a040_4fd8_b3d1_70a5a2c95681", "3c563cba_91c6_4f3d_a7a8_a8c37a6455b1<>returnStatements<>0<>index": "BLOCK<>statements<>0<>bodyConfig<>statements<>4", "3c563cba_91c6_4f3d_a7a8_a8c37a6455b1<>schema<>props": [], "3c563cba_91c6_4f3d_a7a8_a8c37a6455b1<>schema<>hasImperativeHandling": false, "3c563cba_91c6_4f3d_a7a8_a8c37a6455b1<>schema<>type": "REACT_FC", "3c563cba_91c6_4f3d_a7a8_a8c37a6455b1<>startIndex": 145, "3c563cba_91c6_4f3d_a7a8_a8c37a6455b1<>endIndex": 4208, "91563786_1110_4158_baa6_0166bd0c24c5<>index": "BLOCK<>statements<>0<>bodyConfig", "91563786_1110_4158_baa6_0166bd0c24c5<>type": "BLOCK", "91563786_1110_4158_baa6_0166bd0c24c5<>parentBlockId": "ed2a11b0_a8ce_4608_9899_1e73c0765b88", "91563786_1110_4158_baa6_0166bd0c24c5<>parentFunctionId": "3c563cba_91c6_4f3d_a7a8_a8c37a6455b1", "91563786_1110_4158_baa6_0166bd0c24c5<>parent_scope<>Createcontactinfo": "3c563cba_91c6_4f3d_a7a8_a8c37a6455b1", "91563786_1110_4158_baa6_0166bd0c24c5<>scope<>FormData": "b9bc5e2d_ee23_4410_ab08_16aee1d8bef4", "91563786_1110_4158_baa6_0166bd0c24c5<>scope<>setFormdata": "8e412020_973e_45f5_b0f5_8a279fc37bec", "91563786_1110_4158_baa6_0166bd0c24c5<>scope<>error": "API_RES_ERROR_ID", "91563786_1110_4158_baa6_0166bd0c24c5<>scope<>setError": "API_RES_ERROR_SETTER_ID", "91563786_1110_4158_baa6_0166bd0c24c5<>scope<>handleFormChange": "92cf9639_083d_4ad8_9289_d6dd4acf8f30", "91563786_1110_4158_baa6_0166bd0c24c5<>scope<>handleFormSubmit": "0e38b72b_29ab_4be7_9abc_0dd4175a6bc7", "91563786_1110_4158_baa6_0166bd0c24c5<>startIndex": 177, "91563786_1110_4158_baa6_0166bd0c24c5<>endIndex": 4208, "b9bc5e2d_ee23_4410_ab08_16aee1d8bef4<>index": "BLOCK<>statements<>0<>bodyConfig<>statements<>0", "b9bc5e2d_ee23_4410_ab08_16aee1d8bef4<>type": "REACT_USE_STATE", "b9bc5e2d_ee23_4410_ab08_16aee1d8bef4<>parentBlockId": "91563786_1110_4158_baa6_0166bd0c24c5", "b9bc5e2d_ee23_4410_ab08_16aee1d8bef4<>schema<>selection": "anyOf", "b9bc5e2d_ee23_4410_ab08_16aee1d8bef4<>schema<>types<>0<>$ref": "66fae3a2_c1ad_4f2d_84c7_741ac681e45a", "b9bc5e2d_ee23_4410_ab08_16aee1d8bef4<>name": "FormData", "b9bc5e2d_ee23_4410_ab08_16aee1d8bef4<>usedIn<>0<>keyChainings<>0": "BLOCK", "b9bc5e2d_ee23_4410_ab08_16aee1d8bef4<>usedIn<>0<>keyChainings<>1": "statements", "b9bc5e2d_ee23_4410_ab08_16aee1d8bef4<>usedIn<>0<>keyChainings<>2": "0", "b9bc5e2d_ee23_4410_ab08_16aee1d8bef4<>usedIn<>0<>keyChainings<>3": "bodyConfig", "b9bc5e2d_ee23_4410_ab08_16aee1d8bef4<>usedIn<>0<>keyChainings<>4": "statements", "b9bc5e2d_ee23_4410_ab08_16aee1d8bef4<>usedIn<>0<>keyChainings<>5": "3", "b9bc5e2d_ee23_4410_ab08_16aee1d8bef4<>usedIn<>0<>keyChainings<>6": "bodyConfig", "b9bc5e2d_ee23_4410_ab08_16aee1d8bef4<>usedIn<>0<>keyChainings<>7": "statements", "b9bc5e2d_ee23_4410_ab08_16aee1d8bef4<>usedIn<>0<>keyChainings<>8": "0", "b9bc5e2d_ee23_4410_ab08_16aee1d8bef4<>usedIn<>0<>keyChainings<>9": "tryBody", "b9bc5e2d_ee23_4410_ab08_16aee1d8bef4<>usedIn<>0<>keyChainings<>10": "statements", "b9bc5e2d_ee23_4410_ab08_16aee1d8bef4<>usedIn<>0<>keyChainings<>11": "1", "b9bc5e2d_ee23_4410_ab08_16aee1d8bef4<>usedIn<>0<>keyChainings<>12": "value", "b9bc5e2d_ee23_4410_ab08_16aee1d8bef4<>usedIn<>0<>keyChainings<>13": "parameters", "b9bc5e2d_ee23_4410_ab08_16aee1d8bef4<>usedIn<>0<>keyChainings<>14": "0", "b9bc5e2d_ee23_4410_ab08_16aee1d8bef4<>usedIn<>1<>keyChainings<>0": "BLOCK", "b9bc5e2d_ee23_4410_ab08_16aee1d8bef4<>usedIn<>1<>keyChainings<>1": "statements", "b9bc5e2d_ee23_4410_ab08_16aee1d8bef4<>usedIn<>1<>keyChainings<>2": "0", "b9bc5e2d_ee23_4410_ab08_16aee1d8bef4<>usedIn<>1<>keyChainings<>3": "bodyConfig", "b9bc5e2d_ee23_4410_ab08_16aee1d8bef4<>usedIn<>1<>keyChainings<>4": "statements", "b9bc5e2d_ee23_4410_ab08_16aee1d8bef4<>usedIn<>1<>keyChainings<>5": "4", "b9bc5e2d_ee23_4410_ab08_16aee1d8bef4<>usedIn<>1<>keyChainings<>6": "value", "b9bc5e2d_ee23_4410_ab08_16aee1d8bef4<>usedIn<>1<>keyChainings<>7": "children", "b9bc5e2d_ee23_4410_ab08_16aee1d8bef4<>usedIn<>1<>keyChainings<>8": "0", "b9bc5e2d_ee23_4410_ab08_16aee1d8bef4<>usedIn<>1<>keyChainings<>9": "children", "b9bc5e2d_ee23_4410_ab08_16aee1d8bef4<>usedIn<>1<>keyChainings<>10": "2", "b9bc5e2d_ee23_4410_ab08_16aee1d8bef4<>usedIn<>1<>keyChainings<>11": "attributes", "b9bc5e2d_ee23_4410_ab08_16aee1d8bef4<>usedIn<>1<>keyChainings<>12": "value", "b9bc5e2d_ee23_4410_ab08_16aee1d8bef4<>usedIn<>2<>keyChainings<>0": "BLOCK", "b9bc5e2d_ee23_4410_ab08_16aee1d8bef4<>usedIn<>2<>keyChainings<>1": "statements", "b9bc5e2d_ee23_4410_ab08_16aee1d8bef4<>usedIn<>2<>keyChainings<>2": "0", "b9bc5e2d_ee23_4410_ab08_16aee1d8bef4<>usedIn<>2<>keyChainings<>3": "bodyConfig", "b9bc5e2d_ee23_4410_ab08_16aee1d8bef4<>usedIn<>2<>keyChainings<>4": "statements", "b9bc5e2d_ee23_4410_ab08_16aee1d8bef4<>usedIn<>2<>keyChainings<>5": "4", "b9bc5e2d_ee23_4410_ab08_16aee1d8bef4<>usedIn<>2<>keyChainings<>6": "value", "b9bc5e2d_ee23_4410_ab08_16aee1d8bef4<>usedIn<>2<>keyChainings<>7": "children", "b9bc5e2d_ee23_4410_ab08_16aee1d8bef4<>usedIn<>2<>keyChainings<>8": "0", "b9bc5e2d_ee23_4410_ab08_16aee1d8bef4<>usedIn<>2<>keyChainings<>9": "children", "b9bc5e2d_ee23_4410_ab08_16aee1d8bef4<>usedIn<>2<>keyChainings<>10": "5", "b9bc5e2d_ee23_4410_ab08_16aee1d8bef4<>usedIn<>2<>keyChainings<>11": "attributes", "b9bc5e2d_ee23_4410_ab08_16aee1d8bef4<>usedIn<>2<>keyChainings<>12": "value", "b9bc5e2d_ee23_4410_ab08_16aee1d8bef4<>usedIn<>3<>keyChainings<>0": "BLOCK", "b9bc5e2d_ee23_4410_ab08_16aee1d8bef4<>usedIn<>3<>keyChainings<>1": "statements", "b9bc5e2d_ee23_4410_ab08_16aee1d8bef4<>usedIn<>3<>keyChainings<>2": "0", "b9bc5e2d_ee23_4410_ab08_16aee1d8bef4<>usedIn<>3<>keyChainings<>3": "bodyConfig", "b9bc5e2d_ee23_4410_ab08_16aee1d8bef4<>usedIn<>3<>keyChainings<>4": "statements", "b9bc5e2d_ee23_4410_ab08_16aee1d8bef4<>usedIn<>3<>keyChainings<>5": "4", "b9bc5e2d_ee23_4410_ab08_16aee1d8bef4<>usedIn<>3<>keyChainings<>6": "value", "b9bc5e2d_ee23_4410_ab08_16aee1d8bef4<>usedIn<>3<>keyChainings<>7": "children", "b9bc5e2d_ee23_4410_ab08_16aee1d8bef4<>usedIn<>3<>keyChainings<>8": "0", "b9bc5e2d_ee23_4410_ab08_16aee1d8bef4<>usedIn<>3<>keyChainings<>9": "children", "b9bc5e2d_ee23_4410_ab08_16aee1d8bef4<>usedIn<>3<>keyChainings<>10": "8", "b9bc5e2d_ee23_4410_ab08_16aee1d8bef4<>usedIn<>3<>keyChainings<>11": "attributes", "b9bc5e2d_ee23_4410_ab08_16aee1d8bef4<>usedIn<>3<>keyChainings<>12": "value", "b9bc5e2d_ee23_4410_ab08_16aee1d8bef4<>startIndex": 181, "b9bc5e2d_ee23_4410_ab08_16aee1d8bef4<>endIndex": 273, "8e412020_973e_45f5_b0f5_8a279fc37bec<>index": "BLOCK<>statements<>0<>bodyConfig<>statements<>0<>setterId", "8e412020_973e_45f5_b0f5_8a279fc37bec<>type": "REACT_SET_STATE", "8e412020_973e_45f5_b0f5_8a279fc37bec<>schema<>type": "FUNCTION", "8e412020_973e_45f5_b0f5_8a279fc37bec<>schema<>isAsync": false, "8e412020_973e_45f5_b0f5_8a279fc37bec<>schema<>parameters<>0<>name": "setterParam", "8e412020_973e_45f5_b0f5_8a279fc37bec<>schema<>parameters<>0<>schema<>selection": "anyOf", "8e412020_973e_45f5_b0f5_8a279fc37bec<>schema<>parameters<>0<>schema<>types<>0<>$ref": "66fae3a2_c1ad_4f2d_84c7_741ac681e45a", "8e412020_973e_45f5_b0f5_8a279fc37bec<>schema<>parameters<>0<>schema<>types<>1<>type": "FUNCTION", "8e412020_973e_45f5_b0f5_8a279fc37bec<>schema<>parameters<>0<>schema<>types<>1<>isAsync": false, "8e412020_973e_45f5_b0f5_8a279fc37bec<>schema<>parameters<>0<>schema<>types<>1<>parameters<>0<>name": "state", "8e412020_973e_45f5_b0f5_8a279fc37bec<>schema<>parameters<>0<>schema<>types<>1<>parameters<>0<>schema<>selection": "anyOf", "8e412020_973e_45f5_b0f5_8a279fc37bec<>schema<>parameters<>0<>schema<>types<>1<>parameters<>0<>schema<>types<>0<>$ref": "66fae3a2_c1ad_4f2d_84c7_741ac681e45a", "8e412020_973e_45f5_b0f5_8a279fc37bec<>schema<>parameters<>0<>schema<>types<>1<>returnType<>selection": "anyOf", "8e412020_973e_45f5_b0f5_8a279fc37bec<>schema<>parameters<>0<>schema<>types<>1<>returnType<>types<>0<>$ref": "66fae3a2_c1ad_4f2d_84c7_741ac681e45a", "8e412020_973e_45f5_b0f5_8a279fc37bec<>schema<>returnType<>type": "VOID", "8e412020_973e_45f5_b0f5_8a279fc37bec<>parentBlockId": "91563786_1110_4158_baa6_0166bd0c24c5", "8e412020_973e_45f5_b0f5_8a279fc37bec<>name": "setFormdata", "8e412020_973e_45f5_b0f5_8a279fc37bec<>usedIn<>0<>keyChainings<>0": "BLOCK", "8e412020_973e_45f5_b0f5_8a279fc37bec<>usedIn<>0<>keyChainings<>1": "statements", "8e412020_973e_45f5_b0f5_8a279fc37bec<>usedIn<>0<>keyChainings<>2": "0", "8e412020_973e_45f5_b0f5_8a279fc37bec<>usedIn<>0<>keyChainings<>3": "bodyConfig", "8e412020_973e_45f5_b0f5_8a279fc37bec<>usedIn<>0<>keyChainings<>4": "statements", "8e412020_973e_45f5_b0f5_8a279fc37bec<>usedIn<>0<>keyChainings<>5": "2", "8e412020_973e_45f5_b0f5_8a279fc37bec<>usedIn<>0<>keyChainings<>6": "bodyConfig", "8e412020_973e_45f5_b0f5_8a279fc37bec<>usedIn<>0<>keyChainings<>7": "statements", "8e412020_973e_45f5_b0f5_8a279fc37bec<>usedIn<>0<>keyChainings<>8": "0", "API_RES_ERROR_ID<>index": "BLOCK<>statements<>0<>bodyConfig<>statements<>1", "API_RES_ERROR_ID<>type": "REACT_USE_STATE", "API_RES_ERROR_ID<>parentBlockId": "91563786_1110_4158_baa6_0166bd0c24c5", "API_RES_ERROR_ID<>schema<>selection": "anyOf", "API_RES_ERROR_ID<>schema<>types<>0<>selection": "anyOf", "API_RES_ERROR_ID<>schema<>types<>0<>types<>0<>type": "STRING", "API_RES_ERROR_ID<>schema<>types<>0<>types<>1<>type": "NULL", "API_RES_ERROR_ID<>name": "error", "API_RES_ERROR_ID<>usedIn<>0<>keyChainings<>0": "BLOCK", "API_RES_ERROR_ID<>usedIn<>0<>keyChainings<>1": "statements", "API_RES_ERROR_ID<>usedIn<>0<>keyChainings<>2": "0", "API_RES_ERROR_ID<>usedIn<>0<>keyChainings<>3": "bodyConfig", "API_RES_ERROR_ID<>usedIn<>0<>keyChainings<>4": "statements", "API_RES_ERROR_ID<>usedIn<>0<>keyChainings<>5": "4", "API_RES_ERROR_ID<>usedIn<>0<>keyChainings<>6": "value", "API_RES_ERROR_ID<>usedIn<>0<>keyChainings<>7": "children", "API_RES_ERROR_ID<>usedIn<>0<>keyChainings<>8": "0", "API_RES_ERROR_ID<>usedIn<>0<>keyChainings<>9": "children", "API_RES_ERROR_ID<>usedIn<>0<>keyChainings<>10": "0", "API_RES_ERROR_ID<>usedIn<>0<>keyChainings<>11": "condition", "API_RES_ERROR_ID<>usedIn<>1<>keyChainings<>0": "BLOCK", "API_RES_ERROR_ID<>usedIn<>1<>keyChainings<>1": "statements", "API_RES_ERROR_ID<>usedIn<>1<>keyChainings<>2": "0", "API_RES_ERROR_ID<>usedIn<>1<>keyChainings<>3": "bodyConfig", "API_RES_ERROR_ID<>usedIn<>1<>keyChainings<>4": "statements", "API_RES_ERROR_ID<>usedIn<>1<>keyChainings<>5": "4", "API_RES_ERROR_ID<>usedIn<>1<>keyChainings<>6": "value", "API_RES_ERROR_ID<>usedIn<>1<>keyChainings<>7": "children", "API_RES_ERROR_ID<>usedIn<>1<>keyChainings<>8": "0", "API_RES_ERROR_ID<>usedIn<>1<>keyChainings<>9": "children", "API_RES_ERROR_ID<>usedIn<>1<>keyChainings<>10": "0", "API_RES_ERROR_ID<>usedIn<>1<>keyChainings<>11": "trueCase", "API_RES_ERROR_ID<>usedIn<>1<>keyChainings<>12": "children", "API_RES_ERROR_ID<>usedIn<>1<>keyChainings<>13": "0", "API_RES_ERROR_ID<>usedIn<>1<>keyChainings<>14": "value", "API_RES_ERROR_ID<>startIndex": 279, "API_RES_ERROR_ID<>endIndex": 317, "API_RES_ERROR_SETTER_ID<>index": "BLOCK<>statements<>0<>bodyConfig<>statements<>1<>setterId", "API_RES_ERROR_SETTER_ID<>type": "REACT_SET_STATE", "API_RES_ERROR_SETTER_ID<>schema<>type": "FUNCTION", "API_RES_ERROR_SETTER_ID<>schema<>isAsync": false, "API_RES_ERROR_SETTER_ID<>schema<>parameters<>0<>name": "setterParam", "API_RES_ERROR_SETTER_ID<>schema<>parameters<>0<>schema<>selection": "anyOf", "API_RES_ERROR_SETTER_ID<>schema<>parameters<>0<>schema<>types<>0<>selection": "anyOf", "API_RES_ERROR_SETTER_ID<>schema<>parameters<>0<>schema<>types<>0<>types<>0<>type": "STRING", "API_RES_ERROR_SETTER_ID<>schema<>parameters<>0<>schema<>types<>0<>types<>1<>type": "NULL", "API_RES_ERROR_SETTER_ID<>schema<>parameters<>0<>schema<>types<>1<>type": "FUNCTION", "API_RES_ERROR_SETTER_ID<>schema<>parameters<>0<>schema<>types<>1<>isAsync": false, "API_RES_ERROR_SETTER_ID<>schema<>parameters<>0<>schema<>types<>1<>parameters<>0<>name": "state", "API_RES_ERROR_SETTER_ID<>schema<>parameters<>0<>schema<>types<>1<>parameters<>0<>schema<>selection": "anyOf", "API_RES_ERROR_SETTER_ID<>schema<>parameters<>0<>schema<>types<>1<>parameters<>0<>schema<>types<>0<>selection": "anyOf", "API_RES_ERROR_SETTER_ID<>schema<>parameters<>0<>schema<>types<>1<>parameters<>0<>schema<>types<>0<>types<>0<>type": "STRING", "API_RES_ERROR_SETTER_ID<>schema<>parameters<>0<>schema<>types<>1<>parameters<>0<>schema<>types<>0<>types<>1<>type": "NULL", "API_RES_ERROR_SETTER_ID<>schema<>parameters<>0<>schema<>types<>1<>returnType<>selection": "anyOf", "API_RES_ERROR_SETTER_ID<>schema<>parameters<>0<>schema<>types<>1<>returnType<>types<>0<>selection": "anyOf", "API_RES_ERROR_SETTER_ID<>schema<>parameters<>0<>schema<>types<>1<>returnType<>types<>0<>types<>0<>type": "STRING", "API_RES_ERROR_SETTER_ID<>schema<>parameters<>0<>schema<>types<>1<>returnType<>types<>0<>types<>1<>type": "NULL", "API_RES_ERROR_SETTER_ID<>schema<>returnType<>type": "VOID", "API_RES_ERROR_SETTER_ID<>parentBlockId": "91563786_1110_4158_baa6_0166bd0c24c5", "API_RES_ERROR_SETTER_ID<>name": "setError", "API_RES_ERROR_SETTER_ID<>usedIn<>0<>keyChainings<>0": "BLOCK", "API_RES_ERROR_SETTER_ID<>usedIn<>0<>keyChainings<>1": "statements", "API_RES_ERROR_SETTER_ID<>usedIn<>0<>keyChainings<>2": "0", "API_RES_ERROR_SETTER_ID<>usedIn<>0<>keyChainings<>3": "bodyConfig", "API_RES_ERROR_SETTER_ID<>usedIn<>0<>keyChainings<>4": "statements", "API_RES_ERROR_SETTER_ID<>usedIn<>0<>keyChainings<>5": "3", "API_RES_ERROR_SETTER_ID<>usedIn<>0<>keyChainings<>6": "bodyConfig", "API_RES_ERROR_SETTER_ID<>usedIn<>0<>keyChainings<>7": "statements", "API_RES_ERROR_SETTER_ID<>usedIn<>0<>keyChainings<>8": "0", "API_RES_ERROR_SETTER_ID<>usedIn<>0<>keyChainings<>9": "tryBody", "API_RES_ERROR_SETTER_ID<>usedIn<>0<>keyChainings<>10": "statements", "API_RES_ERROR_SETTER_ID<>usedIn<>0<>keyChainings<>11": "2", "API_RES_ERROR_SETTER_ID<>usedIn<>1<>keyChainings<>0": "BLOCK", "API_RES_ERROR_SETTER_ID<>usedIn<>1<>keyChainings<>1": "statements", "API_RES_ERROR_SETTER_ID<>usedIn<>1<>keyChainings<>2": "0", "API_RES_ERROR_SETTER_ID<>usedIn<>1<>keyChainings<>3": "bodyConfig", "API_RES_ERROR_SETTER_ID<>usedIn<>1<>keyChainings<>4": "statements", "API_RES_ERROR_SETTER_ID<>usedIn<>1<>keyChainings<>5": "3", "API_RES_ERROR_SETTER_ID<>usedIn<>1<>keyChainings<>6": "bodyConfig", "API_RES_ERROR_SETTER_ID<>usedIn<>1<>keyChainings<>7": "statements", "API_RES_ERROR_SETTER_ID<>usedIn<>1<>keyChainings<>8": "0", "API_RES_ERROR_SETTER_ID<>usedIn<>1<>keyChainings<>9": "catchBody", "API_RES_ERROR_SETTER_ID<>usedIn<>1<>keyChainings<>10": "statements", "API_RES_ERROR_SETTER_ID<>usedIn<>1<>keyChainings<>11": "0", "92cf9639_083d_4ad8_9289_d6dd4acf8f30<>index": "BLOCK<>statements<>0<>bodyConfig<>statements<>2", "92cf9639_083d_4ad8_9289_d6dd4acf8f30<>type": "FUNCTION", "92cf9639_083d_4ad8_9289_d6dd4acf8f30<>parentBlockId": "91563786_1110_4158_baa6_0166bd0c24c5", "92cf9639_083d_4ad8_9289_d6dd4acf8f30<>schema<>type": "FUNCTION", "92cf9639_083d_4ad8_9289_d6dd4acf8f30<>schema<>returnType<>selection": "anyOf", "92cf9639_083d_4ad8_9289_d6dd4acf8f30<>schema<>returnType<>types<>0<>type": "VOID", "92cf9639_083d_4ad8_9289_d6dd4acf8f30<>schema<>parameters<>0<>defaultValue": null, "92cf9639_083d_4ad8_9289_d6dd4acf8f30<>schema<>parameters<>0<>description": "", "92cf9639_083d_4ad8_9289_d6dd4acf8f30<>schema<>parameters<>0<>id": "f48bd1a5_4153_4225_acaf_d94dc65b7e74", "92cf9639_083d_4ad8_9289_d6dd4acf8f30<>schema<>parameters<>0<>isRequired": false, "92cf9639_083d_4ad8_9289_d6dd4acf8f30<>schema<>parameters<>0<>name": "e", "92cf9639_083d_4ad8_9289_d6dd4acf8f30<>schema<>parameters<>0<>schema<>selection": "anyOf", "92cf9639_083d_4ad8_9289_d6dd4acf8f30<>schema<>parameters<>0<>schema<>types<>0<>type": "ANY", "92cf9639_083d_4ad8_9289_d6dd4acf8f30<>name": "handleFormChange", "92cf9639_083d_4ad8_9289_d6dd4acf8f30<>usedIn<>0<>keyChainings<>0": "BLOCK", "92cf9639_083d_4ad8_9289_d6dd4acf8f30<>usedIn<>0<>keyChainings<>1": "statements", "92cf9639_083d_4ad8_9289_d6dd4acf8f30<>usedIn<>0<>keyChainings<>2": "0", "92cf9639_083d_4ad8_9289_d6dd4acf8f30<>usedIn<>0<>keyChainings<>3": "bodyConfig", "92cf9639_083d_4ad8_9289_d6dd4acf8f30<>usedIn<>0<>keyChainings<>4": "statements", "92cf9639_083d_4ad8_9289_d6dd4acf8f30<>usedIn<>0<>keyChainings<>5": "4", "92cf9639_083d_4ad8_9289_d6dd4acf8f30<>usedIn<>0<>keyChainings<>6": "value", "92cf9639_083d_4ad8_9289_d6dd4acf8f30<>usedIn<>0<>keyChainings<>7": "children", "92cf9639_083d_4ad8_9289_d6dd4acf8f30<>usedIn<>0<>keyChainings<>8": "0", "92cf9639_083d_4ad8_9289_d6dd4acf8f30<>usedIn<>0<>keyChainings<>9": "children", "92cf9639_083d_4ad8_9289_d6dd4acf8f30<>usedIn<>0<>keyChainings<>10": "2", "92cf9639_083d_4ad8_9289_d6dd4acf8f30<>usedIn<>0<>keyChainings<>11": "attributes", "92cf9639_083d_4ad8_9289_d6dd4acf8f30<>usedIn<>0<>keyChainings<>12": "onChange", "92cf9639_083d_4ad8_9289_d6dd4acf8f30<>usedIn<>1<>keyChainings<>0": "BLOCK", "92cf9639_083d_4ad8_9289_d6dd4acf8f30<>usedIn<>1<>keyChainings<>1": "statements", "92cf9639_083d_4ad8_9289_d6dd4acf8f30<>usedIn<>1<>keyChainings<>2": "0", "92cf9639_083d_4ad8_9289_d6dd4acf8f30<>usedIn<>1<>keyChainings<>3": "bodyConfig", "92cf9639_083d_4ad8_9289_d6dd4acf8f30<>usedIn<>1<>keyChainings<>4": "statements", "92cf9639_083d_4ad8_9289_d6dd4acf8f30<>usedIn<>1<>keyChainings<>5": "4", "92cf9639_083d_4ad8_9289_d6dd4acf8f30<>usedIn<>1<>keyChainings<>6": "value", "92cf9639_083d_4ad8_9289_d6dd4acf8f30<>usedIn<>1<>keyChainings<>7": "children", "92cf9639_083d_4ad8_9289_d6dd4acf8f30<>usedIn<>1<>keyChainings<>8": "0", "92cf9639_083d_4ad8_9289_d6dd4acf8f30<>usedIn<>1<>keyChainings<>9": "children", "92cf9639_083d_4ad8_9289_d6dd4acf8f30<>usedIn<>1<>keyChainings<>10": "5", "92cf9639_083d_4ad8_9289_d6dd4acf8f30<>usedIn<>1<>keyChainings<>11": "attributes", "92cf9639_083d_4ad8_9289_d6dd4acf8f30<>usedIn<>1<>keyChainings<>12": "onChange", "92cf9639_083d_4ad8_9289_d6dd4acf8f30<>usedIn<>2<>keyChainings<>0": "BLOCK", "92cf9639_083d_4ad8_9289_d6dd4acf8f30<>usedIn<>2<>keyChainings<>1": "statements", "92cf9639_083d_4ad8_9289_d6dd4acf8f30<>usedIn<>2<>keyChainings<>2": "0", "92cf9639_083d_4ad8_9289_d6dd4acf8f30<>usedIn<>2<>keyChainings<>3": "bodyConfig", "92cf9639_083d_4ad8_9289_d6dd4acf8f30<>usedIn<>2<>keyChainings<>4": "statements", "92cf9639_083d_4ad8_9289_d6dd4acf8f30<>usedIn<>2<>keyChainings<>5": "4", "92cf9639_083d_4ad8_9289_d6dd4acf8f30<>usedIn<>2<>keyChainings<>6": "value", "92cf9639_083d_4ad8_9289_d6dd4acf8f30<>usedIn<>2<>keyChainings<>7": "children", "92cf9639_083d_4ad8_9289_d6dd4acf8f30<>usedIn<>2<>keyChainings<>8": "0", "92cf9639_083d_4ad8_9289_d6dd4acf8f30<>usedIn<>2<>keyChainings<>9": "children", "92cf9639_083d_4ad8_9289_d6dd4acf8f30<>usedIn<>2<>keyChainings<>10": "8", "92cf9639_083d_4ad8_9289_d6dd4acf8f30<>usedIn<>2<>keyChainings<>11": "attributes", "92cf9639_083d_4ad8_9289_d6dd4acf8f30<>usedIn<>2<>keyChainings<>12": "onChange", "92cf9639_083d_4ad8_9289_d6dd4acf8f30<>startIndex": 323, "92cf9639_083d_4ad8_9289_d6dd4acf8f30<>endIndex": 537, "f48bd1a5_4153_4225_acaf_d94dc65b7e74<>index": "BLOCK<>statements<>0<>bodyConfig<>statements<>2<>schema<>parameters<>0", "f48bd1a5_4153_4225_acaf_d94dc65b7e74<>type": "PARAM", "f48bd1a5_4153_4225_acaf_d94dc65b7e74<>name": "e", "f48bd1a5_4153_4225_acaf_d94dc65b7e74<>parentBlockId": "91563786_1110_4158_baa6_0166bd0c24c5", "f48bd1a5_4153_4225_acaf_d94dc65b7e74<>paramStartIndex": 334, "f48bd1a5_4153_4225_acaf_d94dc65b7e74<>paramEndIndex": 334, "c7989a8e_b330_4ebc_9df3_5dbb168b0ac1<>index": "BLOCK<>statements<>0<>bodyConfig<>statements<>2<>bodyConfig", "c7989a8e_b330_4ebc_9df3_5dbb168b0ac1<>type": "BLOCK", "c7989a8e_b330_4ebc_9df3_5dbb168b0ac1<>parentBlockId": "91563786_1110_4158_baa6_0166bd0c24c5", "c7989a8e_b330_4ebc_9df3_5dbb168b0ac1<>parentFunctionId": "92cf9639_083d_4ad8_9289_d6dd4acf8f30", "c7989a8e_b330_4ebc_9df3_5dbb168b0ac1<>parent_scope<>Createcontactinfo": "3c563cba_91c6_4f3d_a7a8_a8c37a6455b1", "c7989a8e_b330_4ebc_9df3_5dbb168b0ac1<>parent_scope<>FormData": "b9bc5e2d_ee23_4410_ab08_16aee1d8bef4", "c7989a8e_b330_4ebc_9df3_5dbb168b0ac1<>parent_scope<>setFormdata": "8e412020_973e_45f5_b0f5_8a279fc37bec", "c7989a8e_b330_4ebc_9df3_5dbb168b0ac1<>parent_scope<>error": "API_RES_ERROR_ID", "c7989a8e_b330_4ebc_9df3_5dbb168b0ac1<>parent_scope<>setError": "API_RES_ERROR_SETTER_ID", "c7989a8e_b330_4ebc_9df3_5dbb168b0ac1<>parent_scope<>handleFormChange": "92cf9639_083d_4ad8_9289_d6dd4acf8f30", "c7989a8e_b330_4ebc_9df3_5dbb168b0ac1<>scope<>e": "f48bd1a5_4153_4225_acaf_d94dc65b7e74", "c7989a8e_b330_4ebc_9df3_5dbb168b0ac1<>startIndex": 355, "c7989a8e_b330_4ebc_9df3_5dbb168b0ac1<>endIndex": 537, "cea43cb9_02eb_423d_a9ce_55242ae96c22<>index": "BLOCK<>statements<>0<>bodyConfig<>statements<>2<>bodyConfig<>statements<>0", "cea43cb9_02eb_423d_a9ce_55242ae96c22<>type": "FUNCTION_CALL", "cea43cb9_02eb_423d_a9ce_55242ae96c22<>parentBlockId": "c7989a8e_b330_4ebc_9df3_5dbb168b0ac1", "cea43cb9_02eb_423d_a9ce_55242ae96c22<>startIndex": 361, "cea43cb9_02eb_423d_a9ce_55242ae96c22<>endIndex": 531, "45e8f522_6fc7_4c1f_9ca5_6bc2159629cb<>index": "BLOCK<>statements<>0<>bodyConfig<>statements<>2<>bodyConfig<>statements<>0<>parameters<>0", "45e8f522_6fc7_4c1f_9ca5_6bc2159629cb<>type": "FUNCTION", "45e8f522_6fc7_4c1f_9ca5_6bc2159629cb<>parentBlockId": "c7989a8e_b330_4ebc_9df3_5dbb168b0ac1", "45e8f522_6fc7_4c1f_9ca5_6bc2159629cb<>schema<>parameters<>0<>defaultValue": null, "45e8f522_6fc7_4c1f_9ca5_6bc2159629cb<>schema<>parameters<>0<>description": "", "45e8f522_6fc7_4c1f_9ca5_6bc2159629cb<>schema<>parameters<>0<>id": "6a68309a_c540_460e_9397_caf0dd25a734", "45e8f522_6fc7_4c1f_9ca5_6bc2159629cb<>schema<>parameters<>0<>isRequired": false, "45e8f522_6fc7_4c1f_9ca5_6bc2159629cb<>schema<>parameters<>0<>name": "prev", "45e8f522_6fc7_4c1f_9ca5_6bc2159629cb<>schema<>parameters<>0<>schema<>selection": "anyOf", "45e8f522_6fc7_4c1f_9ca5_6bc2159629cb<>schema<>parameters<>0<>schema<>types<>0<>$ref": "66fae3a2_c1ad_4f2d_84c7_741ac681e45a", "45e8f522_6fc7_4c1f_9ca5_6bc2159629cb<>schema<>returnType<>selection": "anyOf", "45e8f522_6fc7_4c1f_9ca5_6bc2159629cb<>schema<>returnType<>types<>0<>type": "any", "45e8f522_6fc7_4c1f_9ca5_6bc2159629cb<>schema<>type": "FUNCTION", "45e8f522_6fc7_4c1f_9ca5_6bc2159629cb<>returnStatements<>0<>statement_id": "180bad42_62dd_47a9_846f_bd58d97596c5", "45e8f522_6fc7_4c1f_9ca5_6bc2159629cb<>returnStatements<>0<>index": "BLOCK<>statements<>0<>bodyConfig<>statements<>2<>bodyConfig<>statements<>0<>parameters<>0<>bodyConfig<>statements<>1", "45e8f522_6fc7_4c1f_9ca5_6bc2159629cb<>startIndex": 374, "45e8f522_6fc7_4c1f_9ca5_6bc2159629cb<>endIndex": 531, "6a68309a_c540_460e_9397_caf0dd25a734<>index": "BLOCK<>statements<>0<>bodyConfig<>statements<>2<>bodyConfig<>statements<>0<>parameters<>0<>schema<>parameters<>0", "6a68309a_c540_460e_9397_caf0dd25a734<>type": "PARAM", "6a68309a_c540_460e_9397_caf0dd25a734<>name": "prev", "6a68309a_c540_460e_9397_caf0dd25a734<>parentBlockId": "c7989a8e_b330_4ebc_9df3_5dbb168b0ac1", "6a68309a_c540_460e_9397_caf0dd25a734<>usedIn<>0<>keyChainings<>0": "BLOCK", "6a68309a_c540_460e_9397_caf0dd25a734<>usedIn<>0<>keyChainings<>1": "statements", "6a68309a_c540_460e_9397_caf0dd25a734<>usedIn<>0<>keyChainings<>2": "0", "6a68309a_c540_460e_9397_caf0dd25a734<>usedIn<>0<>keyChainings<>3": "bodyConfig", "6a68309a_c540_460e_9397_caf0dd25a734<>usedIn<>0<>keyChainings<>4": "statements", "6a68309a_c540_460e_9397_caf0dd25a734<>usedIn<>0<>keyChainings<>5": "2", "6a68309a_c540_460e_9397_caf0dd25a734<>usedIn<>0<>keyChainings<>6": "bodyConfig", "6a68309a_c540_460e_9397_caf0dd25a734<>usedIn<>0<>keyChainings<>7": "statements", "6a68309a_c540_460e_9397_caf0dd25a734<>usedIn<>0<>keyChainings<>8": "0", "6a68309a_c540_460e_9397_caf0dd25a734<>usedIn<>0<>keyChainings<>9": "parameters", "6a68309a_c540_460e_9397_caf0dd25a734<>usedIn<>0<>keyChainings<>10": "0", "6a68309a_c540_460e_9397_caf0dd25a734<>usedIn<>0<>keyChainings<>11": "bodyConfig", "6a68309a_c540_460e_9397_caf0dd25a734<>usedIn<>0<>keyChainings<>12": "statements", "6a68309a_c540_460e_9397_caf0dd25a734<>usedIn<>0<>keyChainings<>13": "1", "6a68309a_c540_460e_9397_caf0dd25a734<>usedIn<>0<>keyChainings<>14": "value", "6a68309a_c540_460e_9397_caf0dd25a734<>usedIn<>0<>keyChainings<>15": "properties", "6a68309a_c540_460e_9397_caf0dd25a734<>usedIn<>0<>keyChainings<>16": "0", "6a68309a_c540_460e_9397_caf0dd25a734<>usedIn<>0<>keyChainings<>17": "value", "6a68309a_c540_460e_9397_caf0dd25a734<>paramStartIndex": 374, "6a68309a_c540_460e_9397_caf0dd25a734<>paramEndIndex": 377, "e9b93b98_c112_4a9b_95c1_03f7c6924429<>index": "BLOCK<>statements<>0<>bodyConfig<>statements<>2<>bodyConfig<>statements<>0<>parameters<>0<>bodyConfig", "e9b93b98_c112_4a9b_95c1_03f7c6924429<>type": "BLOCK", "e9b93b98_c112_4a9b_95c1_03f7c6924429<>parentBlockId": "c7989a8e_b330_4ebc_9df3_5dbb168b0ac1", "e9b93b98_c112_4a9b_95c1_03f7c6924429<>parentFunctionId": "45e8f522_6fc7_4c1f_9ca5_6bc2159629cb", "e9b93b98_c112_4a9b_95c1_03f7c6924429<>parent_scope<>Createcontactinfo": "3c563cba_91c6_4f3d_a7a8_a8c37a6455b1", "e9b93b98_c112_4a9b_95c1_03f7c6924429<>parent_scope<>FormData": "b9bc5e2d_ee23_4410_ab08_16aee1d8bef4", "e9b93b98_c112_4a9b_95c1_03f7c6924429<>parent_scope<>setFormdata": "8e412020_973e_45f5_b0f5_8a279fc37bec", "e9b93b98_c112_4a9b_95c1_03f7c6924429<>parent_scope<>error": "API_RES_ERROR_ID", "e9b93b98_c112_4a9b_95c1_03f7c6924429<>parent_scope<>setError": "API_RES_ERROR_SETTER_ID", "e9b93b98_c112_4a9b_95c1_03f7c6924429<>parent_scope<>handleFormChange": "92cf9639_083d_4ad8_9289_d6dd4acf8f30", "e9b93b98_c112_4a9b_95c1_03f7c6924429<>parent_scope<>e": "f48bd1a5_4153_4225_acaf_d94dc65b7e74", "e9b93b98_c112_4a9b_95c1_03f7c6924429<>scope<>prev": "6a68309a_c540_460e_9397_caf0dd25a734", "e9b93b98_c112_4a9b_95c1_03f7c6924429<>startIndex": 383, "e9b93b98_c112_4a9b_95c1_03f7c6924429<>endIndex": 531, "d979bd75_1f82_48d6_9555_19e1a04f2c5b<>index": "BLOCK<>statements<>0<>bodyConfig<>statements<>2<>bodyConfig<>statements<>0<>parameters<>0<>bodyConfig<>statements<>0", "d979bd75_1f82_48d6_9555_19e1a04f2c5b<>type": "CUSTOM", "d979bd75_1f82_48d6_9555_19e1a04f2c5b<>parentBlockId": "e9b93b98_c112_4a9b_95c1_03f7c6924429", "d979bd75_1f82_48d6_9555_19e1a04f2c5b<>startIndex": 383, "d979bd75_1f82_48d6_9555_19e1a04f2c5b<>endIndex": 383, "180bad42_62dd_47a9_846f_bd58d97596c5<>index": "BLOCK<>statements<>0<>bodyConfig<>statements<>2<>bodyConfig<>statements<>0<>parameters<>0<>bodyConfig<>statements<>1", "180bad42_62dd_47a9_846f_bd58d97596c5<>type": "RETURN", "180bad42_62dd_47a9_846f_bd58d97596c5<>parentBlockId": "e9b93b98_c112_4a9b_95c1_03f7c6924429", "180bad42_62dd_47a9_846f_bd58d97596c5<>startIndex": 391, "180bad42_62dd_47a9_846f_bd58d97596c5<>endIndex": 524, "0e38b72b_29ab_4be7_9abc_0dd4175a6bc7<>index": "BLOCK<>statements<>0<>bodyConfig<>statements<>3", "0e38b72b_29ab_4be7_9abc_0dd4175a6bc7<>type": "FUNCTION", "0e38b72b_29ab_4be7_9abc_0dd4175a6bc7<>parentBlockId": "91563786_1110_4158_baa6_0166bd0c24c5", "0e38b72b_29ab_4be7_9abc_0dd4175a6bc7<>schema<>type": "FUNCTION", "0e38b72b_29ab_4be7_9abc_0dd4175a6bc7<>schema<>returnType<>selection": "anyOf", "0e38b72b_29ab_4be7_9abc_0dd4175a6bc7<>schema<>returnType<>types<>0<>type": "VOID", "0e38b72b_29ab_4be7_9abc_0dd4175a6bc7<>schema<>parameters<>0<>defaultValue": null, "0e38b72b_29ab_4be7_9abc_0dd4175a6bc7<>schema<>parameters<>0<>description": "", "0e38b72b_29ab_4be7_9abc_0dd4175a6bc7<>schema<>parameters<>0<>id": "7aef961d_21ed_48b9_a1a6_7254899d3c43", "0e38b72b_29ab_4be7_9abc_0dd4175a6bc7<>schema<>parameters<>0<>isRequired": false, "0e38b72b_29ab_4be7_9abc_0dd4175a6bc7<>schema<>parameters<>0<>name": "e", "0e38b72b_29ab_4be7_9abc_0dd4175a6bc7<>schema<>parameters<>0<>schema<>selection": "anyOf", "0e38b72b_29ab_4be7_9abc_0dd4175a6bc7<>schema<>parameters<>0<>schema<>types<>0<>type": "ANY", "0e38b72b_29ab_4be7_9abc_0dd4175a6bc7<>name": "handleFormSubmit", "0e38b72b_29ab_4be7_9abc_0dd4175a6bc7<>usedIn<>0<>keyChainings<>0": "BLOCK", "0e38b72b_29ab_4be7_9abc_0dd4175a6bc7<>usedIn<>0<>keyChainings<>1": "statements", "0e38b72b_29ab_4be7_9abc_0dd4175a6bc7<>usedIn<>0<>keyChainings<>2": "0", "0e38b72b_29ab_4be7_9abc_0dd4175a6bc7<>usedIn<>0<>keyChainings<>3": "bodyConfig", "0e38b72b_29ab_4be7_9abc_0dd4175a6bc7<>usedIn<>0<>keyChainings<>4": "statements", "0e38b72b_29ab_4be7_9abc_0dd4175a6bc7<>usedIn<>0<>keyChainings<>5": "4", "0e38b72b_29ab_4be7_9abc_0dd4175a6bc7<>usedIn<>0<>keyChainings<>6": "value", "0e38b72b_29ab_4be7_9abc_0dd4175a6bc7<>usedIn<>0<>keyChainings<>7": "children", "0e38b72b_29ab_4be7_9abc_0dd4175a6bc7<>usedIn<>0<>keyChainings<>8": "0", "0e38b72b_29ab_4be7_9abc_0dd4175a6bc7<>usedIn<>0<>keyChainings<>9": "attributes", "0e38b72b_29ab_4be7_9abc_0dd4175a6bc7<>usedIn<>0<>keyChainings<>10": "onSubmit", "0e38b72b_29ab_4be7_9abc_0dd4175a6bc7<>startIndex": 542, "0e38b72b_29ab_4be7_9abc_0dd4175a6bc7<>endIndex": 794, "7aef961d_21ed_48b9_a1a6_7254899d3c43<>index": "BLOCK<>statements<>0<>bodyConfig<>statements<>3<>schema<>parameters<>0", "7aef961d_21ed_48b9_a1a6_7254899d3c43<>type": "PARAM", "7aef961d_21ed_48b9_a1a6_7254899d3c43<>name": "e", "7aef961d_21ed_48b9_a1a6_7254899d3c43<>parentBlockId": "91563786_1110_4158_baa6_0166bd0c24c5", "7aef961d_21ed_48b9_a1a6_7254899d3c43<>paramStartIndex": 553, "7aef961d_21ed_48b9_a1a6_7254899d3c43<>paramEndIndex": 553, "8037caa8_73c4_4ea2_9c31_89b843a39fd3<>index": "BLOCK<>statements<>0<>bodyConfig<>statements<>3<>bodyConfig", "8037caa8_73c4_4ea2_9c31_89b843a39fd3<>type": "BLOCK", "8037caa8_73c4_4ea2_9c31_89b843a39fd3<>parentBlockId": "91563786_1110_4158_baa6_0166bd0c24c5", "8037caa8_73c4_4ea2_9c31_89b843a39fd3<>parentFunctionId": "0e38b72b_29ab_4be7_9abc_0dd4175a6bc7", "8037caa8_73c4_4ea2_9c31_89b843a39fd3<>parent_scope<>Createcontactinfo": "3c563cba_91c6_4f3d_a7a8_a8c37a6455b1", "8037caa8_73c4_4ea2_9c31_89b843a39fd3<>parent_scope<>FormData": "b9bc5e2d_ee23_4410_ab08_16aee1d8bef4", "8037caa8_73c4_4ea2_9c31_89b843a39fd3<>parent_scope<>setFormdata": "8e412020_973e_45f5_b0f5_8a279fc37bec", "8037caa8_73c4_4ea2_9c31_89b843a39fd3<>parent_scope<>error": "API_RES_ERROR_ID", "8037caa8_73c4_4ea2_9c31_89b843a39fd3<>parent_scope<>setError": "API_RES_ERROR_SETTER_ID", "8037caa8_73c4_4ea2_9c31_89b843a39fd3<>parent_scope<>handleFormChange": "92cf9639_083d_4ad8_9289_d6dd4acf8f30", "8037caa8_73c4_4ea2_9c31_89b843a39fd3<>parent_scope<>handleFormSubmit": "0e38b72b_29ab_4be7_9abc_0dd4175a6bc7", "8037caa8_73c4_4ea2_9c31_89b843a39fd3<>scope<>e": "7aef961d_21ed_48b9_a1a6_7254899d3c43", "8037caa8_73c4_4ea2_9c31_89b843a39fd3<>startIndex": 580, "8037caa8_73c4_4ea2_9c31_89b843a39fd3<>endIndex": 794, "d4d81669_5c28_429c_af12_d40ea9901e2f<>index": "BLOCK<>statements<>0<>bodyConfig<>statements<>3<>bodyConfig<>statements<>0", "d4d81669_5c28_429c_af12_d40ea9901e2f<>type": "TRY_CATCH", "d4d81669_5c28_429c_af12_d40ea9901e2f<>parentBlockId": "8037caa8_73c4_4ea2_9c31_89b843a39fd3", "d4d81669_5c28_429c_af12_d40ea9901e2f<>startIndex": 586, "d4d81669_5c28_429c_af12_d40ea9901e2f<>endIndex": 790, "1fad6484_d470_44a0_b111_5412957804ff<>index": "BLOCK<>statements<>0<>bodyConfig<>statements<>3<>bodyConfig<>statements<>0<>tryBody", "1fad6484_d470_44a0_b111_5412957804ff<>type": "BLOCK", "1fad6484_d470_44a0_b111_5412957804ff<>parentBlockId": "8037caa8_73c4_4ea2_9c31_89b843a39fd3", "1fad6484_d470_44a0_b111_5412957804ff<>parentFunctionId": "0e38b72b_29ab_4be7_9abc_0dd4175a6bc7", "1fad6484_d470_44a0_b111_5412957804ff<>parent_scope<>Createcontactinfo": "3c563cba_91c6_4f3d_a7a8_a8c37a6455b1", "1fad6484_d470_44a0_b111_5412957804ff<>parent_scope<>FormData": "b9bc5e2d_ee23_4410_ab08_16aee1d8bef4", "1fad6484_d470_44a0_b111_5412957804ff<>parent_scope<>setFormdata": "8e412020_973e_45f5_b0f5_8a279fc37bec", "1fad6484_d470_44a0_b111_5412957804ff<>parent_scope<>error": "API_RES_ERROR_ID", "1fad6484_d470_44a0_b111_5412957804ff<>parent_scope<>setError": "API_RES_ERROR_SETTER_ID", "1fad6484_d470_44a0_b111_5412957804ff<>parent_scope<>handleFormChange": "92cf9639_083d_4ad8_9289_d6dd4acf8f30", "1fad6484_d470_44a0_b111_5412957804ff<>parent_scope<>handleFormSubmit": "0e38b72b_29ab_4be7_9abc_0dd4175a6bc7", "1fad6484_d470_44a0_b111_5412957804ff<>parent_scope<>e": "7aef961d_21ed_48b9_a1a6_7254899d3c43", "1fad6484_d470_44a0_b111_5412957804ff<>scope<>response": "f0b06ed2_08be_4029_aec5_90b5529966cb", "1fad6484_d470_44a0_b111_5412957804ff<>startIndex": 590, "1fad6484_d470_44a0_b111_5412957804ff<>endIndex": 696, "4ba361ff_e3ef_44fe_af56_595d7b2172e7<>index": "BLOCK<>statements<>0<>bodyConfig<>statements<>3<>bodyConfig<>statements<>0<>tryBody<>statements<>0", "4ba361ff_e3ef_44fe_af56_595d7b2172e7<>type": "CUSTOM", "4ba361ff_e3ef_44fe_af56_595d7b2172e7<>parentBlockId": "1fad6484_d470_44a0_b111_5412957804ff", "4ba361ff_e3ef_44fe_af56_595d7b2172e7<>startIndex": 598, "4ba361ff_e3ef_44fe_af56_595d7b2172e7<>endIndex": 613, "f0b06ed2_08be_4029_aec5_90b5529966cb<>index": "BLOCK<>statements<>0<>bodyConfig<>statements<>3<>bodyConfig<>statements<>0<>tryBody<>statements<>1", "f0b06ed2_08be_4029_aec5_90b5529966cb<>type": "DECLARATION", "f0b06ed2_08be_4029_aec5_90b5529966cb<>parentBlockId": "1fad6484_d470_44a0_b111_5412957804ff", "f0b06ed2_08be_4029_aec5_90b5529966cb<>schema<>selection": "anyOf", "f0b06ed2_08be_4029_aec5_90b5529966cb<>schema<>types<>0<>type": "ANY", "f0b06ed2_08be_4029_aec5_90b5529966cb<>schema<>types<>1<>templateInputs<>0<>selection": "anyOf", "f0b06ed2_08be_4029_aec5_90b5529966cb<>schema<>types<>1<>templateInputs<>0<>types<>0<>$ref": "374d8a71_579c_4425_a903_98dc97233047", "f0b06ed2_08be_4029_aec5_90b5529966cb<>schema<>types<>1<>type": "ARRAY", "f0b06ed2_08be_4029_aec5_90b5529966cb<>name": "response", "f0b06ed2_08be_4029_aec5_90b5529966cb<>startIndex": 624, "f0b06ed2_08be_4029_aec5_90b5529966cb<>endIndex": 666, "abc07c46_a522_49c3_9480_59e8d5ff438a<>index": "BLOCK<>statements<>0<>bodyConfig<>statements<>3<>bodyConfig<>statements<>0<>tryBody<>statements<>1<>value", "abc07c46_a522_49c3_9480_59e8d5ff438a<>type": "FUNCTION_CALL", "abc07c46_a522_49c3_9480_59e8d5ff438a<>parentBlockId": "1fad6484_d470_44a0_b111_5412957804ff", "002100b2_5eaa_426e_8520_bc56e3586091<>index": "BLOCK<>statements<>0<>bodyConfig<>statements<>3<>bodyConfig<>statements<>0<>tryBody<>statements<>2", "002100b2_5eaa_426e_8520_bc56e3586091<>type": "FUNCTION_CALL", "002100b2_5eaa_426e_8520_bc56e3586091<>parentBlockId": "1fad6484_d470_44a0_b111_5412957804ff", "002100b2_5eaa_426e_8520_bc56e3586091<>startIndex": 676, "002100b2_5eaa_426e_8520_bc56e3586091<>endIndex": 688, "d21721e9_a47b_4105_a0fe_09e3afa47641<>index": "BLOCK<>statements<>0<>bodyConfig<>statements<>3<>bodyConfig<>statements<>0<>catchBody", "d21721e9_a47b_4105_a0fe_09e3afa47641<>type": "BLOCK", "d21721e9_a47b_4105_a0fe_09e3afa47641<>parentBlockId": "8037caa8_73c4_4ea2_9c31_89b843a39fd3", "d21721e9_a47b_4105_a0fe_09e3afa47641<>parentFunctionId": "0e38b72b_29ab_4be7_9abc_0dd4175a6bc7", "d21721e9_a47b_4105_a0fe_09e3afa47641<>parent_scope<>Createcontactinfo": "3c563cba_91c6_4f3d_a7a8_a8c37a6455b1", "d21721e9_a47b_4105_a0fe_09e3afa47641<>parent_scope<>FormData": "b9bc5e2d_ee23_4410_ab08_16aee1d8bef4", "d21721e9_a47b_4105_a0fe_09e3afa47641<>parent_scope<>setFormdata": "8e412020_973e_45f5_b0f5_8a279fc37bec", "d21721e9_a47b_4105_a0fe_09e3afa47641<>parent_scope<>error": "API_RES_ERROR_ID", "d21721e9_a47b_4105_a0fe_09e3afa47641<>parent_scope<>setError": "API_RES_ERROR_SETTER_ID", "d21721e9_a47b_4105_a0fe_09e3afa47641<>parent_scope<>handleFormChange": "92cf9639_083d_4ad8_9289_d6dd4acf8f30", "d21721e9_a47b_4105_a0fe_09e3afa47641<>parent_scope<>handleFormSubmit": "0e38b72b_29ab_4be7_9abc_0dd4175a6bc7", "d21721e9_a47b_4105_a0fe_09e3afa47641<>parent_scope<>e": "7aef961d_21ed_48b9_a1a6_7254899d3c43", "d21721e9_a47b_4105_a0fe_09e3afa47641<>scope": {}, "d21721e9_a47b_4105_a0fe_09e3afa47641<>startIndex": 710, "d21721e9_a47b_4105_a0fe_09e3afa47641<>endIndex": 774, "23107a3e_693b_4a44_b287_bc7b10f53689<>index": "BLOCK<>statements<>0<>bodyConfig<>statements<>3<>bodyConfig<>statements<>0<>catchBody<>statements<>0", "23107a3e_693b_4a44_b287_bc7b10f53689<>type": "FUNCTION_CALL", "23107a3e_693b_4a44_b287_bc7b10f53689<>parentBlockId": "d21721e9_a47b_4105_a0fe_09e3afa47641", "23107a3e_693b_4a44_b287_bc7b10f53689<>startIndex": 718, "23107a3e_693b_4a44_b287_bc7b10f53689<>endIndex": 766, "4b2adba8_e683_4d6c_8559_ad0b39447eeb<>index": "BLOCK<>statements<>0<>bodyConfig<>statements<>3<>bodyConfig<>statements<>0<>finallyBody", "4b2adba8_e683_4d6c_8559_ad0b39447eeb<>type": "BLOCK", "4b2adba8_e683_4d6c_8559_ad0b39447eeb<>parentBlockId": "8037caa8_73c4_4ea2_9c31_89b843a39fd3", "4b2adba8_e683_4d6c_8559_ad0b39447eeb<>parentFunctionId": "0e38b72b_29ab_4be7_9abc_0dd4175a6bc7", "4b2adba8_e683_4d6c_8559_ad0b39447eeb<>parent_scope<>Createcontactinfo": "3c563cba_91c6_4f3d_a7a8_a8c37a6455b1", "4b2adba8_e683_4d6c_8559_ad0b39447eeb<>parent_scope<>FormData": "b9bc5e2d_ee23_4410_ab08_16aee1d8bef4", "4b2adba8_e683_4d6c_8559_ad0b39447eeb<>parent_scope<>setFormdata": "8e412020_973e_45f5_b0f5_8a279fc37bec", "4b2adba8_e683_4d6c_8559_ad0b39447eeb<>parent_scope<>error": "API_RES_ERROR_ID", "4b2adba8_e683_4d6c_8559_ad0b39447eeb<>parent_scope<>setError": "API_RES_ERROR_SETTER_ID", "4b2adba8_e683_4d6c_8559_ad0b39447eeb<>parent_scope<>handleFormChange": "92cf9639_083d_4ad8_9289_d6dd4acf8f30", "4b2adba8_e683_4d6c_8559_ad0b39447eeb<>parent_scope<>handleFormSubmit": "0e38b72b_29ab_4be7_9abc_0dd4175a6bc7", "4b2adba8_e683_4d6c_8559_ad0b39447eeb<>parent_scope<>e": "7aef961d_21ed_48b9_a1a6_7254899d3c43", "4b2adba8_e683_4d6c_8559_ad0b39447eeb<>scope": {}, "4b2adba8_e683_4d6c_8559_ad0b39447eeb<>startIndex": 784, "4b2adba8_e683_4d6c_8559_ad0b39447eeb<>endIndex": 790, "af96f943_a040_4fd8_b3d1_70a5a2c95681<>index": "BLOCK<>statements<>0<>bodyConfig<>statements<>4", "af96f943_a040_4fd8_b3d1_70a5a2c95681<>type": "RETURN", "af96f943_a040_4fd8_b3d1_70a5a2c95681<>parentBlockId": "91563786_1110_4158_baa6_0166bd0c24c5", "af96f943_a040_4fd8_b3d1_70a5a2c95681<>startIndex": 799, "af96f943_a040_4fd8_b3d1_70a5a2c95681<>endIndex": 4201, "c850c1f0_3180_4aff_badf_b0cd73d68d16<>index": "BLOCK<>statements<>0<>bodyConfig<>statements<>4<>value", "c850c1f0_3180_4aff_badf_b0cd73d68d16<>type": "Element", "c850c1f0_3180_4aff_badf_b0cd73d68d16<>parentBlockId": "91563786_1110_4158_baa6_0166bd0c24c5", "c850c1f0_3180_4aff_badf_b0cd73d68d16<>startIndex": 812, "c850c1f0_3180_4aff_badf_b0cd73d68d16<>endIndex": 4201, "8b341067_b13b_4163_97b4_607dfdcc349c<>index": "BLOCK<>statements<>0<>bodyConfig<>statements<>4<>value<>children<>0", "8b341067_b13b_4163_97b4_607dfdcc349c<>type": "Element", "8b341067_b13b_4163_97b4_607dfdcc349c<>parentBlockId": "c850c1f0_3180_4aff_badf_b0cd73d68d16", "8b341067_b13b_4163_97b4_607dfdcc349c<>startIndex": 824, "8b341067_b13b_4163_97b4_607dfdcc349c<>endIndex": 4190, "9ef3ab8b_f3b7_4b6c_87d7_25119ada4aa9<>index": "BLOCK<>statements<>0<>bodyConfig<>statements<>4<>value<>children<>0<>children<>0", "9ef3ab8b_f3b7_4b6c_87d7_25119ada4aa9<>type": "Element", "9ef3ab8b_f3b7_4b6c_87d7_25119ada4aa9<>parentBlockId": "8b341067_b13b_4163_97b4_607dfdcc349c", "9ef3ab8b_f3b7_4b6c_87d7_25119ada4aa9<>startIndex": 1155, "9ef3ab8b_f3b7_4b6c_87d7_25119ada4aa9<>endIndex": 1356, "79b3fb38_2b32_4e85_9b38_aced68d608d2<>index": "BLOCK<>statements<>0<>bodyConfig<>statements<>4<>value<>children<>0<>children<>0<>trueCase", "79b3fb38_2b32_4e85_9b38_aced68d608d2<>type": "Element", "79b3fb38_2b32_4e85_9b38_aced68d608d2<>parentBlockId": "8b341067_b13b_4163_97b4_607dfdcc349c", "79b3fb38_2b32_4e85_9b38_aced68d608d2<>startIndex": 1177, "79b3fb38_2b32_4e85_9b38_aced68d608d2<>endIndex": 1345, "22abe637_4cac_4102_a01b_c0a321868366<>index": "BLOCK<>statements<>0<>bodyConfig<>statements<>4<>value<>children<>0<>children<>0<>trueCase<>children<>0", "22abe637_4cac_4102_a01b_c0a321868366<>type": "Element", "22abe637_4cac_4102_a01b_c0a321868366<>parentBlockId": "79b3fb38_2b32_4e85_9b38_aced68d608d2", "22abe637_4cac_4102_a01b_c0a321868366<>startIndex": 1323, "22abe637_4cac_4102_a01b_c0a321868366<>endIndex": 1327, "0c1963a3_d0ca_40f1_93ac_31fb929cfddc<>index": "BLOCK<>statements<>0<>bodyConfig<>statements<>4<>value<>children<>0<>children<>1", "0c1963a3_d0ca_40f1_93ac_31fb929cfddc<>type": "Element", "0c1963a3_d0ca_40f1_93ac_31fb929cfddc<>parentBlockId": "8b341067_b13b_4163_97b4_607dfdcc349c", "0c1963a3_d0ca_40f1_93ac_31fb929cfddc<>startIndex": 1366, "0c1963a3_d0ca_40f1_93ac_31fb929cfddc<>endIndex": 1627, "21affc6f_ab00_4540_96c3_06e60ec3e2ed<>index": "BLOCK<>statements<>0<>bodyConfig<>statements<>4<>value<>children<>0<>children<>1<>children<>0", "21affc6f_ab00_4540_96c3_06e60ec3e2ed<>type": "Element", "21affc6f_ab00_4540_96c3_06e60ec3e2ed<>parentBlockId": "0c1963a3_d0ca_40f1_93ac_31fb929cfddc", "21affc6f_ab00_4540_96c3_06e60ec3e2ed<>startIndex": 1604, "21affc6f_ab00_4540_96c3_06e60ec3e2ed<>endIndex": 1610, "7fbc99cb_1625_445e_9d47_22e9f8888389<>index": "BLOCK<>statements<>0<>bodyConfig<>statements<>4<>value<>children<>0<>children<>2", "7fbc99cb_1625_445e_9d47_22e9f8888389<>type": "Element", "7fbc99cb_1625_445e_9d47_22e9f8888389<>parentBlockId": "8b341067_b13b_4163_97b4_607dfdcc349c", "7fbc99cb_1625_445e_9d47_22e9f8888389<>startIndex": 1637, "7fbc99cb_1625_445e_9d47_22e9f8888389<>endIndex": 2088, "e244de27_c331_4d58_bfa6_d8894785f8ac<>index": "BLOCK<>statements<>0<>bodyConfig<>statements<>4<>value<>children<>0<>children<>3", "e244de27_c331_4d58_bfa6_d8894785f8ac<>type": "Element", "e244de27_c331_4d58_bfa6_d8894785f8ac<>parentBlockId": "8b341067_b13b_4163_97b4_607dfdcc349c", "e244de27_c331_4d58_bfa6_d8894785f8ac<>startIndex": 2098, "e244de27_c331_4d58_bfa6_d8894785f8ac<>endIndex": 2103, "ddedff41_7ba6_4cb5_9845_d30711e9e7b8<>index": "BLOCK<>statements<>0<>bodyConfig<>statements<>4<>value<>children<>0<>children<>4", "ddedff41_7ba6_4cb5_9845_d30711e9e7b8<>type": "Element", "ddedff41_7ba6_4cb5_9845_d30711e9e7b8<>parentBlockId": "8b341067_b13b_4163_97b4_607dfdcc349c", "ddedff41_7ba6_4cb5_9845_d30711e9e7b8<>startIndex": 2113, "ddedff41_7ba6_4cb5_9845_d30711e9e7b8<>endIndex": 2374, "709b5fb0_519c_4770_a241_3747cacf1f4c<>index": "BLOCK<>statements<>0<>bodyConfig<>statements<>4<>value<>children<>0<>children<>4<>children<>0", "709b5fb0_519c_4770_a241_3747cacf1f4c<>type": "Element", "709b5fb0_519c_4770_a241_3747cacf1f4c<>parentBlockId": "ddedff41_7ba6_4cb5_9845_d30711e9e7b8", "709b5fb0_519c_4770_a241_3747cacf1f4c<>startIndex": 2351, "709b5fb0_519c_4770_a241_3747cacf1f4c<>endIndex": 2357, "5fdbcb8a_70c2_40d6_9736_ecbb114c322b<>index": "BLOCK<>statements<>0<>bodyConfig<>statements<>4<>value<>children<>0<>children<>5", "5fdbcb8a_70c2_40d6_9736_ecbb114c322b<>type": "Element", "5fdbcb8a_70c2_40d6_9736_ecbb114c322b<>parentBlockId": "8b341067_b13b_4163_97b4_607dfdcc349c", "5fdbcb8a_70c2_40d6_9736_ecbb114c322b<>startIndex": 2384, "5fdbcb8a_70c2_40d6_9736_ecbb114c322b<>endIndex": 2835, "83e1d2d0_6be2_4a1f_b1c8_8e2b93e39aee<>index": "BLOCK<>statements<>0<>bodyConfig<>statements<>4<>value<>children<>0<>children<>6", "83e1d2d0_6be2_4a1f_b1c8_8e2b93e39aee<>type": "Element", "83e1d2d0_6be2_4a1f_b1c8_8e2b93e39aee<>parentBlockId": "8b341067_b13b_4163_97b4_607dfdcc349c", "83e1d2d0_6be2_4a1f_b1c8_8e2b93e39aee<>startIndex": 2845, "83e1d2d0_6be2_4a1f_b1c8_8e2b93e39aee<>endIndex": 2850, "0cef8282_9428_40f4_9abb_32513cf148e3<>index": "BLOCK<>statements<>0<>bodyConfig<>statements<>4<>value<>children<>0<>children<>7", "0cef8282_9428_40f4_9abb_32513cf148e3<>type": "Element", "0cef8282_9428_40f4_9abb_32513cf148e3<>parentBlockId": "8b341067_b13b_4163_97b4_607dfdcc349c", "0cef8282_9428_40f4_9abb_32513cf148e3<>startIndex": 2860, "0cef8282_9428_40f4_9abb_32513cf148e3<>endIndex": 3125, "bf79e476_fa5a_4685_9085_210749a08cdc<>index": "BLOCK<>statements<>0<>bodyConfig<>statements<>4<>value<>children<>0<>children<>7<>children<>0", "bf79e476_fa5a_4685_9085_210749a08cdc<>type": "Element", "bf79e476_fa5a_4685_9085_210749a08cdc<>parentBlockId": "0cef8282_9428_40f4_9abb_32513cf148e3", "bf79e476_fa5a_4685_9085_210749a08cdc<>startIndex": 3100, "bf79e476_fa5a_4685_9085_210749a08cdc<>endIndex": 3108, "a6981e6e_231b_410a_a726_2f68880e706f<>index": "BLOCK<>statements<>0<>bodyConfig<>statements<>4<>value<>children<>0<>children<>8", "a6981e6e_231b_410a_a726_2f68880e706f<>type": "Element", "a6981e6e_231b_410a_a726_2f68880e706f<>parentBlockId": "8b341067_b13b_4163_97b4_607dfdcc349c", "a6981e6e_231b_410a_a726_2f68880e706f<>startIndex": 3135, "a6981e6e_231b_410a_a726_2f68880e706f<>endIndex": 3592, "60ad5137_7a68_4fe8_af4e_df6c731712bd<>index": "BLOCK<>statements<>0<>bodyConfig<>statements<>4<>value<>children<>0<>children<>9", "60ad5137_7a68_4fe8_af4e_df6c731712bd<>type": "Element", "60ad5137_7a68_4fe8_af4e_df6c731712bd<>parentBlockId": "8b341067_b13b_4163_97b4_607dfdcc349c", "60ad5137_7a68_4fe8_af4e_df6c731712bd<>startIndex": 3602, "60ad5137_7a68_4fe8_af4e_df6c731712bd<>endIndex": 3607, "21a07c76_a886_421d_8182_5c240b26c4ba<>index": "BLOCK<>statements<>0<>bodyConfig<>statements<>4<>value<>children<>0<>children<>10", "21a07c76_a886_421d_8182_5c240b26c4ba<>type": "Element", "21a07c76_a886_421d_8182_5c240b26c4ba<>parentBlockId": "8b341067_b13b_4163_97b4_607dfdcc349c", "21a07c76_a886_421d_8182_5c240b26c4ba<>startIndex": 3617, "21a07c76_a886_421d_8182_5c240b26c4ba<>endIndex": 4161, "0a6d1f2e_70eb_4032_9d31_67dba63fb25b<>index": "BLOCK<>statements<>0<>bodyConfig<>statements<>4<>value<>children<>0<>children<>10<>children<>0", "0a6d1f2e_70eb_4032_9d31_67dba63fb25b<>type": "Element", "0a6d1f2e_70eb_4032_9d31_67dba63fb25b<>parentBlockId": "21a07c76_a886_421d_8182_5c240b26c4ba", "0a6d1f2e_70eb_4032_9d31_67dba63fb25b<>startIndex": 3797, "0a6d1f2e_70eb_4032_9d31_67dba63fb25b<>endIndex": 4146, "20f003c1_72ef_4136_99d3_6864b7344624<>index": "BLOCK<>statements<>0<>bodyConfig<>statements<>4<>value<>children<>0<>children<>11", "20f003c1_72ef_4136_99d3_6864b7344624<>type": "Element", "20f003c1_72ef_4136_99d3_6864b7344624<>parentBlockId": "8b341067_b13b_4163_97b4_607dfdcc349c", "20f003c1_72ef_4136_99d3_6864b7344624<>startIndex": 4171, "20f003c1_72ef_4136_99d3_6864b7344624<>endIndex": 4176}