{"IMPORTS<>other": [], "IMPORTS<>components": [], "EXPORTS<>default": "16c10f7f_c150_4ef7_b53a_c99a232410c8", "EXPORTS<>others": [], "BLOCK<>type": "BLOCK", "BLOCK<>noWrap": 1, "BLOCK<>id": "MAIN_COMPONENT", "BLOCK<>statements<>0<>type": "REACT_COMPONENT", "BLOCK<>statements<>0<>id": "16c10f7f_c150_4ef7_b53a_c99a232410c8", "BLOCK<>statements<>0<>name": "App", "BLOCK<>statements<>0<>propVars": [], "BLOCK<>statements<>0<>bodyConfig<>type": "BLOCK", "BLOCK<>statements<>0<>bodyConfig<>statements<>0<>type": "RETURN", "BLOCK<>statements<>0<>bodyConfig<>statements<>0<>value<>type": "Element", "BLOCK<>statements<>0<>bodyConfig<>statements<>0<>value<>tagName": "fragment", "BLOCK<>statements<>0<>bodyConfig<>statements<>0<>value<>attributes": {}, "BLOCK<>statements<>0<>bodyConfig<>statements<>0<>value<>elementType": "html", "BLOCK<>statements<>0<>bodyConfig<>statements<>0<>value<>children<>0<>$ref": "THEME_PROVIDER", "BLOCK<>statements<>0<>bodyConfig<>statements<>0<>value<>children<>0<>attributes": {}, "BLOCK<>statements<>0<>bodyConfig<>statements<>0<>value<>children<>0<>children<>0<>attributes": {}, "BLOCK<>statements<>0<>bodyConfig<>statements<>0<>value<>children<>0<>children<>0<>children": [], "BLOCK<>statements<>0<>bodyConfig<>statements<>0<>value<>children<>0<>children<>0<>elementType": "OUTLET", "BLOCK<>statements<>0<>bodyConfig<>statements<>0<>value<>children<>0<>children<>0<>tagName": "Outlet", "BLOCK<>statements<>0<>bodyConfig<>statements<>0<>value<>children<>0<>children<>0<>type": "Element", "BLOCK<>statements<>0<>bodyConfig<>statements<>0<>value<>children<>0<>children<>0<>id": "4b0f467c_153e_4326_bd33_2b99a148f391", "BLOCK<>statements<>0<>bodyConfig<>statements<>0<>value<>children<>0<>elementType": "COMPONENT", "BLOCK<>statements<>0<>bodyConfig<>statements<>0<>value<>children<>0<>tagName": "ThemeProvider", "BLOCK<>statements<>0<>bodyConfig<>statements<>0<>value<>children<>0<>type": "Element", "BLOCK<>statements<>0<>bodyConfig<>statements<>0<>value<>children<>0<>id": "ec59bc66_25ae_4aa5_838a_143456d26e3e", "BLOCK<>statements<>0<>bodyConfig<>statements<>0<>value<>id": "0f28e478_f3fa_45b9_aeb3_00f7b6d509ec", "BLOCK<>statements<>0<>bodyConfig<>statements<>0<>id": "2cf0f89f_0b1f_4c9a_bf3b_43e5e5767db7", "BLOCK<>statements<>0<>bodyConfig<>id": "4b50d45b_5e2c_4060_a927_49b0dad46c74", "BLOCK<>statements<>0<>schema<>props": [], "BLOCK<>statements<>0<>schema<>hasImperativeHandling": false, "BLOCK<>statements<>0<>schema<>type": "REACT_FC", "name": "App"}