{"MAIN_COMPONENT<>index": "BLOCK", "MAIN_COMPONENT<>type": "BLOCK", "MAIN_COMPONENT<>parentBlockId": null, "MAIN_COMPONENT<>parentFunctionId": null, "MAIN_COMPONENT<>parent_scope": {}, "MAIN_COMPONENT<>scope<>App": "16c10f7f_c150_4ef7_b53a_c99a232410c8", "MAIN_COMPONENT<>startIndex": 106, "MAIN_COMPONENT<>endIndex": 221, "16c10f7f_c150_4ef7_b53a_c99a232410c8<>index": "BLOCK<>statements<>0", "16c10f7f_c150_4ef7_b53a_c99a232410c8<>type": "REACT_COMPONENT", "16c10f7f_c150_4ef7_b53a_c99a232410c8<>parentBlockId": "MAIN_COMPONENT", "16c10f7f_c150_4ef7_b53a_c99a232410c8<>name": "App", "16c10f7f_c150_4ef7_b53a_c99a232410c8<>returnStatements<>0<>statement_id": "2cf0f89f_0b1f_4c9a_bf3b_43e5e5767db7", "16c10f7f_c150_4ef7_b53a_c99a232410c8<>returnStatements<>0<>index": "BLOCK<>statements<>0<>bodyConfig<>statements<>0", "16c10f7f_c150_4ef7_b53a_c99a232410c8<>schema<>props": [], "16c10f7f_c150_4ef7_b53a_c99a232410c8<>schema<>hasImperativeHandling": false, "16c10f7f_c150_4ef7_b53a_c99a232410c8<>schema<>type": "REACT_FC", "16c10f7f_c150_4ef7_b53a_c99a232410c8<>startIndex": 106, "16c10f7f_c150_4ef7_b53a_c99a232410c8<>endIndex": 221, "4b50d45b_5e2c_4060_a927_49b0dad46c74<>index": "BLOCK<>statements<>0<>bodyConfig", "4b50d45b_5e2c_4060_a927_49b0dad46c74<>type": "BLOCK", "4b50d45b_5e2c_4060_a927_49b0dad46c74<>parentBlockId": "MAIN_COMPONENT", "4b50d45b_5e2c_4060_a927_49b0dad46c74<>parentFunctionId": "16c10f7f_c150_4ef7_b53a_c99a232410c8", "4b50d45b_5e2c_4060_a927_49b0dad46c74<>parent_scope<>App": "16c10f7f_c150_4ef7_b53a_c99a232410c8", "4b50d45b_5e2c_4060_a927_49b0dad46c74<>scope": {}, "4b50d45b_5e2c_4060_a927_49b0dad46c74<>startIndex": 124, "4b50d45b_5e2c_4060_a927_49b0dad46c74<>endIndex": 221, "2cf0f89f_0b1f_4c9a_bf3b_43e5e5767db7<>index": "BLOCK<>statements<>0<>bodyConfig<>statements<>0", "2cf0f89f_0b1f_4c9a_bf3b_43e5e5767db7<>type": "RETURN", "2cf0f89f_0b1f_4c9a_bf3b_43e5e5767db7<>parentBlockId": "4b50d45b_5e2c_4060_a927_49b0dad46c74", "2cf0f89f_0b1f_4c9a_bf3b_43e5e5767db7<>startIndex": 128, "2cf0f89f_0b1f_4c9a_bf3b_43e5e5767db7<>endIndex": 214, "0f28e478_f3fa_45b9_aeb3_00f7b6d509ec<>index": "BLOCK<>statements<>0<>bodyConfig<>statements<>0<>value", "0f28e478_f3fa_45b9_aeb3_00f7b6d509ec<>type": "Element", "0f28e478_f3fa_45b9_aeb3_00f7b6d509ec<>parentBlockId": "4b50d45b_5e2c_4060_a927_49b0dad46c74", "0f28e478_f3fa_45b9_aeb3_00f7b6d509ec<>startIndex": 141, "0f28e478_f3fa_45b9_aeb3_00f7b6d509ec<>endIndex": 214, "ec59bc66_25ae_4aa5_838a_143456d26e3e<>index": "BLOCK<>statements<>0<>bodyConfig<>statements<>0<>value<>children<>0", "ec59bc66_25ae_4aa5_838a_143456d26e3e<>type": "Element", "ec59bc66_25ae_4aa5_838a_143456d26e3e<>parentBlockId": "0f28e478_f3fa_45b9_aeb3_00f7b6d509ec", "ec59bc66_25ae_4aa5_838a_143456d26e3e<>startIndex": 150, "ec59bc66_25ae_4aa5_838a_143456d26e3e<>endIndex": 206, "4b0f467c_153e_4326_bd33_2b99a148f391<>index": "BLOCK<>statements<>0<>bodyConfig<>statements<>0<>value<>children<>0<>children<>0", "4b0f467c_153e_4326_bd33_2b99a148f391<>type": "Element", "4b0f467c_153e_4326_bd33_2b99a148f391<>parentBlockId": "ec59bc66_25ae_4aa5_838a_143456d26e3e", "4b0f467c_153e_4326_bd33_2b99a148f391<>startIndex": 174, "4b0f467c_153e_4326_bd33_2b99a148f391<>endIndex": 183}