{"IMPORTS<>other": [], "IMPORTS<>components": [], "BLOCK<>type": "BLOCK", "BLOCK<>noWrap": 1, "BLOCK<>id": "2d94ecf5_9f69_4ec9_95c8_35a51b7ca7dd", "BLOCK<>statements<>0<>type": "CUSTOM", "BLOCK<>statements<>0<>body": "import { defineConfig } from \"vite\";\n                            import react from \"@vitejs/plugin-react\";\n\n                            export default defineConfig({\n                            plugins: [react()], //change based on framework\n                            server: { \n                                host: true,\n                                hmr: {\n                                    host: \"\"\n                                },\n                                allowedHosts: []\n                            },\n                            build: {\n                                outDir: ''\n                            }\n                            });\n                        ", "BLOCK<>statements<>0<>id": "a0a0e44e_3ef6_46c4_b71f_db8bb0c47607", "EXPORTS<>default": "", "EXPORTS<>others": [], "name": "vite.config"}