{"2d94ecf5_9f69_4ec9_95c8_35a51b7ca7dd<>index": "BLOCK", "2d94ecf5_9f69_4ec9_95c8_35a51b7ca7dd<>type": "BLOCK", "2d94ecf5_9f69_4ec9_95c8_35a51b7ca7dd<>parentBlockId": null, "2d94ecf5_9f69_4ec9_95c8_35a51b7ca7dd<>parentFunctionId": null, "2d94ecf5_9f69_4ec9_95c8_35a51b7ca7dd<>parent_scope": {}, "2d94ecf5_9f69_4ec9_95c8_35a51b7ca7dd<>scope": {}, "2d94ecf5_9f69_4ec9_95c8_35a51b7ca7dd<>startIndex": 0, "2d94ecf5_9f69_4ec9_95c8_35a51b7ca7dd<>endIndex": 281, "a0a0e44e_3ef6_46c4_b71f_db8bb0c47607<>index": "BLOCK<>statements<>0", "a0a0e44e_3ef6_46c4_b71f_db8bb0c47607<>type": "CUSTOM", "a0a0e44e_3ef6_46c4_b71f_db8bb0c47607<>parentBlockId": "2d94ecf5_9f69_4ec9_95c8_35a51b7ca7dd", "a0a0e44e_3ef6_46c4_b71f_db8bb0c47607<>startIndex": 0, "a0a0e44e_3ef6_46c4_b71f_db8bb0c47607<>endIndex": 281}