{"e0ca29a9_37b0_4304_ab0c_ed461739459b<>index": "BLOCK", "e0ca29a9_37b0_4304_ab0c_ed461739459b<>type": "BLOCK", "e0ca29a9_37b0_4304_ab0c_ed461739459b<>parentBlockId": null, "e0ca29a9_37b0_4304_ab0c_ed461739459b<>parentFunctionId": null, "e0ca29a9_37b0_4304_ab0c_ed461739459b<>parent_scope": {}, "e0ca29a9_37b0_4304_ab0c_ed461739459b<>scope<>Dfh": "f3d6be82_f14f_4649_a7ca_588da55581af", "e0ca29a9_37b0_4304_ab0c_ed461739459b<>startIndex": 31, "e0ca29a9_37b0_4304_ab0c_ed461739459b<>endIndex": 84, "f3d6be82_f14f_4649_a7ca_588da55581af<>index": "BLOCK<>statements<>0", "f3d6be82_f14f_4649_a7ca_588da55581af<>type": "REACT_COMPONENT", "f3d6be82_f14f_4649_a7ca_588da55581af<>parentBlockId": "e0ca29a9_37b0_4304_ab0c_ed461739459b", "f3d6be82_f14f_4649_a7ca_588da55581af<>name": "Dfh", "f3d6be82_f14f_4649_a7ca_588da55581af<>returnStatements<>0<>statement_id": "13bbae6f_b208_4d4a_a569_a2ac78f6933c", "f3d6be82_f14f_4649_a7ca_588da55581af<>returnStatements<>0<>index": "BLOCK<>statements<>0<>bodyConfig<>statements<>0", "f3d6be82_f14f_4649_a7ca_588da55581af<>schema<>props": [], "f3d6be82_f14f_4649_a7ca_588da55581af<>schema<>hasImperativeHandling": false, "f3d6be82_f14f_4649_a7ca_588da55581af<>schema<>type": "REACT_FC", "f3d6be82_f14f_4649_a7ca_588da55581af<>startIndex": 31, "f3d6be82_f14f_4649_a7ca_588da55581af<>endIndex": 84, "f31af958_4b0f_4640_80c3_9eeb2c9371fe<>index": "BLOCK<>statements<>0<>bodyConfig", "f31af958_4b0f_4640_80c3_9eeb2c9371fe<>type": "BLOCK", "f31af958_4b0f_4640_80c3_9eeb2c9371fe<>parentBlockId": "e0ca29a9_37b0_4304_ab0c_ed461739459b", "f31af958_4b0f_4640_80c3_9eeb2c9371fe<>parentFunctionId": "f3d6be82_f14f_4649_a7ca_588da55581af", "f31af958_4b0f_4640_80c3_9eeb2c9371fe<>parent_scope<>Dfh": "f3d6be82_f14f_4649_a7ca_588da55581af", "f31af958_4b0f_4640_80c3_9eeb2c9371fe<>scope": {}, "f31af958_4b0f_4640_80c3_9eeb2c9371fe<>startIndex": 49, "f31af958_4b0f_4640_80c3_9eeb2c9371fe<>endIndex": 84, "13bbae6f_b208_4d4a_a569_a2ac78f6933c<>index": "BLOCK<>statements<>0<>bodyConfig<>statements<>0", "13bbae6f_b208_4d4a_a569_a2ac78f6933c<>type": "RETURN", "13bbae6f_b208_4d4a_a569_a2ac78f6933c<>parentBlockId": "f31af958_4b0f_4640_80c3_9eeb2c9371fe", "13bbae6f_b208_4d4a_a569_a2ac78f6933c<>startIndex": 53, "13bbae6f_b208_4d4a_a569_a2ac78f6933c<>endIndex": 81, "2038de57_4cee_4c9d_b18f_bcaefa92c9a2<>index": "BLOCK<>statements<>0<>bodyConfig<>statements<>0<>value", "2038de57_4cee_4c9d_b18f_bcaefa92c9a2<>type": "Element", "2038de57_4cee_4c9d_b18f_bcaefa92c9a2<>parentBlockId": "f31af958_4b0f_4640_80c3_9eeb2c9371fe", "2038de57_4cee_4c9d_b18f_bcaefa92c9a2<>startIndex": 60, "2038de57_4cee_4c9d_b18f_bcaefa92c9a2<>endIndex": 81, "bd5ae0d2_9648_48f8_bfbb_e1973d7f737f<>index": "BLOCK<>statements<>0<>bodyConfig<>statements<>0<>value<>children<>0", "bd5ae0d2_9648_48f8_bfbb_e1973d7f737f<>type": "Element", "bd5ae0d2_9648_48f8_bfbb_e1973d7f737f<>parentBlockId": "2038de57_4cee_4c9d_b18f_bcaefa92c9a2", "bd5ae0d2_9648_48f8_bfbb_e1973d7f737f<>startIndex": 65, "bd5ae0d2_9648_48f8_bfbb_e1973d7f737f<>endIndex": 75}