{"IMPORTS<>other<>0<>TYPE": "THIRD_PARTY", "IMPORTS<>other<>0<>from": "react", "IMPORTS<>other<>0<>import_entity": "React", "IMPORTS<>other<>0<>import_type": "SINGLE", "IMPORTS<>components": [], "EXPORTS<>default": "f3d6be82_f14f_4649_a7ca_588da55581af", "EXPORTS<>others": [], "BLOCK<>type": "BLOCK", "BLOCK<>noWrap": 1, "BLOCK<>id": "e0ca29a9_37b0_4304_ab0c_ed461739459b", "BLOCK<>statements<>0<>type": "REACT_COMPONENT", "BLOCK<>statements<>0<>id": "f3d6be82_f14f_4649_a7ca_588da55581af", "BLOCK<>statements<>0<>name": "Dfh", "BLOCK<>statements<>0<>propVars": [], "BLOCK<>statements<>0<>bodyConfig<>type": "BLOCK", "BLOCK<>statements<>0<>bodyConfig<>statements<>0<>type": "RETURN", "BLOCK<>statements<>0<>bodyConfig<>statements<>0<>value<>type": "Element", "BLOCK<>statements<>0<>bodyConfig<>statements<>0<>value<>tagName": "div", "BLOCK<>statements<>0<>bodyConfig<>statements<>0<>value<>attributes": {}, "BLOCK<>statements<>0<>bodyConfig<>statements<>0<>value<>elementType": "html", "BLOCK<>statements<>0<>bodyConfig<>statements<>0<>value<>children<>0<>type": "Element", "BLOCK<>statements<>0<>bodyConfig<>statements<>0<>value<>children<>0<>elementType": "TEXT", "BLOCK<>statements<>0<>bodyConfig<>statements<>0<>value<>children<>0<>value": "Hello world", "BLOCK<>statements<>0<>bodyConfig<>statements<>0<>value<>children<>0<>id": "bd5ae0d2_9648_48f8_bfbb_e1973d7f737f", "BLOCK<>statements<>0<>bodyConfig<>statements<>0<>value<>id": "2038de57_4cee_4c9d_b18f_bcaefa92c9a2", "BLOCK<>statements<>0<>bodyConfig<>statements<>0<>id": "13bbae6f_b208_4d4a_a569_a2ac78f6933c", "BLOCK<>statements<>0<>bodyConfig<>id": "f31af958_4b0f_4640_80c3_9eeb2c9371fe", "BLOCK<>statements<>0<>schema<>props": [], "BLOCK<>statements<>0<>schema<>hasImperativeHandling": false, "BLOCK<>statements<>0<>schema<>type": "REACT_FC", "name": "dfh"}