{"MAIN_COMPONENT<>index": "BLOCK", "MAIN_COMPONENT<>type": "BLOCK", "MAIN_COMPONENT<>parentBlockId": null, "MAIN_COMPONENT<>parentFunctionId": null, "MAIN_COMPONENT<>parent_scope": {}, "MAIN_COMPONENT<>scope<>App": "ae0bfa52_c799_471f_9fec_9dc8c68541fc", "MAIN_COMPONENT<>startIndex": 106, "MAIN_COMPONENT<>endIndex": 221, "ae0bfa52_c799_471f_9fec_9dc8c68541fc<>index": "BLOCK<>statements<>0", "ae0bfa52_c799_471f_9fec_9dc8c68541fc<>type": "REACT_COMPONENT", "ae0bfa52_c799_471f_9fec_9dc8c68541fc<>parentBlockId": "MAIN_COMPONENT", "ae0bfa52_c799_471f_9fec_9dc8c68541fc<>name": "App", "ae0bfa52_c799_471f_9fec_9dc8c68541fc<>returnStatements<>0<>statement_id": "da84d86d_b4ac_42ee_9127_bbc0ab938626", "ae0bfa52_c799_471f_9fec_9dc8c68541fc<>returnStatements<>0<>index": "BLOCK<>statements<>0<>bodyConfig<>statements<>0", "ae0bfa52_c799_471f_9fec_9dc8c68541fc<>schema<>props": [], "ae0bfa52_c799_471f_9fec_9dc8c68541fc<>schema<>hasImperativeHandling": false, "ae0bfa52_c799_471f_9fec_9dc8c68541fc<>schema<>type": "REACT_FC", "ae0bfa52_c799_471f_9fec_9dc8c68541fc<>startIndex": 106, "ae0bfa52_c799_471f_9fec_9dc8c68541fc<>endIndex": 221, "85be6680_1954_4336_9162_56ecf005aa4f<>index": "BLOCK<>statements<>0<>bodyConfig", "85be6680_1954_4336_9162_56ecf005aa4f<>type": "BLOCK", "85be6680_1954_4336_9162_56ecf005aa4f<>parentBlockId": "MAIN_COMPONENT", "85be6680_1954_4336_9162_56ecf005aa4f<>parentFunctionId": "ae0bfa52_c799_471f_9fec_9dc8c68541fc", "85be6680_1954_4336_9162_56ecf005aa4f<>parent_scope<>App": "ae0bfa52_c799_471f_9fec_9dc8c68541fc", "85be6680_1954_4336_9162_56ecf005aa4f<>scope": {}, "85be6680_1954_4336_9162_56ecf005aa4f<>startIndex": 124, "85be6680_1954_4336_9162_56ecf005aa4f<>endIndex": 221, "da84d86d_b4ac_42ee_9127_bbc0ab938626<>index": "BLOCK<>statements<>0<>bodyConfig<>statements<>0", "da84d86d_b4ac_42ee_9127_bbc0ab938626<>type": "RETURN", "da84d86d_b4ac_42ee_9127_bbc0ab938626<>parentBlockId": "85be6680_1954_4336_9162_56ecf005aa4f", "da84d86d_b4ac_42ee_9127_bbc0ab938626<>startIndex": 128, "da84d86d_b4ac_42ee_9127_bbc0ab938626<>endIndex": 214, "ac016515_a815_4976_bacc_633b02a44ff7<>index": "BLOCK<>statements<>0<>bodyConfig<>statements<>0<>value", "ac016515_a815_4976_bacc_633b02a44ff7<>type": "Element", "ac016515_a815_4976_bacc_633b02a44ff7<>parentBlockId": "85be6680_1954_4336_9162_56ecf005aa4f", "ac016515_a815_4976_bacc_633b02a44ff7<>startIndex": 141, "ac016515_a815_4976_bacc_633b02a44ff7<>endIndex": 214, "89380e43_724a_43a1_855d_fc3b701680b4<>index": "BLOCK<>statements<>0<>bodyConfig<>statements<>0<>value<>children<>0", "89380e43_724a_43a1_855d_fc3b701680b4<>type": "Element", "89380e43_724a_43a1_855d_fc3b701680b4<>parentBlockId": "ac016515_a815_4976_bacc_633b02a44ff7", "89380e43_724a_43a1_855d_fc3b701680b4<>startIndex": 150, "89380e43_724a_43a1_855d_fc3b701680b4<>endIndex": 206, "94cce4d8_04f1_4d2c_be91_7f7188a0e941<>index": "BLOCK<>statements<>0<>bodyConfig<>statements<>0<>value<>children<>0<>children<>0", "94cce4d8_04f1_4d2c_be91_7f7188a0e941<>type": "Element", "94cce4d8_04f1_4d2c_be91_7f7188a0e941<>parentBlockId": "89380e43_724a_43a1_855d_fc3b701680b4", "94cce4d8_04f1_4d2c_be91_7f7188a0e941<>startIndex": 174, "94cce4d8_04f1_4d2c_be91_7f7188a0e941<>endIndex": 183}