{"IMPORTS<>other": [], "IMPORTS<>components": [], "EXPORTS<>default": "ae0bfa52_c799_471f_9fec_9dc8c68541fc", "EXPORTS<>others": [], "BLOCK<>type": "BLOCK", "BLOCK<>noWrap": 1, "BLOCK<>id": "MAIN_COMPONENT", "BLOCK<>statements<>0<>type": "REACT_COMPONENT", "BLOCK<>statements<>0<>id": "ae0bfa52_c799_471f_9fec_9dc8c68541fc", "BLOCK<>statements<>0<>name": "App", "BLOCK<>statements<>0<>propVars": [], "BLOCK<>statements<>0<>bodyConfig<>type": "BLOCK", "BLOCK<>statements<>0<>bodyConfig<>statements<>0<>type": "RETURN", "BLOCK<>statements<>0<>bodyConfig<>statements<>0<>value<>type": "Element", "BLOCK<>statements<>0<>bodyConfig<>statements<>0<>value<>tagName": "fragment", "BLOCK<>statements<>0<>bodyConfig<>statements<>0<>value<>attributes": {}, "BLOCK<>statements<>0<>bodyConfig<>statements<>0<>value<>elementType": "html", "BLOCK<>statements<>0<>bodyConfig<>statements<>0<>value<>children<>0<>$ref": "THEME_PROVIDER", "BLOCK<>statements<>0<>bodyConfig<>statements<>0<>value<>children<>0<>attributes": {}, "BLOCK<>statements<>0<>bodyConfig<>statements<>0<>value<>children<>0<>children<>0<>attributes": {}, "BLOCK<>statements<>0<>bodyConfig<>statements<>0<>value<>children<>0<>children<>0<>children": [], "BLOCK<>statements<>0<>bodyConfig<>statements<>0<>value<>children<>0<>children<>0<>elementType": "OUTLET", "BLOCK<>statements<>0<>bodyConfig<>statements<>0<>value<>children<>0<>children<>0<>tagName": "Outlet", "BLOCK<>statements<>0<>bodyConfig<>statements<>0<>value<>children<>0<>children<>0<>type": "Element", "BLOCK<>statements<>0<>bodyConfig<>statements<>0<>value<>children<>0<>children<>0<>id": "94cce4d8_04f1_4d2c_be91_7f7188a0e941", "BLOCK<>statements<>0<>bodyConfig<>statements<>0<>value<>children<>0<>elementType": "COMPONENT", "BLOCK<>statements<>0<>bodyConfig<>statements<>0<>value<>children<>0<>tagName": "ThemeProvider", "BLOCK<>statements<>0<>bodyConfig<>statements<>0<>value<>children<>0<>type": "Element", "BLOCK<>statements<>0<>bodyConfig<>statements<>0<>value<>children<>0<>id": "89380e43_724a_43a1_855d_fc3b701680b4", "BLOCK<>statements<>0<>bodyConfig<>statements<>0<>value<>id": "ac016515_a815_4976_bacc_633b02a44ff7", "BLOCK<>statements<>0<>bodyConfig<>statements<>0<>id": "da84d86d_b4ac_42ee_9127_bbc0ab938626", "BLOCK<>statements<>0<>bodyConfig<>id": "85be6680_1954_4336_9162_56ecf005aa4f", "BLOCK<>statements<>0<>schema<>props": [], "BLOCK<>statements<>0<>schema<>hasImperativeHandling": false, "BLOCK<>statements<>0<>schema<>type": "REACT_FC", "name": "App"}