{"008c73fb_7b58_43b1_91b1_ea59435261be<>defaultExport": false, "008c73fb_7b58_43b1_91b1_ea59435261be<>exportedAs": "getProfiles", "008c73fb_7b58_43b1_91b1_ea59435261be<>fileId": "b66676bd_79db_41b5_89ee_03736445d2ed", "008c73fb_7b58_43b1_91b1_ea59435261be<>id": "008c73fb_7b58_43b1_91b1_ea59435261be", "008c73fb_7b58_43b1_91b1_ea59435261be<>schema<>isAsync": true, "008c73fb_7b58_43b1_91b1_ea59435261be<>schema<>parameters": [], "008c73fb_7b58_43b1_91b1_ea59435261be<>schema<>returnType<>templateInputs<>0<>selection": "anyOf", "008c73fb_7b58_43b1_91b1_ea59435261be<>schema<>returnType<>templateInputs<>0<>types<>0<>$ref": "374d8a71_579c_4425_a903_98dc97233047", "008c73fb_7b58_43b1_91b1_ea59435261be<>schema<>returnType<>type": "ARRAY", "008c73fb_7b58_43b1_91b1_ea59435261be<>schema<>type": "FUNCTION", "008c73fb_7b58_43b1_91b1_ea59435261be<>type": "SERVICE", "008c73fb_7b58_43b1_91b1_ea59435261be<>usedIn<>0": "ed2a11b0_a8ce_4608_9899_1e73c0765b88", "16c10f7f_c150_4ef7_b53a_c99a232410c8<>defaultExport": true, "16c10f7f_c150_4ef7_b53a_c99a232410c8<>exportedAs": "App", "16c10f7f_c150_4ef7_b53a_c99a232410c8<>fileId": "MAIN_COMPONENT", "16c10f7f_c150_4ef7_b53a_c99a232410c8<>id": "16c10f7f_c150_4ef7_b53a_c99a232410c8", "16c10f7f_c150_4ef7_b53a_c99a232410c8<>schema<>hasImperativeHandling": false, "16c10f7f_c150_4ef7_b53a_c99a232410c8<>schema<>props": [], "16c10f7f_c150_4ef7_b53a_c99a232410c8<>schema<>type": "REACT_FC", "16c10f7f_c150_4ef7_b53a_c99a232410c8<>type": "REACT_COMPONENT", "16c10f7f_c150_4ef7_b53a_c99a232410c8<>usedIn": [], "6b292e23_361d_47c3_88d8_e660efdb1545<>defaultExport": true, "6b292e23_361d_47c3_88d8_e660efdb1545<>exportedAs": "Main", "6b292e23_361d_47c3_88d8_e660efdb1545<>fileId": "a9e504e3_25e5_48a5_95ac_23af42d5ae7a", "6b292e23_361d_47c3_88d8_e660efdb1545<>id": "6b292e23_361d_47c3_88d8_e660efdb1545", "6b292e23_361d_47c3_88d8_e660efdb1545<>schema<>hasImperativeHandling": false, "6b292e23_361d_47c3_88d8_e660efdb1545<>schema<>props<>0<>defaultValue": null, "6b292e23_361d_47c3_88d8_e660efdb1545<>schema<>props<>0<>description": "", "6b292e23_361d_47c3_88d8_e660efdb1545<>schema<>props<>0<>id": "b3ddcabf_888f_45a3_82d3_3ce57403866a", "6b292e23_361d_47c3_88d8_e660efdb1545<>schema<>props<>0<>isRequired": false, "6b292e23_361d_47c3_88d8_e660efdb1545<>schema<>props<>0<>name": "prop1", "6b292e23_361d_47c3_88d8_e660efdb1545<>schema<>props<>0<>schema<>selection": "anyOf", "6b292e23_361d_47c3_88d8_e660efdb1545<>schema<>props<>0<>schema<>types<>0<>type": "ANY", "6b292e23_361d_47c3_88d8_e660efdb1545<>schema<>type": "REACT_FC", "6b292e23_361d_47c3_88d8_e660efdb1545<>type": "REACT_COMPONENT", "6b292e23_361d_47c3_88d8_e660efdb1545<>usedIn": [], "PROJECT_ROUTER<>defaultExport": true, "PROJECT_ROUTER<>exportedAs": "router", "PROJECT_ROUTER<>fileId": "ROUTE_COMPONENT", "PROJECT_ROUTER<>id": "PROJECT_ROUTER", "PROJECT_ROUTER<>schema<>type": "ANY", "PROJECT_ROUTER<>type": "FILE", "PROJECT_ROUTER<>usedIn": [], "STYLES_MASTER<>defaultExport": false, "STYLES_MASTER<>exportedAs": "stylesMaster", "STYLES_MASTER<>fileId": "STYLES_MASTER_FILE", "STYLES_MASTER<>id": "STYLES_MASTER", "STYLES_MASTER<>schema<>type": "Any", "STYLES_MASTER<>type": "FILE", "STYLES_MASTER<>usedIn": [], "THEME_CSS<>defaultExport": false, "THEME_CSS<>exportedAs": "ThemeContext", "THEME_CSS<>fileId": "THEME_CSS_FILE", "THEME_CSS<>id": "THEME_CSS", "THEME_CSS<>schema<>type": "ThemeProvider", "THEME_CSS<>type": "FILE", "THEME_CSS<>usedIn": [], "THEME_HOOK<>defaultExport": false, "THEME_HOOK<>exportedAs": "useThemeContext", "THEME_HOOK<>fileId": "THEME_PROVIDER_FILE", "THEME_HOOK<>id": "THEME_HOOK", "THEME_HOOK<>schema<>isAsync": false, "THEME_HOOK<>schema<>parameters": [], "THEME_HOOK<>schema<>returnType<>id": "$ThemeContextReturn", "THEME_HOOK<>schema<>returnType<>properties<>mode<>id": "mode", "THEME_HOOK<>schema<>returnType<>properties<>mode<>name": "mode", "THEME_HOOK<>schema<>returnType<>properties<>mode<>type": "STRING", "THEME_HOOK<>schema<>returnType<>properties<>setTheme<>id": "setTheme", "THEME_HOOK<>schema<>returnType<>properties<>setTheme<>isAsync": false, "THEME_HOOK<>schema<>returnType<>properties<>setTheme<>name": "setTheme", "THEME_HOOK<>schema<>returnType<>properties<>setTheme<>parameters<>0<>name": "themeName", "THEME_HOOK<>schema<>returnType<>properties<>setTheme<>parameters<>0<>type": "STRING", "THEME_HOOK<>schema<>returnType<>properties<>setTheme<>returnType<>type": "VOID", "THEME_HOOK<>schema<>returnType<>properties<>setTheme<>type": "FUNCTION", "THEME_HOOK<>schema<>returnType<>properties<>themeName<>id": "themeName", "THEME_HOOK<>schema<>returnType<>properties<>themeName<>name": "themeName", "THEME_HOOK<>schema<>returnType<>properties<>themeName<>type": "STRING", "THEME_HOOK<>schema<>returnType<>properties<>toggleMode<>id": "toggleMode", "THEME_HOOK<>schema<>returnType<>properties<>toggleMode<>isAsync": false, "THEME_HOOK<>schema<>returnType<>properties<>toggleMode<>name": "toggleMode", "THEME_HOOK<>schema<>returnType<>properties<>toggleMode<>parameters": [], "THEME_HOOK<>schema<>returnType<>properties<>toggleMode<>returnType<>type": "VOID", "THEME_HOOK<>schema<>returnType<>properties<>toggleMode<>type": "FUNCTION", "THEME_HOOK<>schema<>returnType<>type": "OBJECT", "THEME_HOOK<>schema<>type": "FUNCTION", "THEME_HOOK<>type": "FUNCTION", "THEME_HOOK<>usedIn": [], "THEME_PROVIDER<>defaultExport": false, "THEME_PROVIDER<>exportedAs": "ThemeProvider", "THEME_PROVIDER<>fileId": "THEME_PROVIDER_FILE", "THEME_PROVIDER<>id": "THEME_PROVIDER", "THEME_PROVIDER<>schema<>type": "ThemeProvider", "THEME_PROVIDER<>tag": "PROVIDER_WRAPPER", "THEME_PROVIDER<>type": "REACT_COMPONENT", "THEME_PROVIDER<>usedIn<>0": "MAIN_COMPONENT", "3c563cba_91c6_4f3d_a7a8_a8c37a6455b1<>id": "3c563cba_91c6_4f3d_a7a8_a8c37a6455b1", "3c563cba_91c6_4f3d_a7a8_a8c37a6455b1<>fileId": "ed2a11b0_a8ce_4608_9899_1e73c0765b88", "3c563cba_91c6_4f3d_a7a8_a8c37a6455b1<>type": "REACT_COMPONENT", "3c563cba_91c6_4f3d_a7a8_a8c37a6455b1<>schema<>props": [], "3c563cba_91c6_4f3d_a7a8_a8c37a6455b1<>schema<>hasImperativeHandling": false, "3c563cba_91c6_4f3d_a7a8_a8c37a6455b1<>schema<>type": "REACT_FC", "3c563cba_91c6_4f3d_a7a8_a8c37a6455b1<>exportedAs": "Createcontactinfo", "3c563cba_91c6_4f3d_a7a8_a8c37a6455b1<>defaultExport": true, "3c563cba_91c6_4f3d_a7a8_a8c37a6455b1<>usedIn": []}