{"22b8ac0b_00ae_4b48_9fe4_fa696d953d1d<>entityId": "64c5a650_e461_40f1_b59d_ecfdc995a24c", "22b8ac0b_00ae_4b48_9fe4_fa696d953d1d<>extension": "js", "22b8ac0b_00ae_4b48_9fe4_fa696d953d1d<>id": "22b8ac0b_00ae_4b48_9fe4_fa696d953d1d", "22b8ac0b_00ae_4b48_9fe4_fa696d953d1d<>name": "vite.config", "22b8ac0b_00ae_4b48_9fe4_fa696d953d1d<>parentId": "ROOT", "22b8ac0b_00ae_4b48_9fe4_fa696d953d1d<>relative_path": "/vite.config.js", "22b8ac0b_00ae_4b48_9fe4_fa696d953d1d<>tag": "VITE_CONFIG", "22b8ac0b_00ae_4b48_9fe4_fa696d953d1d<>type": "FILE", "73149b9b_9023_42ef_b56d_ea1ba4b52c03<>entityId": "036bc8dd_72ce_424e_b479_7e2468816346", "73149b9b_9023_42ef_b56d_ea1ba4b52c03<>extension": "SX", "73149b9b_9023_42ef_b56d_ea1ba4b52c03<>id": "73149b9b_9023_42ef_b56d_ea1ba4b52c03", "73149b9b_9023_42ef_b56d_ea1ba4b52c03<>name": "Main", "73149b9b_9023_42ef_b56d_ea1ba4b52c03<>parentId": "COMPONENTS", "73149b9b_9023_42ef_b56d_ea1ba4b52c03<>relative_path": "/src/components/Main.jsx", "73149b9b_9023_42ef_b56d_ea1ba4b52c03<>tag": "COMPONENTS", "73149b9b_9023_42ef_b56d_ea1ba4b52c03<>type": "FILE", "9f02ff60_735d_4369_8498_d47c2e8706d0<>entityId": "9f02ff60_735d_4369_8498_d47c2e8706d0", "9f02ff60_735d_4369_8498_d47c2e8706d0<>extension": "SX", "9f02ff60_735d_4369_8498_d47c2e8706d0<>id": "9f02ff60_735d_4369_8498_d47c2e8706d0", "9f02ff60_735d_4369_8498_d47c2e8706d0<>name": "default", "9f02ff60_735d_4369_8498_d47c2e8706d0<>parentId": "d0741f07_75f0_4d5d_83c0_30a4d8fc1958", "9f02ff60_735d_4369_8498_d47c2e8706d0<>relative_path": "/src/services/Auth & User Management API/default.jsx", "9f02ff60_735d_4369_8498_d47c2e8706d0<>tag": "SERVICES", "9f02ff60_735d_4369_8498_d47c2e8706d0<>type": "FILE", "ASSETS<>children<>0": "IMAGES", "ASSETS<>children<>1": "SVGS", "ASSETS<>children<>2": "FONTS", "ASSETS<>id": "ASSETS", "ASSETS<>name": "assets", "ASSETS<>parentId": "SRC", "ASSETS<>tag": "ASSETS", "ASSETS<>type": "DIRECTORY", "COMPONENTS<>children<>0": "73149b9b_9023_42ef_b56d_ea1ba4b52c03", "COMPONENTS<>id": "COMPONENTS", "COMPONENTS<>name": "components", "COMPONENTS<>parentId": "SRC", "COMPONENTS<>tag": "COMPONENTS", "COMPONENTS<>type": "DIRECTORY", "CONTEXT<>children<>0": "THEME_PROVIDER_FILE", "CONTEXT<>id": "CONTEXT", "CONTEXT<>name": "context", "CONTEXT<>parentId": "SRC", "CONTEXT<>tag": "CONTEXT", "CONTEXT<>type": "DIRECTORY", "EXTERNAL_COMPONENTS<>children": [], "EXTERNAL_COMPONENTS<>id": "EXTERNAL_COMPONENTS", "EXTERNAL_COMPONENTS<>name": "external_components", "EXTERNAL_COMPONENTS<>parentId": "ROOT", "EXTERNAL_COMPONENTS<>tag": "EXTERNAL_COMPONENTS", "EXTERNAL_COMPONENTS<>type": "DIRECTORY", "FONTS<>children": [], "FONTS<>id": "FONTS", "FONTS<>name": "fonts", "FONTS<>parentId": "ASSETS", "FONTS<>tag": "FONTS", "FONTS<>type": "DIRECTORY", "GLOBAL_INTERCEPTOR<>entityId": "GLOBAL_INTERCEPTOR", "GLOBAL_INTERCEPTOR<>extension": "SX", "GLOBAL_INTERCEPTOR<>id": "GLOBAL_INTERCEPTOR", "GLOBAL_INTERCEPTOR<>name": "interceptors", "GLOBAL_INTERCEPTOR<>parentId": "SERVICES", "GLOBAL_INTERCEPTOR<>relative_path": "/src/services/interceptors.jsx", "GLOBAL_INTERCEPTOR<>tag": "SERVICES", "GLOBAL_INTERCEPTOR<>type": "FILE", "IMAGES<>children": [], "IMAGES<>id": "IMAGES", "IMAGES<>name": "images", "IMAGES<>parentId": "ASSETS", "IMAGES<>tag": "IMAGES", "IMAGES<>type": "DIRECTORY", "INDEX_HTML<>extension": "html", "INDEX_HTML<>id": "INDEX_HTML", "INDEX_HTML<>name": "index", "INDEX_HTML<>parentId": "ROOT", "INDEX_HTML<>tag": "INDEX_HTML", "INDEX_HTML<>type": "FILE", "MAIN_COMPONENT<>entityId": "a8830374_3639_498d_8d40_d5ad6e2b2fac", "MAIN_COMPONENT<>extension": "SX", "MAIN_COMPONENT<>id": "MAIN_COMPONENT", "MAIN_COMPONENT<>name": "App", "MAIN_COMPONENT<>parentId": "SRC", "MAIN_COMPONENT<>relative_path": "/src/App.jsx", "MAIN_COMPONENT<>tag": "ROOT_COMPONENT", "MAIN_COMPONENT<>type": "FILE", "MAIN_STYLESHEET<>extension": "css", "MAIN_STYLESHEET<>id": "MAIN_STYLESHEET", "MAIN_STYLESHEET<>name": "index", "MAIN_STYLESHEET<>parentId": "SRC", "MAIN_STYLESHEET<>tag": "MAIN_STYLESHEET", "MAIN_STYLESHEET<>type": "FILE", "PACKAGE_CONFIG<>extension": "json", "PACKAGE_CONFIG<>id": "PACKAGE_CONFIG", "PACKAGE_CONFIG<>isProtected": true, "PACKAGE_CONFIG<>name": "package", "PACKAGE_CONFIG<>parentId": "ROOT", "PACKAGE_CONFIG<>tag": "PACKAGE_CONFIG", "PACKAGE_CONFIG<>type": "FILE", "PROJECT_ROOT_FILE<>extension": "SX", "PROJECT_ROOT_FILE<>id": "PROJECT_ROOT_FILE", "PROJECT_ROOT_FILE<>name": "main", "PROJECT_ROOT_FILE<>parentId": "SRC", "PROJECT_ROOT_FILE<>tag": "ROOT", "PROJECT_ROOT_FILE<>type": "FILE", "REDUX<>children": [], "REDUX<>id": "REDUX", "REDUX<>name": "redux", "REDUX<>parentId": "SRC", "REDUX<>tag": "REDUX", "REDUX<>type": "DIRECTORY", "ROOT<>children<>0": "SRC", "ROOT<>children<>1": "PACKAGE_CONFIG", "ROOT<>children<>2": "EXTERNAL_COMPONENTS", "ROOT<>children<>3": "INDEX_HTML", "ROOT<>children<>4": "22b8ac0b_00ae_4b48_9fe4_fa696d953d1d", "ROOT<>id": "ROOT", "ROOT<>parentId": null, "ROOT<>type": "DIRECTORY", "ROUTE_COMPONENT<>extension": "SX", "ROUTE_COMPONENT<>id": "ROUTE_COMPONENT", "ROUTE_COMPONENT<>isProtected": true, "ROUTE_COMPONENT<>name": "Routing", "ROUTE_COMPONENT<>parentId": "SRC", "ROUTE_COMPONENT<>tag": "ROUTING", "ROUTE_COMPONENT<>type": "FILE", "ROUTE_COMPONENT<>wasOpen": false, "SERVICES<>children<>0": "GLOBAL_INTERCEPTOR", "SERVICES<>children<>1": "d0741f07_75f0_4d5d_83c0_30a4d8fc1958", "SERVICES<>id": "SERVICES", "SERVICES<>name": "services", "SERVICES<>parentId": "SRC", "SERVICES<>tag": "SERVICES", "SERVICES<>type": "DIRECTORY", "SRC<>children<>0": "STYLES", "SRC<>children<>1": "COMPONENTS", "SRC<>children<>2": "SERVICES", "SRC<>children<>3": "PROJECT_ROOT_FILE", "SRC<>children<>4": "MAIN_COMPONENT", "SRC<>children<>5": "ASSETS", "SRC<>children<>6": "ROUTE_COMPONENT", "SRC<>children<>7": "STORE", "SRC<>children<>8": "REDUX", "SRC<>children<>9": "CONTEXT", "SRC<>children<>10": "MAIN_STYLESHEET", "SRC<>id": "SRC", "SRC<>name": "src", "SRC<>parentId": "ROOT", "SRC<>tag": "ROOT", "SRC<>type": "DIRECTORY", "STORE<>children": [], "STORE<>id": "STORE", "STORE<>name": "store", "STORE<>parentId": "SRC", "STORE<>tag": "STORE", "STORE<>type": "DIRECTORY", "STYLES<>children<>0": "THEME_CSS_FILE", "STYLES<>id": "STYLES", "STYLES<>name": "styles", "STYLES<>parentId": "SRC", "STYLES<>tag": "STYLES", "STYLES<>type": "DIRECTORY", "SVGS<>children": [], "SVGS<>id": "SVGS", "SVGS<>name": "svgs", "SVGS<>parentId": "ASSETS", "SVGS<>tag": "SVGS", "SVGS<>type": "DIRECTORY", "THEME_CSS_FILE<>extension": "css", "THEME_CSS_FILE<>id": "THEME_CSS_FILE", "THEME_CSS_FILE<>name": "ThemeContext", "THEME_CSS_FILE<>parentId": "STYLES", "THEME_CSS_FILE<>tag": "THEME_CSS", "THEME_CSS_FILE<>type": "FILE", "THEME_PROVIDER_FILE<>extension": "SX", "THEME_PROVIDER_FILE<>id": "THEME_PROVIDER_FILE", "THEME_PROVIDER_FILE<>name": "ThemeContext", "THEME_PROVIDER_FILE<>parentId": "CONTEXT", "THEME_PROVIDER_FILE<>tag": "THEME_PROVIDER", "THEME_PROVIDER_FILE<>type": "FILE", "a0fe60b0_087f_42bb_b322_7a80f557ecfd<>entityId": "a0fe60b0_087f_42bb_b322_7a80f557ecfd", "a0fe60b0_087f_42bb_b322_7a80f557ecfd<>extension": "SX", "a0fe60b0_087f_42bb_b322_7a80f557ecfd<>id": "a0fe60b0_087f_42bb_b322_7a80f557ecfd", "a0fe60b0_087f_42bb_b322_7a80f557ecfd<>name": "interceptors", "a0fe60b0_087f_42bb_b322_7a80f557ecfd<>parentId": "d0741f07_75f0_4d5d_83c0_30a4d8fc1958", "a0fe60b0_087f_42bb_b322_7a80f557ecfd<>relative_path": "/src/services/Auth & User Management API/interceptors.jsx", "a0fe60b0_087f_42bb_b322_7a80f557ecfd<>tag": "SERVICES", "a0fe60b0_087f_42bb_b322_7a80f557ecfd<>type": "FILE", "d0741f07_75f0_4d5d_83c0_30a4d8fc1958<>children<>0": "a0fe60b0_087f_42bb_b322_7a80f557ecfd", "d0741f07_75f0_4d5d_83c0_30a4d8fc1958<>children<>1": "9f02ff60_735d_4369_8498_d47c2e8706d0", "d0741f07_75f0_4d5d_83c0_30a4d8fc1958<>children<>2": "d0741f07_75f0_4d5d_83c0_30a4d8fc1958_auth", "d0741f07_75f0_4d5d_83c0_30a4d8fc1958<>entityId": "d0741f07_75f0_4d5d_83c0_30a4d8fc1958", "d0741f07_75f0_4d5d_83c0_30a4d8fc1958<>id": "d0741f07_75f0_4d5d_83c0_30a4d8fc1958", "d0741f07_75f0_4d5d_83c0_30a4d8fc1958<>name": "Auth & User Management API", "d0741f07_75f0_4d5d_83c0_30a4d8fc1958<>parentId": "SERVICES", "d0741f07_75f0_4d5d_83c0_30a4d8fc1958<>relative_path": "/src/services/Auth & User Management API", "d0741f07_75f0_4d5d_83c0_30a4d8fc1958<>tag": "SERVICES", "d0741f07_75f0_4d5d_83c0_30a4d8fc1958<>type": "DIRECTORY", "d0741f07_75f0_4d5d_83c0_30a4d8fc1958_auth<>name": "authApis", "d0741f07_75f0_4d5d_83c0_30a4d8fc1958_auth<>parentId": "d0741f07_75f0_4d5d_83c0_30a4d8fc1958", "d0741f07_75f0_4d5d_83c0_30a4d8fc1958_auth<>id": "d0741f07_75f0_4d5d_83c0_30a4d8fc1958_auth", "d0741f07_75f0_4d5d_83c0_30a4d8fc1958_auth<>tag": "SERVICES", "d0741f07_75f0_4d5d_83c0_30a4d8fc1958_auth<>type": "FILE", "d0741f07_75f0_4d5d_83c0_30a4d8fc1958_auth<>entityId": "d0741f07_75f0_4d5d_83c0_30a4d8fc1958_auth", "d0741f07_75f0_4d5d_83c0_30a4d8fc1958_auth<>extension": "SX", "d0741f07_75f0_4d5d_83c0_30a4d8fc1958_auth<>relative_path": "/src/services/Auth & User Management API/authApis.jsx"}