{"6387665d_625e_423c_9edd_68365eef5961<>entityId": "04b80fbd_529b_4959_b312_4b7d9333a25b", "6387665d_625e_423c_9edd_68365eef5961<>extension": "js", "6387665d_625e_423c_9edd_68365eef5961<>id": "6387665d_625e_423c_9edd_68365eef5961", "6387665d_625e_423c_9edd_68365eef5961<>name": "vite.config", "6387665d_625e_423c_9edd_68365eef5961<>parentId": "ROOT", "6387665d_625e_423c_9edd_68365eef5961<>relative_path": "/vite.config.js", "6387665d_625e_423c_9edd_68365eef5961<>tag": "VITE_CONFIG", "6387665d_625e_423c_9edd_68365eef5961<>type": "FILE", "ASSETS<>children<>0": "IMAGES", "ASSETS<>children<>1": "SVGS", "ASSETS<>children<>2": "FONTS", "ASSETS<>id": "ASSETS", "ASSETS<>name": "assets", "ASSETS<>parentId": "SRC", "ASSETS<>tag": "ASSETS", "ASSETS<>type": "DIRECTORY", "COMPONENTS<>children<>0": "dccbc3d6_abbe_422e_ac6d_391f658fe536", "COMPONENTS<>id": "COMPONENTS", "COMPONENTS<>name": "components", "COMPONENTS<>parentId": "SRC", "COMPONENTS<>tag": "COMPONENTS", "COMPONENTS<>type": "DIRECTORY", "CONTEXT<>children<>0": "THEME_PROVIDER_FILE", "CONTEXT<>id": "CONTEXT", "CONTEXT<>name": "context", "CONTEXT<>parentId": "SRC", "CONTEXT<>tag": "CONTEXT", "CONTEXT<>type": "DIRECTORY", "EXTERNAL_COMPONENTS<>children": [], "EXTERNAL_COMPONENTS<>id": "EXTERNAL_COMPONENTS", "EXTERNAL_COMPONENTS<>name": "external_components", "EXTERNAL_COMPONENTS<>parentId": "ROOT", "EXTERNAL_COMPONENTS<>tag": "EXTERNAL_COMPONENTS", "EXTERNAL_COMPONENTS<>type": "DIRECTORY", "FONTS<>children": [], "FONTS<>id": "FONTS", "FONTS<>name": "fonts", "FONTS<>parentId": "ASSETS", "FONTS<>tag": "FONTS", "FONTS<>type": "DIRECTORY", "IMAGES<>children": [], "IMAGES<>id": "IMAGES", "IMAGES<>name": "images", "IMAGES<>parentId": "ASSETS", "IMAGES<>tag": "IMAGES", "IMAGES<>type": "DIRECTORY", "INDEX_HTML<>extension": "html", "INDEX_HTML<>id": "INDEX_HTML", "INDEX_HTML<>name": "index", "INDEX_HTML<>parentId": "ROOT", "INDEX_HTML<>tag": "INDEX_HTML", "INDEX_HTML<>type": "FILE", "MAIN_COMPONENT<>entityId": "6f417071_580c_4721_9d91_b8b8e64865b8", "MAIN_COMPONENT<>extension": "SX", "MAIN_COMPONENT<>id": "MAIN_COMPONENT", "MAIN_COMPONENT<>name": "App", "MAIN_COMPONENT<>parentId": "SRC", "MAIN_COMPONENT<>relative_path": "/src/App.jsx", "MAIN_COMPONENT<>tag": "ROOT_COMPONENT", "MAIN_COMPONENT<>type": "FILE", "MAIN_STYLESHEET<>extension": "css", "MAIN_STYLESHEET<>id": "MAIN_STYLESHEET", "MAIN_STYLESHEET<>name": "index", "MAIN_STYLESHEET<>parentId": "SRC", "MAIN_STYLESHEET<>tag": "MAIN_STYLESHEET", "MAIN_STYLESHEET<>type": "FILE", "PACKAGE_CONFIG<>extension": "json", "PACKAGE_CONFIG<>id": "PACKAGE_CONFIG", "PACKAGE_CONFIG<>isProtected": true, "PACKAGE_CONFIG<>name": "package", "PACKAGE_CONFIG<>parentId": "ROOT", "PACKAGE_CONFIG<>tag": "PACKAGE_CONFIG", "PACKAGE_CONFIG<>type": "FILE", "PROJECT_ROOT_FILE<>extension": "SX", "PROJECT_ROOT_FILE<>id": "PROJECT_ROOT_FILE", "PROJECT_ROOT_FILE<>name": "main", "PROJECT_ROOT_FILE<>parentId": "SRC", "PROJECT_ROOT_FILE<>tag": "ROOT", "PROJECT_ROOT_FILE<>type": "FILE", "REDUX<>children": [], "REDUX<>id": "REDUX", "REDUX<>name": "redux", "REDUX<>parentId": "SRC", "REDUX<>tag": "REDUX", "REDUX<>type": "DIRECTORY", "ROOT<>children<>0": "SRC", "ROOT<>children<>1": "PACKAGE_CONFIG", "ROOT<>children<>2": "EXTERNAL_COMPONENTS", "ROOT<>children<>3": "INDEX_HTML", "ROOT<>children<>4": "6387665d_625e_423c_9edd_68365eef5961", "ROOT<>id": "ROOT", "ROOT<>parentId": null, "ROOT<>type": "DIRECTORY", "ROUTE_COMPONENT<>extension": "SX", "ROUTE_COMPONENT<>id": "ROUTE_COMPONENT", "ROUTE_COMPONENT<>isProtected": true, "ROUTE_COMPONENT<>name": "Routing", "ROUTE_COMPONENT<>parentId": "SRC", "ROUTE_COMPONENT<>tag": "ROUTING", "ROUTE_COMPONENT<>type": "FILE", "ROUTE_COMPONENT<>wasOpen": false, "SERVICES<>children": [], "SERVICES<>id": "SERVICES", "SERVICES<>name": "services", "SERVICES<>parentId": "SRC", "SERVICES<>tag": "SERVICES", "SERVICES<>type": "DIRECTORY", "SRC<>children<>0": "STYLES", "SRC<>children<>1": "COMPONENTS", "SRC<>children<>2": "SERVICES", "SRC<>children<>3": "PROJECT_ROOT_FILE", "SRC<>children<>4": "MAIN_COMPONENT", "SRC<>children<>5": "ASSETS", "SRC<>children<>6": "ROUTE_COMPONENT", "SRC<>children<>7": "STORE", "SRC<>children<>8": "REDUX", "SRC<>children<>9": "CONTEXT", "SRC<>children<>10": "MAIN_STYLESHEET", "SRC<>children<>11": "STYLES_MASTER_FILE", "SRC<>id": "SRC", "SRC<>name": "src", "SRC<>parentId": "ROOT", "SRC<>tag": "ROOT", "SRC<>type": "DIRECTORY", "STORE<>children": [], "STORE<>id": "STORE", "STORE<>name": "store", "STORE<>parentId": "SRC", "STORE<>tag": "STORE", "STORE<>type": "DIRECTORY", "STYLES<>children<>0": "THEME_CSS_FILE", "STYLES<>id": "STYLES", "STYLES<>name": "styles", "STYLES<>parentId": "SRC", "STYLES<>tag": "STYLES", "STYLES<>type": "DIRECTORY", "SVGS<>children": [], "SVGS<>id": "SVGS", "SVGS<>name": "svgs", "SVGS<>parentId": "ASSETS", "SVGS<>tag": "SVGS", "SVGS<>type": "DIRECTORY", "THEME_CSS_FILE<>extension": "css", "THEME_CSS_FILE<>id": "THEME_CSS_FILE", "THEME_CSS_FILE<>name": "ThemeContext", "THEME_CSS_FILE<>parentId": "STYLES", "THEME_CSS_FILE<>tag": "THEME_CSS", "THEME_CSS_FILE<>type": "FILE", "THEME_PROVIDER_FILE<>extension": "SX", "THEME_PROVIDER_FILE<>id": "THEME_PROVIDER_FILE", "THEME_PROVIDER_FILE<>name": "ThemeContext", "THEME_PROVIDER_FILE<>parentId": "CONTEXT", "THEME_PROVIDER_FILE<>tag": "THEME_PROVIDER", "THEME_PROVIDER_FILE<>type": "FILE", "dccbc3d6_abbe_422e_ac6d_391f658fe536<>entityId": "047aec68_9c53_4410_86fa_97267d1ff143", "dccbc3d6_abbe_422e_ac6d_391f658fe536<>extension": "SX", "dccbc3d6_abbe_422e_ac6d_391f658fe536<>id": "dccbc3d6_abbe_422e_ac6d_391f658fe536", "dccbc3d6_abbe_422e_ac6d_391f658fe536<>name": "Main", "dccbc3d6_abbe_422e_ac6d_391f658fe536<>parentId": "COMPONENTS", "dccbc3d6_abbe_422e_ac6d_391f658fe536<>relative_path": "/src/components/Main.jsx", "dccbc3d6_abbe_422e_ac6d_391f658fe536<>tag": "COMPONENTS", "dccbc3d6_abbe_422e_ac6d_391f658fe536<>type": "FILE", "STYLES_MASTER_FILE<>name": "stylesMaster", "STYLES_MASTER_FILE<>parentId": "SRC", "STYLES_MASTER_FILE<>id": "STYLES_MASTER_FILE", "STYLES_MASTER_FILE<>tag": "STYLES_MASTER", "STYLES_MASTER_FILE<>type": "FILE", "STYLES_MASTER_FILE<>entityId": null, "STYLES_MASTER_FILE<>extension": "jsx", "STYLES_MASTER_FILE<>relative_path": "/src/stylesMaster.jsx"}