{
  "036bc8dd_72ce_424e_b479_7e2468816346<>defaultExport": true,
  "036bc8dd_72ce_424e_b479_7e2468816346<>exportedAs": "Main",
  "036bc8dd_72ce_424e_b479_7e2468816346<>fileId": "73149b9b_9023_42ef_b56d_ea1ba4b52c03",
  "036bc8dd_72ce_424e_b479_7e2468816346<>id": "036bc8dd_72ce_424e_b479_7e2468816346",
  "036bc8dd_72ce_424e_b479_7e2468816346<>schema<>hasImperativeHandling": false,
  "036bc8dd_72ce_424e_b479_7e2468816346<>schema<>props<>0<>defaultValue": null,
  "036bc8dd_72ce_424e_b479_7e2468816346<>schema<>props<>0<>description": "",
  "036bc8dd_72ce_424e_b479_7e2468816346<>schema<>props<>0<>id": "212c7981_1739_433b_b36d_dd15c61145e7",
  "036bc8dd_72ce_424e_b479_7e2468816346<>schema<>props<>0<>isRequired": false,
  "036bc8dd_72ce_424e_b479_7e2468816346<>schema<>props<>0<>name": "prop1",
  "036bc8dd_72ce_424e_b479_7e2468816346<>schema<>props<>0<>schema<>selection": "anyOf",
  "036bc8dd_72ce_424e_b479_7e2468816346<>schema<>props<>0<>schema<>types<>0<>type": "ANY",
  "036bc8dd_72ce_424e_b479_7e2468816346<>schema<>type": "REACT_FC",
  "036bc8dd_72ce_424e_b479_7e2468816346<>type": "REACT_COMPONENT",
  "036bc8dd_72ce_424e_b479_7e2468816346<>usedIn<>0": "ROUTE_COMPONENT",
  "26000bf0_9752_4b5c_8035_72e2267765a4<>defaultExport": false,
  "26000bf0_9752_4b5c_8035_72e2267765a4<>exportedAs": "createApiAuthRegister",
  "26000bf0_9752_4b5c_8035_72e2267765a4<>fileId": "9f02ff60_735d_4369_8498_d47c2e8706d0",
  "26000bf0_9752_4b5c_8035_72e2267765a4<>id": "26000bf0_9752_4b5c_8035_72e2267765a4",
  "26000bf0_9752_4b5c_8035_72e2267765a4<>schema<>isAsync": true,
  "26000bf0_9752_4b5c_8035_72e2267765a4<>schema<>parameters<>0<>destructured": false,
  "26000bf0_9752_4b5c_8035_72e2267765a4<>schema<>parameters<>0<>name": "RegisterRequest",
  "26000bf0_9752_4b5c_8035_72e2267765a4<>schema<>parameters<>0<>schema<>$ref": "78e4bbd3_02b3_41bd_8451_d8546470d460",
  "26000bf0_9752_4b5c_8035_72e2267765a4<>schema<>returnType<>selection": "anyOf",
  "26000bf0_9752_4b5c_8035_72e2267765a4<>schema<>returnType<>types<>0<>type": "VOID",
  "26000bf0_9752_4b5c_8035_72e2267765a4<>schema<>type": "FUNCTION",
  "26000bf0_9752_4b5c_8035_72e2267765a4<>type": "SERVICE",
  "26000bf0_9752_4b5c_8035_72e2267765a4<>usedIn": [],
  "354b9a5e_ab0f_4e92_8edc_eca4db3317ca<>defaultExport": false,
  "354b9a5e_ab0f_4e92_8edc_eca4db3317ca<>exportedAs": "getApiStats",
  "354b9a5e_ab0f_4e92_8edc_eca4db3317ca<>fileId": "9f02ff60_735d_4369_8498_d47c2e8706d0",
  "354b9a5e_ab0f_4e92_8edc_eca4db3317ca<>id": "354b9a5e_ab0f_4e92_8edc_eca4db3317ca",
  "354b9a5e_ab0f_4e92_8edc_eca4db3317ca<>schema<>isAsync": true,
  "354b9a5e_ab0f_4e92_8edc_eca4db3317ca<>schema<>parameters": [],
  "354b9a5e_ab0f_4e92_8edc_eca4db3317ca<>schema<>returnType<>selection": "anyOf",
  "354b9a5e_ab0f_4e92_8edc_eca4db3317ca<>schema<>returnType<>types<>0<>$ref": "e2baf5e8_019c_4fd0_90c5_295d8d1beea8",
  "354b9a5e_ab0f_4e92_8edc_eca4db3317ca<>schema<>type": "FUNCTION",
  "354b9a5e_ab0f_4e92_8edc_eca4db3317ca<>type": "SERVICE",
  "354b9a5e_ab0f_4e92_8edc_eca4db3317ca<>usedIn": [],
  "402dec44_f6eb_4375_8655_d9f489f78a9a<>apiType": "Login",
  "402dec44_f6eb_4375_8655_d9f489f78a9a<>authType": "Bearer",
  "402dec44_f6eb_4375_8655_d9f489f78a9a<>defaultExport": false,
  "402dec44_f6eb_4375_8655_d9f489f78a9a<>exportedAs": "bearerAuthLogin",
  "402dec44_f6eb_4375_8655_d9f489f78a9a<>fileId": "d0741f07_75f0_4d5d_83c0_30a4d8fc1958_auth",
  "402dec44_f6eb_4375_8655_d9f489f78a9a<>id": "402dec44_f6eb_4375_8655_d9f489f78a9a",
  "402dec44_f6eb_4375_8655_d9f489f78a9a<>schema<>isAsync": true,
  "402dec44_f6eb_4375_8655_d9f489f78a9a<>schema<>parameters": [],
  "402dec44_f6eb_4375_8655_d9f489f78a9a<>schema<>returnType<>selection": "anyOf",
  "402dec44_f6eb_4375_8655_d9f489f78a9a<>schema<>returnType<>types<>0<>type": "VOID",
  "402dec44_f6eb_4375_8655_d9f489f78a9a<>schema<>type": "FUNCTION",
  "402dec44_f6eb_4375_8655_d9f489f78a9a<>serviceType": "AUTH",
  "402dec44_f6eb_4375_8655_d9f489f78a9a<>type": "SERVICE",
  "402dec44_f6eb_4375_8655_d9f489f78a9a<>usedIn": [],
  "4140a41f_48b3_4cf8_b2a7_cd50501b80e2<>defaultExport": false,
  "4140a41f_48b3_4cf8_b2a7_cd50501b80e2<>exportedAs": "deleteApiUsersByEmail",
  "4140a41f_48b3_4cf8_b2a7_cd50501b80e2<>fileId": "9f02ff60_735d_4369_8498_d47c2e8706d0",
  "4140a41f_48b3_4cf8_b2a7_cd50501b80e2<>id": "4140a41f_48b3_4cf8_b2a7_cd50501b80e2",
  "4140a41f_48b3_4cf8_b2a7_cd50501b80e2<>schema<>isAsync": true,
  "4140a41f_48b3_4cf8_b2a7_cd50501b80e2<>schema<>parameters<>0<>name": "email",
  "4140a41f_48b3_4cf8_b2a7_cd50501b80e2<>schema<>parameters<>0<>schema<>selection": "anyOf",
  "4140a41f_48b3_4cf8_b2a7_cd50501b80e2<>schema<>parameters<>0<>schema<>types<>0<>type": "STRING",
  "4140a41f_48b3_4cf8_b2a7_cd50501b80e2<>schema<>returnType<>selection": "anyOf",
  "4140a41f_48b3_4cf8_b2a7_cd50501b80e2<>schema<>returnType<>types<>0<>type": "VOID",
  "4140a41f_48b3_4cf8_b2a7_cd50501b80e2<>schema<>type": "FUNCTION",
  "4140a41f_48b3_4cf8_b2a7_cd50501b80e2<>type": "SERVICE",
  "4140a41f_48b3_4cf8_b2a7_cd50501b80e2<>usedIn": [],
  "66db7b76_503c_4e37_8d25_8f19bb6811d3<>defaultExport": false,
  "66db7b76_503c_4e37_8d25_8f19bb6811d3<>exportedAs": "getApiProfile",
  "66db7b76_503c_4e37_8d25_8f19bb6811d3<>fileId": "9f02ff60_735d_4369_8498_d47c2e8706d0",
  "66db7b76_503c_4e37_8d25_8f19bb6811d3<>id": "66db7b76_503c_4e37_8d25_8f19bb6811d3",
  "66db7b76_503c_4e37_8d25_8f19bb6811d3<>schema<>isAsync": true,
  "66db7b76_503c_4e37_8d25_8f19bb6811d3<>schema<>parameters": [],
  "66db7b76_503c_4e37_8d25_8f19bb6811d3<>schema<>returnType<>selection": "anyOf",
  "66db7b76_503c_4e37_8d25_8f19bb6811d3<>schema<>returnType<>types<>0<>$ref": "e59a221f_08e0_47ec_abb5_6506f7dc0cda",
  "66db7b76_503c_4e37_8d25_8f19bb6811d3<>schema<>type": "FUNCTION",
  "66db7b76_503c_4e37_8d25_8f19bb6811d3<>type": "SERVICE",
  "66db7b76_503c_4e37_8d25_8f19bb6811d3<>usedIn": [],
  "81ba7da9_608e_41d0_847b_782a551d48be<>apiType": "Logout",
  "81ba7da9_608e_41d0_847b_782a551d48be<>authType": "No Auth",
  "81ba7da9_608e_41d0_847b_782a551d48be<>defaultExport": false,
  "81ba7da9_608e_41d0_847b_782a551d48be<>exportedAs": "clearAuthSessionUserAuthenticationAndStatsAPI",
  "81ba7da9_608e_41d0_847b_782a551d48be<>fileId": "f44534ec_9028_435f_aae9_e8b7f7982a69_auth",
  "81ba7da9_608e_41d0_847b_782a551d48be<>id": "81ba7da9_608e_41d0_847b_782a551d48be",
  "81ba7da9_608e_41d0_847b_782a551d48be<>schema<>isAsync": true,
  "81ba7da9_608e_41d0_847b_782a551d48be<>schema<>parameters": [],
  "81ba7da9_608e_41d0_847b_782a551d48be<>schema<>returnType<>selection": "anyOf",
  "81ba7da9_608e_41d0_847b_782a551d48be<>schema<>returnType<>types<>0<>type": "VOID",
  "81ba7da9_608e_41d0_847b_782a551d48be<>schema<>type": "FUNCTION",
  "81ba7da9_608e_41d0_847b_782a551d48be<>serviceType": "AUTH",
  "81ba7da9_608e_41d0_847b_782a551d48be<>type": "SERVICE",
  "81ba7da9_608e_41d0_847b_782a551d48be<>usedIn": [],
  "83ccb16a_8a85_4800_af40_9b77a8e6a850<>apiType": "Logout",
  "83ccb16a_8a85_4800_af40_9b77a8e6a850<>authType": "No Auth",
  "83ccb16a_8a85_4800_af40_9b77a8e6a850<>defaultExport": false,
  "83ccb16a_8a85_4800_af40_9b77a8e6a850<>exportedAs": "clearAuthSessionAuthUserManagementAPI",
  "83ccb16a_8a85_4800_af40_9b77a8e6a850<>fileId": "d7e051db_59b2_498d_ae83_12c813bef0c7_auth",
  "83ccb16a_8a85_4800_af40_9b77a8e6a850<>id": "83ccb16a_8a85_4800_af40_9b77a8e6a850",
  "83ccb16a_8a85_4800_af40_9b77a8e6a850<>schema<>isAsync": true,
  "83ccb16a_8a85_4800_af40_9b77a8e6a850<>schema<>parameters": [],
  "83ccb16a_8a85_4800_af40_9b77a8e6a850<>schema<>returnType<>selection": "anyOf",
  "83ccb16a_8a85_4800_af40_9b77a8e6a850<>schema<>returnType<>types<>0<>type": "VOID",
  "83ccb16a_8a85_4800_af40_9b77a8e6a850<>schema<>type": "FUNCTION",
  "83ccb16a_8a85_4800_af40_9b77a8e6a850<>serviceType": "AUTH",
  "83ccb16a_8a85_4800_af40_9b77a8e6a850<>type": "SERVICE",
  "83ccb16a_8a85_4800_af40_9b77a8e6a850<>usedIn": [],
  "8df27af3_4f70_4147_9986_08b2d83d30ac<>apiType": "Login",
  "8df27af3_4f70_4147_9986_08b2d83d30ac<>authType": "Bearer",
  "8df27af3_4f70_4147_9986_08b2d83d30ac<>defaultExport": false,
  "8df27af3_4f70_4147_9986_08b2d83d30ac<>exportedAs": "bearerAuthLogin",
  "8df27af3_4f70_4147_9986_08b2d83d30ac<>fileId": "1a127300_c47e_412e_a9a6_0dd9708a6f2b_auth",
  "8df27af3_4f70_4147_9986_08b2d83d30ac<>id": "8df27af3_4f70_4147_9986_08b2d83d30ac",
  "8df27af3_4f70_4147_9986_08b2d83d30ac<>schema<>isAsync": true,
  "8df27af3_4f70_4147_9986_08b2d83d30ac<>schema<>parameters": [],
  "8df27af3_4f70_4147_9986_08b2d83d30ac<>schema<>returnType<>selection": "anyOf",
  "8df27af3_4f70_4147_9986_08b2d83d30ac<>schema<>returnType<>types<>0<>type": "VOID",
  "8df27af3_4f70_4147_9986_08b2d83d30ac<>schema<>type": "FUNCTION",
  "8df27af3_4f70_4147_9986_08b2d83d30ac<>serviceType": "AUTH",
  "8df27af3_4f70_4147_9986_08b2d83d30ac<>type": "SERVICE",
  "8df27af3_4f70_4147_9986_08b2d83d30ac<>usedIn": [],
  "9581391f_a849_4eb6_a3e0_2bd90a8f8632<>defaultExport": false,
  "9581391f_a849_4eb6_a3e0_2bd90a8f8632<>exportedAs": "updateApiUsersByEmail",
  "9581391f_a849_4eb6_a3e0_2bd90a8f8632<>fileId": "9f02ff60_735d_4369_8498_d47c2e8706d0",
  "9581391f_a849_4eb6_a3e0_2bd90a8f8632<>id": "9581391f_a849_4eb6_a3e0_2bd90a8f8632",
  "9581391f_a849_4eb6_a3e0_2bd90a8f8632<>schema<>isAsync": true,
  "9581391f_a849_4eb6_a3e0_2bd90a8f8632<>schema<>parameters<>0<>destructured": false,
  "9581391f_a849_4eb6_a3e0_2bd90a8f8632<>schema<>parameters<>0<>name": "UpdateUser",
  "9581391f_a849_4eb6_a3e0_2bd90a8f8632<>schema<>parameters<>0<>schema<>$ref": "2b88dfbc_bfd5_44cb_b5e5_2ce8bf758d95",
  "9581391f_a849_4eb6_a3e0_2bd90a8f8632<>schema<>parameters<>1<>name": "email",
  "9581391f_a849_4eb6_a3e0_2bd90a8f8632<>schema<>parameters<>1<>schema<>selection": "anyOf",
  "9581391f_a849_4eb6_a3e0_2bd90a8f8632<>schema<>parameters<>1<>schema<>types<>0<>type": "STRING",
  "9581391f_a849_4eb6_a3e0_2bd90a8f8632<>schema<>returnType<>selection": "anyOf",
  "9581391f_a849_4eb6_a3e0_2bd90a8f8632<>schema<>returnType<>types<>0<>type": "VOID",
  "9581391f_a849_4eb6_a3e0_2bd90a8f8632<>schema<>type": "FUNCTION",
  "9581391f_a849_4eb6_a3e0_2bd90a8f8632<>type": "SERVICE",
  "9581391f_a849_4eb6_a3e0_2bd90a8f8632<>usedIn": [],
  "95b8cc18_aabc_4549_9300_7f75beb62706<>apiType": "Logout",
  "95b8cc18_aabc_4549_9300_7f75beb62706<>authType": "No Auth",
  "95b8cc18_aabc_4549_9300_7f75beb62706<>defaultExport": false,
  "95b8cc18_aabc_4549_9300_7f75beb62706<>exportedAs": "clearAuthSessionUserAuthenticationAndStatsAPI",
  "95b8cc18_aabc_4549_9300_7f75beb62706<>fileId": "37dc6765_fb4e_420f_af08_fe0a97e2fdc6_auth",
  "95b8cc18_aabc_4549_9300_7f75beb62706<>id": "95b8cc18_aabc_4549_9300_7f75beb62706",
  "95b8cc18_aabc_4549_9300_7f75beb62706<>schema<>isAsync": true,
  "95b8cc18_aabc_4549_9300_7f75beb62706<>schema<>parameters": [],
  "95b8cc18_aabc_4549_9300_7f75beb62706<>schema<>returnType<>selection": "anyOf",
  "95b8cc18_aabc_4549_9300_7f75beb62706<>schema<>returnType<>types<>0<>type": "VOID",
  "95b8cc18_aabc_4549_9300_7f75beb62706<>schema<>type": "FUNCTION",
  "95b8cc18_aabc_4549_9300_7f75beb62706<>serviceType": "AUTH",
  "95b8cc18_aabc_4549_9300_7f75beb62706<>type": "SERVICE",
  "95b8cc18_aabc_4549_9300_7f75beb62706<>usedIn": [],
  "9f48bc2b_2a15_48cb_b33c_d2da00d6f08b<>defaultExport": false,
  "9f48bc2b_2a15_48cb_b33c_d2da00d6f08b<>exportedAs": "getApiUsersDetails",
  "9f48bc2b_2a15_48cb_b33c_d2da00d6f08b<>fileId": "9f02ff60_735d_4369_8498_d47c2e8706d0",
  "9f48bc2b_2a15_48cb_b33c_d2da00d6f08b<>id": "9f48bc2b_2a15_48cb_b33c_d2da00d6f08b",
  "9f48bc2b_2a15_48cb_b33c_d2da00d6f08b<>schema<>isAsync": true,
  "9f48bc2b_2a15_48cb_b33c_d2da00d6f08b<>schema<>parameters": [],
  "9f48bc2b_2a15_48cb_b33c_d2da00d6f08b<>schema<>returnType<>templateInputs<>0<>selection": "anyOf",
  "9f48bc2b_2a15_48cb_b33c_d2da00d6f08b<>schema<>returnType<>templateInputs<>0<>types<>0<>$ref": "e59a221f_08e0_47ec_abb5_6506f7dc0cda",
  "9f48bc2b_2a15_48cb_b33c_d2da00d6f08b<>schema<>returnType<>type": "ARRAY",
  "9f48bc2b_2a15_48cb_b33c_d2da00d6f08b<>schema<>type": "FUNCTION",
  "9f48bc2b_2a15_48cb_b33c_d2da00d6f08b<>type": "SERVICE",
  "9f48bc2b_2a15_48cb_b33c_d2da00d6f08b<>usedIn": [],
  "9fb74a2d_a183_41f9_aa27_0402f860c2c4<>apiType": "Logout",
  "9fb74a2d_a183_41f9_aa27_0402f860c2c4<>authType": "No Auth",
  "9fb74a2d_a183_41f9_aa27_0402f860c2c4<>defaultExport": false,
  "9fb74a2d_a183_41f9_aa27_0402f860c2c4<>exportedAs": "clearAuthSessionAuthUserManagementAPI",
  "9fb74a2d_a183_41f9_aa27_0402f860c2c4<>fileId": "1a127300_c47e_412e_a9a6_0dd9708a6f2b_auth",
  "9fb74a2d_a183_41f9_aa27_0402f860c2c4<>id": "9fb74a2d_a183_41f9_aa27_0402f860c2c4",
  "9fb74a2d_a183_41f9_aa27_0402f860c2c4<>schema<>isAsync": true,
  "9fb74a2d_a183_41f9_aa27_0402f860c2c4<>schema<>parameters": [],
  "9fb74a2d_a183_41f9_aa27_0402f860c2c4<>schema<>returnType<>selection": "anyOf",
  "9fb74a2d_a183_41f9_aa27_0402f860c2c4<>schema<>returnType<>types<>0<>type": "VOID",
  "9fb74a2d_a183_41f9_aa27_0402f860c2c4<>schema<>type": "FUNCTION",
  "9fb74a2d_a183_41f9_aa27_0402f860c2c4<>serviceType": "AUTH",
  "9fb74a2d_a183_41f9_aa27_0402f860c2c4<>type": "SERVICE",
  "9fb74a2d_a183_41f9_aa27_0402f860c2c4<>usedIn": [],
  "PROJECT_ROUTER<>defaultExport": true,
  "PROJECT_ROUTER<>exportedAs": "router",
  "PROJECT_ROUTER<>fileId": "ROUTE_COMPONENT",
  "PROJECT_ROUTER<>id": "PROJECT_ROUTER",
  "PROJECT_ROUTER<>schema<>type": "ANY",
  "PROJECT_ROUTER<>type": "FILE",
  "PROJECT_ROUTER<>usedIn": [],
  "THEME_CSS<>defaultExport": false,
  "THEME_CSS<>exportedAs": "ThemeContext",
  "THEME_CSS<>fileId": "THEME_CSS_FILE",
  "THEME_CSS<>id": "THEME_CSS",
  "THEME_CSS<>schema<>type": "ThemeProvider",
  "THEME_CSS<>type": "FILE",
  "THEME_CSS<>usedIn": [],
  "THEME_HOOK<>defaultExport": false,
  "THEME_HOOK<>exportedAs": "useThemeContext",
  "THEME_HOOK<>fileId": "THEME_PROVIDER_FILE",
  "THEME_HOOK<>id": "THEME_HOOK",
  "THEME_HOOK<>schema<>isAsync": false,
  "THEME_HOOK<>schema<>parameters": [],
  "THEME_HOOK<>schema<>returnType<>id": "$ThemeContextReturn",
  "THEME_HOOK<>schema<>returnType<>properties<>mode<>id": "mode",
  "THEME_HOOK<>schema<>returnType<>properties<>mode<>name": "mode",
  "THEME_HOOK<>schema<>returnType<>properties<>mode<>type": "STRING",
  "THEME_HOOK<>schema<>returnType<>properties<>setTheme<>id": "setTheme",
  "THEME_HOOK<>schema<>returnType<>properties<>setTheme<>isAsync": false,
  "THEME_HOOK<>schema<>returnType<>properties<>setTheme<>name": "setTheme",
  "THEME_HOOK<>schema<>returnType<>properties<>setTheme<>parameters<>0<>name": "themeName",
  "THEME_HOOK<>schema<>returnType<>properties<>setTheme<>parameters<>0<>type": "STRING",
  "THEME_HOOK<>schema<>returnType<>properties<>setTheme<>returnType<>type": "VOID",
  "THEME_HOOK<>schema<>returnType<>properties<>setTheme<>type": "FUNCTION",
  "THEME_HOOK<>schema<>returnType<>properties<>themeName<>id": "themeName",
  "THEME_HOOK<>schema<>returnType<>properties<>themeName<>name": "themeName",
  "THEME_HOOK<>schema<>returnType<>properties<>themeName<>type": "STRING",
  "THEME_HOOK<>schema<>returnType<>properties<>toggleMode<>id": "toggleMode",
  "THEME_HOOK<>schema<>returnType<>properties<>toggleMode<>isAsync": false,
  "THEME_HOOK<>schema<>returnType<>properties<>toggleMode<>name": "toggleMode",
  "THEME_HOOK<>schema<>returnType<>properties<>toggleMode<>parameters": [],
  "THEME_HOOK<>schema<>returnType<>properties<>toggleMode<>returnType<>type": "VOID",
  "THEME_HOOK<>schema<>returnType<>properties<>toggleMode<>type": "FUNCTION",
  "THEME_HOOK<>schema<>returnType<>type": "OBJECT",
  "THEME_HOOK<>schema<>type": "FUNCTION",
  "THEME_HOOK<>type": "FUNCTION",
  "THEME_HOOK<>usedIn": [],
  "THEME_PROVIDER<>defaultExport": false,
  "THEME_PROVIDER<>exportedAs": "ThemeProvider",
  "THEME_PROVIDER<>fileId": "THEME_PROVIDER_FILE",
  "THEME_PROVIDER<>id": "THEME_PROVIDER",
  "THEME_PROVIDER<>schema<>type": "ThemeProvider",
  "THEME_PROVIDER<>tag": "PROVIDER_WRAPPER",
  "THEME_PROVIDER<>type": "REACT_COMPONENT",
  "THEME_PROVIDER<>usedIn<>0": "MAIN_COMPONENT",
  "a87b9497_6330_46f5_9211_577bb51b228b<>apiType": "Logout",
  "a87b9497_6330_46f5_9211_577bb51b228b<>authType": "No Auth",
  "a87b9497_6330_46f5_9211_577bb51b228b<>defaultExport": false,
  "a87b9497_6330_46f5_9211_577bb51b228b<>exportedAs": "clearAuthSessionAuthDashboardAPI",
  "a87b9497_6330_46f5_9211_577bb51b228b<>fileId": "9918f670_1598_4457_963a_652e2ccf4c1b_auth",
  "a87b9497_6330_46f5_9211_577bb51b228b<>id": "a87b9497_6330_46f5_9211_577bb51b228b",
  "a87b9497_6330_46f5_9211_577bb51b228b<>schema<>isAsync": true,
  "a87b9497_6330_46f5_9211_577bb51b228b<>schema<>parameters": [],
  "a87b9497_6330_46f5_9211_577bb51b228b<>schema<>returnType<>selection": "anyOf",
  "a87b9497_6330_46f5_9211_577bb51b228b<>schema<>returnType<>types<>0<>type": "VOID",
  "a87b9497_6330_46f5_9211_577bb51b228b<>schema<>type": "FUNCTION",
  "a87b9497_6330_46f5_9211_577bb51b228b<>serviceType": "AUTH",
  "a87b9497_6330_46f5_9211_577bb51b228b<>type": "SERVICE",
  "a87b9497_6330_46f5_9211_577bb51b228b<>usedIn": [],
  "a8830374_3639_498d_8d40_d5ad6e2b2fac<>defaultExport": true,
  "a8830374_3639_498d_8d40_d5ad6e2b2fac<>exportedAs": "App",
  "a8830374_3639_498d_8d40_d5ad6e2b2fac<>fileId": "MAIN_COMPONENT",
  "a8830374_3639_498d_8d40_d5ad6e2b2fac<>id": "a8830374_3639_498d_8d40_d5ad6e2b2fac",
  "a8830374_3639_498d_8d40_d5ad6e2b2fac<>schema<>hasImperativeHandling": false,
  "a8830374_3639_498d_8d40_d5ad6e2b2fac<>schema<>props": [],
  "a8830374_3639_498d_8d40_d5ad6e2b2fac<>schema<>type": "REACT_FC",
  "a8830374_3639_498d_8d40_d5ad6e2b2fac<>type": "REACT_COMPONENT",
  "a8830374_3639_498d_8d40_d5ad6e2b2fac<>usedIn": [],
  "afab4d4a_c15a_477d_9428_8644cfd972f4<>apiType": "Login",
  "afab4d4a_c15a_477d_9428_8644cfd972f4<>authType": "Bearer",
  "afab4d4a_c15a_477d_9428_8644cfd972f4<>defaultExport": false,
  "afab4d4a_c15a_477d_9428_8644cfd972f4<>exportedAs": "bearerAuthLogin",
  "afab4d4a_c15a_477d_9428_8644cfd972f4<>fileId": "f44534ec_9028_435f_aae9_e8b7f7982a69_auth",
  "afab4d4a_c15a_477d_9428_8644cfd972f4<>id": "afab4d4a_c15a_477d_9428_8644cfd972f4",
  "afab4d4a_c15a_477d_9428_8644cfd972f4<>schema<>isAsync": true,
  "afab4d4a_c15a_477d_9428_8644cfd972f4<>schema<>parameters": [],
  "afab4d4a_c15a_477d_9428_8644cfd972f4<>schema<>returnType<>selection": "anyOf",
  "afab4d4a_c15a_477d_9428_8644cfd972f4<>schema<>returnType<>types<>0<>type": "VOID",
  "afab4d4a_c15a_477d_9428_8644cfd972f4<>schema<>type": "FUNCTION",
  "afab4d4a_c15a_477d_9428_8644cfd972f4<>serviceType": "AUTH",
  "afab4d4a_c15a_477d_9428_8644cfd972f4<>type": "SERVICE",
  "afab4d4a_c15a_477d_9428_8644cfd972f4<>usedIn": [],
  "b3e7d430_6523_4062_97f0_0b8968683eb8<>apiType": "Login",
  "b3e7d430_6523_4062_97f0_0b8968683eb8<>authType": "Bearer",
  "b3e7d430_6523_4062_97f0_0b8968683eb8<>defaultExport": false,
  "b3e7d430_6523_4062_97f0_0b8968683eb8<>exportedAs": "bearerAuthLogin",
  "b3e7d430_6523_4062_97f0_0b8968683eb8<>fileId": "d7e051db_59b2_498d_ae83_12c813bef0c7_auth",
  "b3e7d430_6523_4062_97f0_0b8968683eb8<>id": "b3e7d430_6523_4062_97f0_0b8968683eb8",
  "b3e7d430_6523_4062_97f0_0b8968683eb8<>schema<>isAsync": true,
  "b3e7d430_6523_4062_97f0_0b8968683eb8<>schema<>parameters": [],
  "b3e7d430_6523_4062_97f0_0b8968683eb8<>schema<>returnType<>selection": "anyOf",
  "b3e7d430_6523_4062_97f0_0b8968683eb8<>schema<>returnType<>types<>0<>type": "VOID",
  "b3e7d430_6523_4062_97f0_0b8968683eb8<>schema<>type": "FUNCTION",
  "b3e7d430_6523_4062_97f0_0b8968683eb8<>serviceType": "AUTH",
  "b3e7d430_6523_4062_97f0_0b8968683eb8<>type": "SERVICE",
  "b3e7d430_6523_4062_97f0_0b8968683eb8<>usedIn": [],
  "c1a7ba12_6a7d_4667_a9c1_693856f13229<>id": "c1a7ba12_6a7d_4667_a9c1_693856f13229",
  "c1a7ba12_6a7d_4667_a9c1_693856f13229<>fileId": "d0741f07_75f0_4d5d_83c0_30a4d8fc1958_auth",
  "c1a7ba12_6a7d_4667_a9c1_693856f13229<>type": "SERVICE",
  "c1a7ba12_6a7d_4667_a9c1_693856f13229<>schema<>type": "FUNCTION",
  "c1a7ba12_6a7d_4667_a9c1_693856f13229<>schema<>isAsync": true,
  "c1a7ba12_6a7d_4667_a9c1_693856f13229<>schema<>parameters": [],
  "c1a7ba12_6a7d_4667_a9c1_693856f13229<>schema<>returnType<>selection": "anyOf",
  "c1a7ba12_6a7d_4667_a9c1_693856f13229<>schema<>returnType<>types<>0<>type": "VOID",
  "c1a7ba12_6a7d_4667_a9c1_693856f13229<>exportedAs": "clearAuthSessionAuthUserManagementAPI",
  "c1a7ba12_6a7d_4667_a9c1_693856f13229<>defaultExport": false,
  "c1a7ba12_6a7d_4667_a9c1_693856f13229<>usedIn": [],
  "c1a7ba12_6a7d_4667_a9c1_693856f13229<>serviceType": "AUTH",
  "c1a7ba12_6a7d_4667_a9c1_693856f13229<>authType": "No Auth",
  "c1a7ba12_6a7d_4667_a9c1_693856f13229<>apiType": "Logout",
  "dad69ac3_efef_4c12_8c9a_5777b3f9f83f<>defaultExport": false,
  "dad69ac3_efef_4c12_8c9a_5777b3f9f83f<>exportedAs": "createApiAuthLogin",
  "dad69ac3_efef_4c12_8c9a_5777b3f9f83f<>fileId": "9f02ff60_735d_4369_8498_d47c2e8706d0",
  "dad69ac3_efef_4c12_8c9a_5777b3f9f83f<>id": "dad69ac3_efef_4c12_8c9a_5777b3f9f83f",
  "dad69ac3_efef_4c12_8c9a_5777b3f9f83f<>schema<>isAsync": true,
  "dad69ac3_efef_4c12_8c9a_5777b3f9f83f<>schema<>parameters<>0<>destructured": false,
  "dad69ac3_efef_4c12_8c9a_5777b3f9f83f<>schema<>parameters<>0<>name": "LoginRequest",
  "dad69ac3_efef_4c12_8c9a_5777b3f9f83f<>schema<>parameters<>0<>schema<>$ref": "7e7ed089_e8cb_44fb_b763_ab013fd27f5b",
  "dad69ac3_efef_4c12_8c9a_5777b3f9f83f<>schema<>returnType<>selection": "anyOf",
  "dad69ac3_efef_4c12_8c9a_5777b3f9f83f<>schema<>returnType<>types<>0<>$ref": "91322a3b_6df5_4e3c_ae82_44266fdc40d4",
  "dad69ac3_efef_4c12_8c9a_5777b3f9f83f<>schema<>type": "FUNCTION",
  "dad69ac3_efef_4c12_8c9a_5777b3f9f83f<>type": "SERVICE",
  "dad69ac3_efef_4c12_8c9a_5777b3f9f83f<>usedIn": [],
  "dd38761a_9b0d_4d40_a053_da8acbf8f539<>apiType": "Login",
  "dd38761a_9b0d_4d40_a053_da8acbf8f539<>authType": "Bearer",
  "dd38761a_9b0d_4d40_a053_da8acbf8f539<>defaultExport": false,
  "dd38761a_9b0d_4d40_a053_da8acbf8f539<>exportedAs": "bearerAuthLogin",
  "dd38761a_9b0d_4d40_a053_da8acbf8f539<>fileId": "f71b134f_9686_43be_ad64_9794c76f320a_auth",
  "dd38761a_9b0d_4d40_a053_da8acbf8f539<>id": "dd38761a_9b0d_4d40_a053_da8acbf8f539",
  "dd38761a_9b0d_4d40_a053_da8acbf8f539<>schema<>isAsync": true,
  "dd38761a_9b0d_4d40_a053_da8acbf8f539<>schema<>parameters": [],
  "dd38761a_9b0d_4d40_a053_da8acbf8f539<>schema<>returnType<>selection": "anyOf",
  "dd38761a_9b0d_4d40_a053_da8acbf8f539<>schema<>returnType<>types<>0<>type": "VOID",
  "dd38761a_9b0d_4d40_a053_da8acbf8f539<>schema<>type": "FUNCTION",
  "dd38761a_9b0d_4d40_a053_da8acbf8f539<>serviceType": "AUTH",
  "dd38761a_9b0d_4d40_a053_da8acbf8f539<>type": "SERVICE",
  "dd38761a_9b0d_4d40_a053_da8acbf8f539<>usedIn": [],
  "e4a333f2_f54e_4fb2_aa32_e46fb7c28ef2<>defaultExport": false,
  "e4a333f2_f54e_4fb2_aa32_e46fb7c28ef2<>exportedAs": "getApiDashboard",
  "e4a333f2_f54e_4fb2_aa32_e46fb7c28ef2<>fileId": "9f02ff60_735d_4369_8498_d47c2e8706d0",
  "e4a333f2_f54e_4fb2_aa32_e46fb7c28ef2<>id": "e4a333f2_f54e_4fb2_aa32_e46fb7c28ef2",
  "e4a333f2_f54e_4fb2_aa32_e46fb7c28ef2<>schema<>isAsync": true,
  "e4a333f2_f54e_4fb2_aa32_e46fb7c28ef2<>schema<>parameters": [],
  "e4a333f2_f54e_4fb2_aa32_e46fb7c28ef2<>schema<>returnType<>selection": "anyOf",
  "e4a333f2_f54e_4fb2_aa32_e46fb7c28ef2<>schema<>returnType<>types<>0<>type": "VOID",
  "e4a333f2_f54e_4fb2_aa32_e46fb7c28ef2<>schema<>type": "FUNCTION",
  "e4a333f2_f54e_4fb2_aa32_e46fb7c28ef2<>type": "SERVICE",
  "e4a333f2_f54e_4fb2_aa32_e46fb7c28ef2<>usedIn": [],
  "ea235471_b245_4ef7_a961_b5d3057c417b<>apiType": "Login",
  "ea235471_b245_4ef7_a961_b5d3057c417b<>authType": "Bearer",
  "ea235471_b245_4ef7_a961_b5d3057c417b<>defaultExport": false,
  "ea235471_b245_4ef7_a961_b5d3057c417b<>exportedAs": "bearerAuthLogin",
  "ea235471_b245_4ef7_a961_b5d3057c417b<>fileId": "37dc6765_fb4e_420f_af08_fe0a97e2fdc6_auth",
  "ea235471_b245_4ef7_a961_b5d3057c417b<>id": "ea235471_b245_4ef7_a961_b5d3057c417b",
  "ea235471_b245_4ef7_a961_b5d3057c417b<>schema<>isAsync": true,
  "ea235471_b245_4ef7_a961_b5d3057c417b<>schema<>parameters": [],
  "ea235471_b245_4ef7_a961_b5d3057c417b<>schema<>returnType<>selection": "anyOf",
  "ea235471_b245_4ef7_a961_b5d3057c417b<>schema<>returnType<>types<>0<>type": "VOID",
  "ea235471_b245_4ef7_a961_b5d3057c417b<>schema<>type": "FUNCTION",
  "ea235471_b245_4ef7_a961_b5d3057c417b<>serviceType": "AUTH",
  "ea235471_b245_4ef7_a961_b5d3057c417b<>type": "SERVICE",
  "ea235471_b245_4ef7_a961_b5d3057c417b<>usedIn": [],
  "f29ddd37_ca20_4f3f_891d_40aca04facb4<>defaultExport": false,
  "f29ddd37_ca20_4f3f_891d_40aca04facb4<>exportedAs": "getApiUsersSummary",
  "f29ddd37_ca20_4f3f_891d_40aca04facb4<>fileId": "9f02ff60_735d_4369_8498_d47c2e8706d0",
  "f29ddd37_ca20_4f3f_891d_40aca04facb4<>id": "f29ddd37_ca20_4f3f_891d_40aca04facb4",
  "f29ddd37_ca20_4f3f_891d_40aca04facb4<>schema<>isAsync": true,
  "f29ddd37_ca20_4f3f_891d_40aca04facb4<>schema<>parameters": [],
  "f29ddd37_ca20_4f3f_891d_40aca04facb4<>schema<>returnType<>templateInputs<>0<>selection": "anyOf",
  "f29ddd37_ca20_4f3f_891d_40aca04facb4<>schema<>returnType<>templateInputs<>0<>types<>0<>$ref": "d76d9524_3745_4681_86a7_8d5e865aad5e",
  "f29ddd37_ca20_4f3f_891d_40aca04facb4<>schema<>returnType<>type": "ARRAY",
  "f29ddd37_ca20_4f3f_891d_40aca04facb4<>schema<>type": "FUNCTION",
  "f29ddd37_ca20_4f3f_891d_40aca04facb4<>type": "SERVICE",
  "f29ddd37_ca20_4f3f_891d_40aca04facb4<>usedIn": [],
  "f7a28b39_ce09_4065_94f2_5dfc2ec7a093<>apiType": "Logout",
  "f7a28b39_ce09_4065_94f2_5dfc2ec7a093<>authType": "No Auth",
  "f7a28b39_ce09_4065_94f2_5dfc2ec7a093<>defaultExport": false,
  "f7a28b39_ce09_4065_94f2_5dfc2ec7a093<>exportedAs": "clearAuthSessionUserAuthenticationAndStatsAPI",
  "f7a28b39_ce09_4065_94f2_5dfc2ec7a093<>fileId": "f71b134f_9686_43be_ad64_9794c76f320a_auth",
  "f7a28b39_ce09_4065_94f2_5dfc2ec7a093<>id": "f7a28b39_ce09_4065_94f2_5dfc2ec7a093",
  "f7a28b39_ce09_4065_94f2_5dfc2ec7a093<>schema<>isAsync": true,
  "f7a28b39_ce09_4065_94f2_5dfc2ec7a093<>schema<>parameters": [],
  "f7a28b39_ce09_4065_94f2_5dfc2ec7a093<>schema<>returnType<>selection": "anyOf",
  "f7a28b39_ce09_4065_94f2_5dfc2ec7a093<>schema<>returnType<>types<>0<>type": "VOID",
  "f7a28b39_ce09_4065_94f2_5dfc2ec7a093<>schema<>type": "FUNCTION",
  "f7a28b39_ce09_4065_94f2_5dfc2ec7a093<>serviceType": "AUTH",
  "f7a28b39_ce09_4065_94f2_5dfc2ec7a093<>type": "SERVICE",
  "f7a28b39_ce09_4065_94f2_5dfc2ec7a093<>usedIn": [],
  "ff943768_c4fb_455c_b3e8_3f8657d181b7<>apiType": "Login",
  "ff943768_c4fb_455c_b3e8_3f8657d181b7<>authType": "Bearer",
  "ff943768_c4fb_455c_b3e8_3f8657d181b7<>defaultExport": false,
  "ff943768_c4fb_455c_b3e8_3f8657d181b7<>exportedAs": "bearerAuthLogin",
  "ff943768_c4fb_455c_b3e8_3f8657d181b7<>fileId": "9918f670_1598_4457_963a_652e2ccf4c1b_auth",
  "ff943768_c4fb_455c_b3e8_3f8657d181b7<>id": "ff943768_c4fb_455c_b3e8_3f8657d181b7",
  "ff943768_c4fb_455c_b3e8_3f8657d181b7<>schema<>isAsync": true,
  "ff943768_c4fb_455c_b3e8_3f8657d181b7<>schema<>parameters": [],
  "ff943768_c4fb_455c_b3e8_3f8657d181b7<>schema<>returnType<>selection": "anyOf",
  "ff943768_c4fb_455c_b3e8_3f8657d181b7<>schema<>returnType<>types<>0<>type": "VOID",
  "ff943768_c4fb_455c_b3e8_3f8657d181b7<>schema<>type": "FUNCTION",
  "ff943768_c4fb_455c_b3e8_3f8657d181b7<>serviceType": "AUTH",
  "ff943768_c4fb_455c_b3e8_3f8657d181b7<>type": "SERVICE",
  "ff943768_c4fb_455c_b3e8_3f8657d181b7<>usedIn": []
}
