{"00eedcf1_5d7b_4574_86b4_be345534b16d<>defaultExport": true, "00eedcf1_5d7b_4574_86b4_be345534b16d<>exportedAs": "Main", "00eedcf1_5d7b_4574_86b4_be345534b16d<>fileId": "71184d34_cb34_4c8f_a9f0_6979a765838b", "00eedcf1_5d7b_4574_86b4_be345534b16d<>id": "00eedcf1_5d7b_4574_86b4_be345534b16d", "00eedcf1_5d7b_4574_86b4_be345534b16d<>schema<>hasImperativeHandling": false, "00eedcf1_5d7b_4574_86b4_be345534b16d<>schema<>props<>0<>defaultValue": null, "00eedcf1_5d7b_4574_86b4_be345534b16d<>schema<>props<>0<>description": "", "00eedcf1_5d7b_4574_86b4_be345534b16d<>schema<>props<>0<>id": "29d030c6_5dc7_4efb_96b6_70faabfb4da3", "00eedcf1_5d7b_4574_86b4_be345534b16d<>schema<>props<>0<>isRequired": true, "00eedcf1_5d7b_4574_86b4_be345534b16d<>schema<>props<>0<>name": "prop1", "00eedcf1_5d7b_4574_86b4_be345534b16d<>schema<>props<>0<>schema<>inferedTypes<>0<>type": "ANY", "00eedcf1_5d7b_4574_86b4_be345534b16d<>schema<>props<>0<>schema<>selection": "anyOf", "00eedcf1_5d7b_4574_86b4_be345534b16d<>schema<>props<>0<>schema<>types<>0<>type": "ANY", "00eedcf1_5d7b_4574_86b4_be345534b16d<>schema<>type": "REACT_FC", "00eedcf1_5d7b_4574_86b4_be345534b16d<>type": "REACT_COMPONENT", "00eedcf1_5d7b_4574_86b4_be345534b16d<>usedIn": [], "05c06c2b_2759_4a67_a2e0_aa4db1c3624e<>defaultExport": false, "05c06c2b_2759_4a67_a2e0_aa4db1c3624e<>exportedAs": "getProfiles", "05c06c2b_2759_4a67_a2e0_aa4db1c3624e<>fileId": "4aa10304_84cd_4d3e_bd28_295aee2c51e5", "05c06c2b_2759_4a67_a2e0_aa4db1c3624e<>id": "05c06c2b_2759_4a67_a2e0_aa4db1c3624e", "05c06c2b_2759_4a67_a2e0_aa4db1c3624e<>schema<>isAsync": true, "05c06c2b_2759_4a67_a2e0_aa4db1c3624e<>schema<>parameters": [], "05c06c2b_2759_4a67_a2e0_aa4db1c3624e<>schema<>returnType<>templateInputs<>0<>selection": "anyOf", "05c06c2b_2759_4a67_a2e0_aa4db1c3624e<>schema<>returnType<>templateInputs<>0<>types<>0<>$ref": "86a5a245_9d3d_4e40_b782_5df9287ba74f", "05c06c2b_2759_4a67_a2e0_aa4db1c3624e<>schema<>returnType<>type": "ARRAY", "05c06c2b_2759_4a67_a2e0_aa4db1c3624e<>schema<>type": "FUNCTION", "05c06c2b_2759_4a67_a2e0_aa4db1c3624e<>type": "SERVICE", "05c06c2b_2759_4a67_a2e0_aa4db1c3624e<>usedIn<>0": "71184d34_cb34_4c8f_a9f0_6979a765838b", "3e01c238_9e1a_4bca_8533_944ed1e4c694<>defaultExport": true, "3e01c238_9e1a_4bca_8533_944ed1e4c694<>exportedAs": "Main", "3e01c238_9e1a_4bca_8533_944ed1e4c694<>fileId": "71184d34_cb34_4c8f_a9f0_6979a765838b", "3e01c238_9e1a_4bca_8533_944ed1e4c694<>id": "3e01c238_9e1a_4bca_8533_944ed1e4c694", "3e01c238_9e1a_4bca_8533_944ed1e4c694<>schema<>hasImperativeHandling": false, "3e01c238_9e1a_4bca_8533_944ed1e4c694<>schema<>props<>0<>defaultValue": null, "3e01c238_9e1a_4bca_8533_944ed1e4c694<>schema<>props<>0<>description": "", "3e01c238_9e1a_4bca_8533_944ed1e4c694<>schema<>props<>0<>id": "eaa1e814_e278_4244_99f5_14e641445aff", "3e01c238_9e1a_4bca_8533_944ed1e4c694<>schema<>props<>0<>isRequired": true, "3e01c238_9e1a_4bca_8533_944ed1e4c694<>schema<>props<>0<>name": "prop1", "3e01c238_9e1a_4bca_8533_944ed1e4c694<>schema<>props<>0<>schema<>inferedTypes<>0<>type": "ANY", "3e01c238_9e1a_4bca_8533_944ed1e4c694<>schema<>props<>0<>schema<>selection": "anyOf", "3e01c238_9e1a_4bca_8533_944ed1e4c694<>schema<>props<>0<>schema<>types<>0<>type": "ANY", "3e01c238_9e1a_4bca_8533_944ed1e4c694<>schema<>type": "REACT_FC", "3e01c238_9e1a_4bca_8533_944ed1e4c694<>type": "REACT_COMPONENT", "3e01c238_9e1a_4bca_8533_944ed1e4c694<>usedIn": [], "433aa9ec_f825_4ce1_8a7f_94f6b237d688<>defaultExport": true, "433aa9ec_f825_4ce1_8a7f_94f6b237d688<>exportedAs": "App", "433aa9ec_f825_4ce1_8a7f_94f6b237d688<>fileId": "MAIN_COMPONENT", "433aa9ec_f825_4ce1_8a7f_94f6b237d688<>id": "433aa9ec_f825_4ce1_8a7f_94f6b237d688", "433aa9ec_f825_4ce1_8a7f_94f6b237d688<>schema<>hasImperativeHandling": false, "433aa9ec_f825_4ce1_8a7f_94f6b237d688<>schema<>props": [], "433aa9ec_f825_4ce1_8a7f_94f6b237d688<>schema<>type": "REACT_FC", "433aa9ec_f825_4ce1_8a7f_94f6b237d688<>type": "REACT_COMPONENT", "433aa9ec_f825_4ce1_8a7f_94f6b237d688<>usedIn": [], "690cad50_0bb5_43e0_832e_5f5c41d7d617<>defaultExport": true, "690cad50_0bb5_43e0_832e_5f5c41d7d617<>exportedAs": "Main", "690cad50_0bb5_43e0_832e_5f5c41d7d617<>fileId": "71184d34_cb34_4c8f_a9f0_6979a765838b", "690cad50_0bb5_43e0_832e_5f5c41d7d617<>id": "690cad50_0bb5_43e0_832e_5f5c41d7d617", "690cad50_0bb5_43e0_832e_5f5c41d7d617<>schema<>hasImperativeHandling": false, "690cad50_0bb5_43e0_832e_5f5c41d7d617<>schema<>props<>0<>defaultValue": null, "690cad50_0bb5_43e0_832e_5f5c41d7d617<>schema<>props<>0<>description": "", "690cad50_0bb5_43e0_832e_5f5c41d7d617<>schema<>props<>0<>id": "3cd38953_5274_43c5_86b1_4e6aef9bdd70", "690cad50_0bb5_43e0_832e_5f5c41d7d617<>schema<>props<>0<>isRequired": true, "690cad50_0bb5_43e0_832e_5f5c41d7d617<>schema<>props<>0<>name": "prop1", "690cad50_0bb5_43e0_832e_5f5c41d7d617<>schema<>props<>0<>schema<>inferedTypes<>0<>type": "ANY", "690cad50_0bb5_43e0_832e_5f5c41d7d617<>schema<>props<>0<>schema<>selection": "anyOf", "690cad50_0bb5_43e0_832e_5f5c41d7d617<>schema<>props<>0<>schema<>types<>0<>type": "ANY", "690cad50_0bb5_43e0_832e_5f5c41d7d617<>schema<>type": "REACT_FC", "690cad50_0bb5_43e0_832e_5f5c41d7d617<>type": "REACT_COMPONENT", "690cad50_0bb5_43e0_832e_5f5c41d7d617<>usedIn": [], "810bd717_b77a_4c81_9fec_7a10a0ec07f1<>defaultExport": true, "810bd717_b77a_4c81_9fec_7a10a0ec07f1<>exportedAs": "Main", "810bd717_b77a_4c81_9fec_7a10a0ec07f1<>fileId": "71184d34_cb34_4c8f_a9f0_6979a765838b", "810bd717_b77a_4c81_9fec_7a10a0ec07f1<>id": "810bd717_b77a_4c81_9fec_7a10a0ec07f1", "810bd717_b77a_4c81_9fec_7a10a0ec07f1<>schema<>hasImperativeHandling": false, "810bd717_b77a_4c81_9fec_7a10a0ec07f1<>schema<>props<>0<>defaultValue": null, "810bd717_b77a_4c81_9fec_7a10a0ec07f1<>schema<>props<>0<>description": "", "810bd717_b77a_4c81_9fec_7a10a0ec07f1<>schema<>props<>0<>id": "ea2daab3_fc57_42e1_a0e6_d7c330226b64", "810bd717_b77a_4c81_9fec_7a10a0ec07f1<>schema<>props<>0<>isRequired": false, "810bd717_b77a_4c81_9fec_7a10a0ec07f1<>schema<>props<>0<>name": "prop1", "810bd717_b77a_4c81_9fec_7a10a0ec07f1<>schema<>props<>0<>schema<>selection": "anyOf", "810bd717_b77a_4c81_9fec_7a10a0ec07f1<>schema<>props<>0<>schema<>types<>0<>type": "ANY", "810bd717_b77a_4c81_9fec_7a10a0ec07f1<>schema<>type": "REACT_FC", "810bd717_b77a_4c81_9fec_7a10a0ec07f1<>type": "REACT_COMPONENT", "810bd717_b77a_4c81_9fec_7a10a0ec07f1<>usedIn<>0": "ROUTE_COMPONENT", "PROJECT_ROUTER<>defaultExport": true, "PROJECT_ROUTER<>exportedAs": "router", "PROJECT_ROUTER<>fileId": "ROUTE_COMPONENT", "PROJECT_ROUTER<>id": "PROJECT_ROUTER", "PROJECT_ROUTER<>schema<>type": "ANY", "PROJECT_ROUTER<>type": "FILE", "PROJECT_ROUTER<>usedIn<>0": "71184d34_cb34_4c8f_a9f0_6979a765838b", "STYLES_MASTER<>defaultExport": false, "STYLES_MASTER<>exportedAs": "stylesMaster", "STYLES_MASTER<>fileId": "STYLES_MASTER_FILE", "STYLES_MASTER<>id": "STYLES_MASTER", "STYLES_MASTER<>schema<>type": "Any", "STYLES_MASTER<>type": "FILE", "STYLES_MASTER<>usedIn": [], "THEME_CSS<>defaultExport": false, "THEME_CSS<>exportedAs": "ThemeContext", "THEME_CSS<>fileId": "THEME_CSS_FILE", "THEME_CSS<>id": "THEME_CSS", "THEME_CSS<>schema<>type": "ThemeProvider", "THEME_CSS<>type": "FILE", "THEME_CSS<>usedIn": [], "THEME_HOOK<>defaultExport": false, "THEME_HOOK<>exportedAs": "useThemeContext", "THEME_HOOK<>fileId": "THEME_PROVIDER_FILE", "THEME_HOOK<>id": "THEME_HOOK", "THEME_HOOK<>schema<>isAsync": false, "THEME_HOOK<>schema<>parameters": [], "THEME_HOOK<>schema<>returnType<>id": "$ThemeContextReturn", "THEME_HOOK<>schema<>returnType<>properties<>mode<>id": "mode", "THEME_HOOK<>schema<>returnType<>properties<>mode<>name": "mode", "THEME_HOOK<>schema<>returnType<>properties<>mode<>type": "STRING", "THEME_HOOK<>schema<>returnType<>properties<>setTheme<>id": "setTheme", "THEME_HOOK<>schema<>returnType<>properties<>setTheme<>isAsync": false, "THEME_HOOK<>schema<>returnType<>properties<>setTheme<>name": "setTheme", "THEME_HOOK<>schema<>returnType<>properties<>setTheme<>parameters<>0<>name": "themeName", "THEME_HOOK<>schema<>returnType<>properties<>setTheme<>parameters<>0<>type": "STRING", "THEME_HOOK<>schema<>returnType<>properties<>setTheme<>returnType<>type": "VOID", "THEME_HOOK<>schema<>returnType<>properties<>setTheme<>type": "FUNCTION", "THEME_HOOK<>schema<>returnType<>properties<>themeName<>id": "themeName", "THEME_HOOK<>schema<>returnType<>properties<>themeName<>name": "themeName", "THEME_HOOK<>schema<>returnType<>properties<>themeName<>type": "STRING", "THEME_HOOK<>schema<>returnType<>properties<>toggleMode<>id": "toggleMode", "THEME_HOOK<>schema<>returnType<>properties<>toggleMode<>isAsync": false, "THEME_HOOK<>schema<>returnType<>properties<>toggleMode<>name": "toggleMode", "THEME_HOOK<>schema<>returnType<>properties<>toggleMode<>parameters": [], "THEME_HOOK<>schema<>returnType<>properties<>toggleMode<>returnType<>type": "VOID", "THEME_HOOK<>schema<>returnType<>properties<>toggleMode<>type": "FUNCTION", "THEME_HOOK<>schema<>returnType<>type": "OBJECT", "THEME_HOOK<>schema<>type": "FUNCTION", "THEME_HOOK<>type": "FUNCTION", "THEME_HOOK<>usedIn": [], "THEME_PROVIDER<>defaultExport": false, "THEME_PROVIDER<>exportedAs": "ThemeProvider", "THEME_PROVIDER<>fileId": "THEME_PROVIDER_FILE", "THEME_PROVIDER<>id": "THEME_PROVIDER", "THEME_PROVIDER<>schema<>type": "ThemeProvider", "THEME_PROVIDER<>tag": "PROVIDER_WRAPPER", "THEME_PROVIDER<>type": "REACT_COMPONENT", "THEME_PROVIDER<>usedIn<>0": "MAIN_COMPONENT", "a5c44a7d_3fcc_44d4_a033_dfa04df865c0<>defaultExport": true, "a5c44a7d_3fcc_44d4_a033_dfa04df865c0<>exportedAs": "Main", "a5c44a7d_3fcc_44d4_a033_dfa04df865c0<>fileId": "71184d34_cb34_4c8f_a9f0_6979a765838b", "a5c44a7d_3fcc_44d4_a033_dfa04df865c0<>id": "a5c44a7d_3fcc_44d4_a033_dfa04df865c0", "a5c44a7d_3fcc_44d4_a033_dfa04df865c0<>schema<>hasImperativeHandling": false, "a5c44a7d_3fcc_44d4_a033_dfa04df865c0<>schema<>props<>0<>defaultValue": null, "a5c44a7d_3fcc_44d4_a033_dfa04df865c0<>schema<>props<>0<>description": "", "a5c44a7d_3fcc_44d4_a033_dfa04df865c0<>schema<>props<>0<>id": "ec6eccfb_d617_4a12_91bd_215d5ac17ce3", "a5c44a7d_3fcc_44d4_a033_dfa04df865c0<>schema<>props<>0<>isRequired": true, "a5c44a7d_3fcc_44d4_a033_dfa04df865c0<>schema<>props<>0<>name": "prop1", "a5c44a7d_3fcc_44d4_a033_dfa04df865c0<>schema<>props<>0<>schema<>inferedTypes<>0<>type": "ANY", "a5c44a7d_3fcc_44d4_a033_dfa04df865c0<>schema<>props<>0<>schema<>selection": "anyOf", "a5c44a7d_3fcc_44d4_a033_dfa04df865c0<>schema<>props<>0<>schema<>types<>0<>type": "ANY", "a5c44a7d_3fcc_44d4_a033_dfa04df865c0<>schema<>type": "REACT_FC", "a5c44a7d_3fcc_44d4_a033_dfa04df865c0<>type": "REACT_COMPONENT", "a5c44a7d_3fcc_44d4_a033_dfa04df865c0<>usedIn": [], "f1240f0c_b987_4f5a_9987_e6370045c032<>defaultExport": true, "f1240f0c_b987_4f5a_9987_e6370045c032<>exportedAs": "Main", "f1240f0c_b987_4f5a_9987_e6370045c032<>fileId": "71184d34_cb34_4c8f_a9f0_6979a765838b", "f1240f0c_b987_4f5a_9987_e6370045c032<>id": "f1240f0c_b987_4f5a_9987_e6370045c032", "f1240f0c_b987_4f5a_9987_e6370045c032<>schema<>hasImperativeHandling": false, "f1240f0c_b987_4f5a_9987_e6370045c032<>schema<>props<>0<>defaultValue": null, "f1240f0c_b987_4f5a_9987_e6370045c032<>schema<>props<>0<>description": "", "f1240f0c_b987_4f5a_9987_e6370045c032<>schema<>props<>0<>id": "2de69022_0da6_402e_a952_e277578b267e", "f1240f0c_b987_4f5a_9987_e6370045c032<>schema<>props<>0<>isRequired": true, "f1240f0c_b987_4f5a_9987_e6370045c032<>schema<>props<>0<>name": "prop1", "f1240f0c_b987_4f5a_9987_e6370045c032<>schema<>props<>0<>schema<>inferedTypes<>0<>type": "ANY", "f1240f0c_b987_4f5a_9987_e6370045c032<>schema<>props<>0<>schema<>selection": "anyOf", "f1240f0c_b987_4f5a_9987_e6370045c032<>schema<>props<>0<>schema<>types<>0<>type": "ANY", "f1240f0c_b987_4f5a_9987_e6370045c032<>schema<>type": "REACT_FC", "f1240f0c_b987_4f5a_9987_e6370045c032<>type": "REACT_COMPONENT", "f1240f0c_b987_4f5a_9987_e6370045c032<>usedIn": [], "fc9bdc52_db7f_48ce_ab36_ab49ccee1114<>defaultExport": true, "fc9bdc52_db7f_48ce_ab36_ab49ccee1114<>exportedAs": "Main", "fc9bdc52_db7f_48ce_ab36_ab49ccee1114<>fileId": "71184d34_cb34_4c8f_a9f0_6979a765838b", "fc9bdc52_db7f_48ce_ab36_ab49ccee1114<>id": "fc9bdc52_db7f_48ce_ab36_ab49ccee1114", "fc9bdc52_db7f_48ce_ab36_ab49ccee1114<>schema<>hasImperativeHandling": false, "fc9bdc52_db7f_48ce_ab36_ab49ccee1114<>schema<>props<>0<>defaultValue": null, "fc9bdc52_db7f_48ce_ab36_ab49ccee1114<>schema<>props<>0<>description": "", "fc9bdc52_db7f_48ce_ab36_ab49ccee1114<>schema<>props<>0<>id": "caeb2a85_3bb0_495d_bd4f_7780d72255a3", "fc9bdc52_db7f_48ce_ab36_ab49ccee1114<>schema<>props<>0<>isRequired": true, "fc9bdc52_db7f_48ce_ab36_ab49ccee1114<>schema<>props<>0<>name": "prop1", "fc9bdc52_db7f_48ce_ab36_ab49ccee1114<>schema<>props<>0<>schema<>inferedTypes<>0<>type": "ANY", "fc9bdc52_db7f_48ce_ab36_ab49ccee1114<>schema<>props<>0<>schema<>selection": "anyOf", "fc9bdc52_db7f_48ce_ab36_ab49ccee1114<>schema<>props<>0<>schema<>types<>0<>type": "ANY", "fc9bdc52_db7f_48ce_ab36_ab49ccee1114<>schema<>type": "REACT_FC", "fc9bdc52_db7f_48ce_ab36_ab49ccee1114<>type": "REACT_COMPONENT", "fc9bdc52_db7f_48ce_ab36_ab49ccee1114<>usedIn": [], "bfd825a6_a961_40db_a2d1_9a0d0c1fb5d0<>id": "bfd825a6_a961_40db_a2d1_9a0d0c1fb5d0", "bfd825a6_a961_40db_a2d1_9a0d0c1fb5d0<>fileId": "71184d34_cb34_4c8f_a9f0_6979a765838b", "bfd825a6_a961_40db_a2d1_9a0d0c1fb5d0<>type": "REACT_COMPONENT", "bfd825a6_a961_40db_a2d1_9a0d0c1fb5d0<>schema<>props<>0<>id": "45664bef_e949_43c6_a076_5d228faf7583", "bfd825a6_a961_40db_a2d1_9a0d0c1fb5d0<>schema<>props<>0<>name": "prop1", "bfd825a6_a961_40db_a2d1_9a0d0c1fb5d0<>schema<>props<>0<>isRequired": true, "bfd825a6_a961_40db_a2d1_9a0d0c1fb5d0<>schema<>props<>0<>schema<>selection": "anyOf", "bfd825a6_a961_40db_a2d1_9a0d0c1fb5d0<>schema<>props<>0<>schema<>inferedTypes<>0<>type": "ANY", "bfd825a6_a961_40db_a2d1_9a0d0c1fb5d0<>schema<>props<>0<>schema<>types<>0<>type": "ANY", "bfd825a6_a961_40db_a2d1_9a0d0c1fb5d0<>schema<>props<>0<>defaultValue": null, "bfd825a6_a961_40db_a2d1_9a0d0c1fb5d0<>schema<>props<>0<>description": "", "bfd825a6_a961_40db_a2d1_9a0d0c1fb5d0<>schema<>hasImperativeHandling": false, "bfd825a6_a961_40db_a2d1_9a0d0c1fb5d0<>schema<>type": "REACT_FC", "bfd825a6_a961_40db_a2d1_9a0d0c1fb5d0<>exportedAs": "Main", "bfd825a6_a961_40db_a2d1_9a0d0c1fb5d0<>defaultExport": true, "bfd825a6_a961_40db_a2d1_9a0d0c1fb5d0<>usedIn": []}