{"current_version": 1, "versions": {"1": {"key": 1, "timestamp": 1753075136.4882061}}, "deleted_keys": {}, "changes": {"br-background-primary<>className": {"1": "br-background-primary"}, "br-background-primary<>src": {"1": "THEME_CSS_FILE"}, "br-background-primary<>classProperties": {"1": ".br-background-primary {\n  background-color: var(--color-background-primary) !important;\n}"}, "br-background-secondary<>className": {"1": "br-background-secondary"}, "br-background-secondary<>src": {"1": "THEME_CSS_FILE"}, "br-background-secondary<>classProperties": {"1": ".br-background-secondary {\n  background-color: var(--color-background-secondary) !important;\n}"}, "br-background-tertiary<>className": {"1": "br-background-tertiary"}, "br-background-tertiary<>src": {"1": "THEME_CSS_FILE"}, "br-background-tertiary<>classProperties": {"1": ".br-background-tertiary {\n  background-color: var(--color-background-tertiary) !important;\n}"}, "br-text-primary<>className": {"1": "br-text-primary"}, "br-text-primary<>src": {"1": "THEME_CSS_FILE"}, "br-text-primary<>classProperties": {"1": ".br-text-primary {\n  color: var(--color-text-primary) !important;\n}"}, "br-text-secondary<>className": {"1": "br-text-secondary"}, "br-text-secondary<>src": {"1": "THEME_CSS_FILE"}, "br-text-secondary<>classProperties": {"1": ".br-text-secondary {\n  color: var(--color-text-secondary) !important;\n}"}, "br-text-tertiary<>className": {"1": "br-text-tertiary"}, "br-text-tertiary<>src": {"1": "THEME_CSS_FILE"}, "br-text-tertiary<>classProperties": {"1": ".br-text-tertiary {\n  color: var(--color-text-tertiary) !important;\n}"}, "br-font-size-primary<>className": {"1": "br-font-size-primary"}, "br-font-size-primary<>src": {"1": "THEME_CSS_FILE"}, "br-font-size-primary<>classProperties": {"1": ".br-font-size-primary {\n  font-size: var(--font-size-primary) !important;\n}"}, "br-font-size-secondary<>className": {"1": "br-font-size-secondary"}, "br-font-size-secondary<>src": {"1": "THEME_CSS_FILE"}, "br-font-size-secondary<>classProperties": {"1": ".br-font-size-secondary {\n  font-size: var(--font-size-secondary) !important;\n}"}, "br-font-size-tertiary<>className": {"1": "br-font-size-tertiary"}, "br-font-size-tertiary<>src": {"1": "THEME_CSS_FILE"}, "br-font-size-tertiary<>classProperties": {"1": ".br-font-size-tertiary {\n  font-size: var(--font-size-tertiary) !important;\n}"}}}