{"d0741f07_75f0_4d5d_83c0_30a4d8fc1958": {"title": "Auth & User Management API", "description": "API for user registration, authentication, profile, and user stats with admin features", "version": "1.0.0", "auth_apis": {"c1a7ba12_6a7d_4667_a9c1_693856f13229": {"id": "c1a7ba12_6a7d_4667_a9c1_693856f13229", "operation_id": "clearAuthSessionAuthUserManagementAPI", "tags": "authApis", "login_api": null, "login_api_file_id": null, "logout_api": null, "logout_api_file_id": null, "logout_settings": null, "refresh_api_file_id": null, "refresh_api": null, "auth_api_type": "LOGOUT", "authentication_type": "NOAUTH", "access_token_request": {"method": "POST", "auth": [], "headers": [], "parameters": [], "url": {"servers": [{"url": "http://localhost:5000"}], "baseurl": "http://localhost:5000", "host": [], "protocol": "HTTP", "port": null, "path": [], "url_env": null, "errors": null}, "body": [], "errors": {"root_errors": []}}, "refresh_token_request": {"method": "POST", "auth": [], "headers": [], "parameters": [], "url": {"servers": [{"url": "http://localhost:5000"}], "baseurl": "http://localhost:5000", "host": [], "protocol": "HTTP", "port": null, "path": [], "url_env": null, "errors": null}, "body": [], "errors": {"root_errors": []}}, "access_token_response": [], "refresh_token_response": [], "returns_refresh_token": null, "summary": "", "flow": {}, "token_store": null, "errors": null, "is_authentication_api": true, "request_interceptor_id": null, "response_interceptor_id": null, "parameters": []}, "402dec44_f6eb_4375_8655_d9f489f78a9a": {"id": "402dec44_f6eb_4375_8655_d9f489f78a9a", "operation_id": "bearerAuthLogin", "tags": "authApis", "login_api": null, "login_api_file_id": null, "logout_api": null, "logout_api_file_id": null, "logout_settings": null, "refresh_api_file_id": null, "refresh_api": null, "auth_api_type": "LOGIN", "authentication_type": "BEARER", "access_token_request": {"method": "POST", "auth": [], "headers": [], "parameters": [], "url": {"servers": [{"url": "http://localhost:5000"}], "baseurl": "http://localhost:5000", "host": [], "protocol": "HTTP", "port": null, "path": [], "url_env": null, "errors": null}, "body": [], "errors": {"root_errors": []}}, "refresh_token_request": {"method": "POST", "auth": [], "headers": [], "parameters": [], "url": {"servers": [{"url": "http://localhost:5000"}], "baseurl": "http://localhost:5000", "host": [], "protocol": "HTTP", "port": null, "path": [], "url_env": null, "errors": null}, "body": [], "errors": {"root_errors": []}}, "access_token_response": [], "refresh_token_response": [], "returns_refresh_token": null, "summary": "", "flow": {}, "token_store": null, "errors": null, "is_authentication_api": true, "request_interceptor_id": "e2b06a15_228b_4fba_a665_daaaae67e96b", "response_interceptor_id": "4af88669_3ee3_4320_9fba_a93d7988ce6e", "parameters": []}}, "security_schemes": {"bearerAuth": {"type": "http", "scheme": "bearer", "bearerFormat": "JWT"}}, "servers_info": [{"url": "http://localhost:5000"}], "interceptors": [{"id": "e2b06a15_228b_4fba_a665_daaaae67e96b", "name": "requestAuthInterceptorBearerAuthLogin", "interceptorCode": "\nexport const requestAuthInterceptorBearerAuthLogin = (request) => {\n        const token = \"\";\n        if (token) {\n            request.headers.Authorization = `Bearer ${token}`;\n        }\n        return request;\n}    \n", "type": "REQUEST", "errorCode": ""}, {"id": "4af88669_3ee3_4320_9fba_a93d7988ce6e", "name": "responseAuthInterceptorBearerAuthLogin", "interceptorCode": "\nexport const responseAuthInterceptorBearerAuthLogin = async (response) => {\n  try {\n    if (response.status >= 200 && response.status < 300) {\n      return response;\n    }\n    throw response;\n  } catch (error) {\n    const originalRequest = error.config;\n\n    if (error.response) {\n      const { status } = error.response;\n\n      if (status >= 400 && status < 500) {\n        if (status === 401 && !originalRequest._retry) {\n          originalRequest._retry = true;\n          \n        } else {\n          return Promise.reject(error.response);\n        }\n      }\n      return Promise.reject(error.response);\n    }\n    return Promise.reject(error);\n  }\n};\n", "type": "RESPONSE", "errorCode": ""}], "env_id": "79d94b6b_99e2_4464_b437_097e883d0be8", "interceptor_file_id": "a0fe60b0_087f_42bb_b322_7a80f557ecfd"}}