{"71184d34_cb34_4c8f_a9f0_6979a765838b<>diagnostics": [], "71184d34_cb34_4c8f_a9f0_6979a765838b<>entityId": "810bd717_b77a_4c81_9fec_7a10a0ec07f1", "71184d34_cb34_4c8f_a9f0_6979a765838b<>extension": "SX", "71184d34_cb34_4c8f_a9f0_6979a765838b<>id": "71184d34_cb34_4c8f_a9f0_6979a765838b", "71184d34_cb34_4c8f_a9f0_6979a765838b<>invalidCode": false, "71184d34_cb34_4c8f_a9f0_6979a765838b<>name": "Main", "71184d34_cb34_4c8f_a9f0_6979a765838b<>parentId": "COMPONENTS", "71184d34_cb34_4c8f_a9f0_6979a765838b<>relative_path": "/src/components/Main.jsx", "71184d34_cb34_4c8f_a9f0_6979a765838b<>tag": "COMPONENTS", "71184d34_cb34_4c8f_a9f0_6979a765838b<>type": "FILE", "9d537790_febe_4294_b72c_4074d0b6a747<>diagnostics": [], "9d537790_febe_4294_b72c_4074d0b6a747<>entityId": "9072cbe6_c11a_4636_a0a0_7087604332aa", "9d537790_febe_4294_b72c_4074d0b6a747<>extension": "js", "9d537790_febe_4294_b72c_4074d0b6a747<>id": "9d537790_febe_4294_b72c_4074d0b6a747", "9d537790_febe_4294_b72c_4074d0b6a747<>invalidCode": false, "9d537790_febe_4294_b72c_4074d0b6a747<>name": "vite.config", "9d537790_febe_4294_b72c_4074d0b6a747<>parentId": "ROOT", "9d537790_febe_4294_b72c_4074d0b6a747<>relative_path": "/vite.config.js", "9d537790_febe_4294_b72c_4074d0b6a747<>tag": "VITE_CONFIG", "9d537790_febe_4294_b72c_4074d0b6a747<>type": "FILE", "ASSETS<>children<>0": "IMAGES", "ASSETS<>children<>1": "SVGS", "ASSETS<>children<>2": "FONTS", "ASSETS<>id": "ASSETS", "ASSETS<>name": "assets", "ASSETS<>parentId": "SRC", "ASSETS<>tag": "ASSETS", "ASSETS<>type": "DIRECTORY", "COMPONENTS<>children<>0": "71184d34_cb34_4c8f_a9f0_6979a765838b", "COMPONENTS<>id": "COMPONENTS", "COMPONENTS<>name": "components", "COMPONENTS<>parentId": "SRC", "COMPONENTS<>tag": "COMPONENTS", "COMPONENTS<>type": "DIRECTORY", "CONTEXT<>children<>0": "THEME_PROVIDER_FILE", "CONTEXT<>id": "CONTEXT", "CONTEXT<>name": "context", "CONTEXT<>parentId": "SRC", "CONTEXT<>tag": "CONTEXT", "CONTEXT<>type": "DIRECTORY", "EXTERNAL_COMPONENTS<>children": [], "EXTERNAL_COMPONENTS<>id": "EXTERNAL_COMPONENTS", "EXTERNAL_COMPONENTS<>name": "external_components", "EXTERNAL_COMPONENTS<>parentId": "ROOT", "EXTERNAL_COMPONENTS<>tag": "EXTERNAL_COMPONENTS", "EXTERNAL_COMPONENTS<>type": "DIRECTORY", "FONTS<>children": [], "FONTS<>id": "FONTS", "FONTS<>name": "fonts", "FONTS<>parentId": "ASSETS", "FONTS<>tag": "FONTS", "FONTS<>type": "DIRECTORY", "IMAGES<>children": [], "IMAGES<>id": "IMAGES", "IMAGES<>name": "images", "IMAGES<>parentId": "ASSETS", "IMAGES<>tag": "IMAGES", "IMAGES<>type": "DIRECTORY", "INDEX_HTML<>extension": "html", "INDEX_HTML<>id": "INDEX_HTML", "INDEX_HTML<>name": "index", "INDEX_HTML<>parentId": "ROOT", "INDEX_HTML<>tag": "INDEX_HTML", "INDEX_HTML<>type": "FILE", "MAIN_COMPONENT<>diagnostics": [], "MAIN_COMPONENT<>entityId": "433aa9ec_f825_4ce1_8a7f_94f6b237d688", "MAIN_COMPONENT<>extension": "SX", "MAIN_COMPONENT<>id": "MAIN_COMPONENT", "MAIN_COMPONENT<>invalidCode": false, "MAIN_COMPONENT<>name": "App", "MAIN_COMPONENT<>parentId": "SRC", "MAIN_COMPONENT<>relative_path": "/src/App.jsx", "MAIN_COMPONENT<>tag": "ROOT_COMPONENT", "MAIN_COMPONENT<>type": "FILE", "MAIN_STYLESHEET<>extension": "css", "MAIN_STYLESHEET<>id": "MAIN_STYLESHEET", "MAIN_STYLESHEET<>name": "index", "MAIN_STYLESHEET<>parentId": "SRC", "MAIN_STYLESHEET<>tag": "MAIN_STYLESHEET", "MAIN_STYLESHEET<>type": "FILE", "PACKAGE_CONFIG<>extension": "json", "PACKAGE_CONFIG<>id": "PACKAGE_CONFIG", "PACKAGE_CONFIG<>isProtected": true, "PACKAGE_CONFIG<>name": "package", "PACKAGE_CONFIG<>parentId": "ROOT", "PACKAGE_CONFIG<>tag": "PACKAGE_CONFIG", "PACKAGE_CONFIG<>type": "FILE", "PROJECT_ROOT_FILE<>extension": "SX", "PROJECT_ROOT_FILE<>id": "PROJECT_ROOT_FILE", "PROJECT_ROOT_FILE<>name": "main", "PROJECT_ROOT_FILE<>parentId": "SRC", "PROJECT_ROOT_FILE<>tag": "ROOT", "PROJECT_ROOT_FILE<>type": "FILE", "REDUX<>children": [], "REDUX<>id": "REDUX", "REDUX<>name": "redux", "REDUX<>parentId": "SRC", "REDUX<>tag": "REDUX", "REDUX<>type": "DIRECTORY", "ROOT<>children<>0": "SRC", "ROOT<>children<>1": "PACKAGE_CONFIG", "ROOT<>children<>2": "EXTERNAL_COMPONENTS", "ROOT<>children<>3": "INDEX_HTML", "ROOT<>children<>4": "9d537790_febe_4294_b72c_4074d0b6a747", "ROOT<>id": "ROOT", "ROOT<>parentId": null, "ROOT<>type": "DIRECTORY", "ROUTE_COMPONENT<>extension": "SX", "ROUTE_COMPONENT<>id": "ROUTE_COMPONENT", "ROUTE_COMPONENT<>isProtected": true, "ROUTE_COMPONENT<>name": "Routing", "ROUTE_COMPONENT<>parentId": "SRC", "ROUTE_COMPONENT<>tag": "ROUTING", "ROUTE_COMPONENT<>type": "FILE", "ROUTE_COMPONENT<>wasOpen": false, "SERVICES<>children<>0": "86af6699_0fc0_42d8_95bc_0c1a3f436b2a", "SERVICES<>children<>1": "GLOBAL_INTERCEPTOR", "SERVICES<>id": "SERVICES", "SERVICES<>name": "services", "SERVICES<>parentId": "SRC", "SERVICES<>tag": "SERVICES", "SERVICES<>type": "DIRECTORY", "SRC<>children<>0": "STYLES", "SRC<>children<>1": "COMPONENTS", "SRC<>children<>2": "SERVICES", "SRC<>children<>3": "PROJECT_ROOT_FILE", "SRC<>children<>4": "MAIN_COMPONENT", "SRC<>children<>5": "ASSETS", "SRC<>children<>6": "ROUTE_COMPONENT", "SRC<>children<>7": "STORE", "SRC<>children<>8": "REDUX", "SRC<>children<>9": "CONTEXT", "SRC<>children<>10": "MAIN_STYLESHEET", "SRC<>children<>11": "TEMPLATES", "SRC<>children<>12": "STYLES_MASTER_FILE", "SRC<>id": "SRC", "SRC<>name": "src", "SRC<>parentId": "ROOT", "SRC<>tag": "ROOT", "SRC<>type": "DIRECTORY", "STORE<>children": [], "STORE<>id": "STORE", "STORE<>name": "store", "STORE<>parentId": "SRC", "STORE<>tag": "STORE", "STORE<>type": "DIRECTORY", "STYLES<>children<>0": "THEME_CSS_FILE", "STYLES<>id": "STYLES", "STYLES<>name": "styles", "STYLES<>parentId": "SRC", "STYLES<>tag": "STYLES", "STYLES<>type": "DIRECTORY", "STYLES_MASTER_FILE<>diagnostics": [], "STYLES_MASTER_FILE<>entityId": null, "STYLES_MASTER_FILE<>extension": "jsx", "STYLES_MASTER_FILE<>id": "STYLES_MASTER_FILE", "STYLES_MASTER_FILE<>invalidCode": false, "STYLES_MASTER_FILE<>name": "stylesMaster", "STYLES_MASTER_FILE<>parentId": "SRC", "STYLES_MASTER_FILE<>relative_path": "/src/stylesMaster.jsx", "STYLES_MASTER_FILE<>tag": "STYLES_MASTER", "STYLES_MASTER_FILE<>type": "FILE", "SVGS<>children": [], "SVGS<>id": "SVGS", "SVGS<>name": "svgs", "SVGS<>parentId": "ASSETS", "SVGS<>tag": "SVGS", "SVGS<>type": "DIRECTORY", "TEMPLATES<>children": [], "TEMPLATES<>id": "TEMPLATES", "TEMPLATES<>name": "templates", "TEMPLATES<>parentId": "SRC", "TEMPLATES<>tag": "TEMPLATES", "TEMPLATES<>type": "DIRECTORY", "THEME_CSS_FILE<>extension": "css", "THEME_CSS_FILE<>id": "THEME_CSS_FILE", "THEME_CSS_FILE<>name": "ThemeContext", "THEME_CSS_FILE<>parentId": "STYLES", "THEME_CSS_FILE<>tag": "THEME_CSS", "THEME_CSS_FILE<>type": "FILE", "THEME_PROVIDER_FILE<>extension": "SX", "THEME_PROVIDER_FILE<>id": "THEME_PROVIDER_FILE", "THEME_PROVIDER_FILE<>name": "ThemeContext", "THEME_PROVIDER_FILE<>parentId": "CONTEXT", "THEME_PROVIDER_FILE<>tag": "THEME_PROVIDER", "THEME_PROVIDER_FILE<>type": "FILE", "86af6699_0fc0_42d8_95bc_0c1a3f436b2a<>name": "Big Schema Example API", "86af6699_0fc0_42d8_95bc_0c1a3f436b2a<>parentId": "SERVICES", "86af6699_0fc0_42d8_95bc_0c1a3f436b2a<>id": "86af6699_0fc0_42d8_95bc_0c1a3f436b2a", "86af6699_0fc0_42d8_95bc_0c1a3f436b2a<>tag": "SERVICES", "86af6699_0fc0_42d8_95bc_0c1a3f436b2a<>type": "DIRECTORY", "86af6699_0fc0_42d8_95bc_0c1a3f436b2a<>entityId": "86af6699_0fc0_42d8_95bc_0c1a3f436b2a", "86af6699_0fc0_42d8_95bc_0c1a3f436b2a<>invalidCode": false, "86af6699_0fc0_42d8_95bc_0c1a3f436b2a<>diagnostics": [], "86af6699_0fc0_42d8_95bc_0c1a3f436b2a<>children<>0": "8f70354f_acef_4fba_821b_61dddf9bf24e", "86af6699_0fc0_42d8_95bc_0c1a3f436b2a<>children<>1": "4aa10304_84cd_4d3e_bd28_295aee2c51e5", "86af6699_0fc0_42d8_95bc_0c1a3f436b2a<>relative_path": "/src/services/Big Schema Example API", "GLOBAL_INTERCEPTOR<>name": "interceptors", "GLOBAL_INTERCEPTOR<>parentId": "SERVICES", "GLOBAL_INTERCEPTOR<>id": "GLOBAL_INTERCEPTOR", "GLOBAL_INTERCEPTOR<>tag": "SERVICES", "GLOBAL_INTERCEPTOR<>type": "FILE", "GLOBAL_INTERCEPTOR<>entityId": "GLOBAL_INTERCEPTOR", "GLOBAL_INTERCEPTOR<>invalidCode": false, "GLOBAL_INTERCEPTOR<>diagnostics": [], "GLOBAL_INTERCEPTOR<>extension": "SX", "GLOBAL_INTERCEPTOR<>relative_path": "/src/services/interceptors.jsx", "8f70354f_acef_4fba_821b_61dddf9bf24e<>name": "interceptors", "8f70354f_acef_4fba_821b_61dddf9bf24e<>parentId": "86af6699_0fc0_42d8_95bc_0c1a3f436b2a", "8f70354f_acef_4fba_821b_61dddf9bf24e<>id": "8f70354f_acef_4fba_821b_61dddf9bf24e", "8f70354f_acef_4fba_821b_61dddf9bf24e<>tag": "SERVICES", "8f70354f_acef_4fba_821b_61dddf9bf24e<>type": "FILE", "8f70354f_acef_4fba_821b_61dddf9bf24e<>entityId": "8f70354f_acef_4fba_821b_61dddf9bf24e", "8f70354f_acef_4fba_821b_61dddf9bf24e<>invalidCode": false, "8f70354f_acef_4fba_821b_61dddf9bf24e<>diagnostics": [], "8f70354f_acef_4fba_821b_61dddf9bf24e<>extension": "SX", "8f70354f_acef_4fba_821b_61dddf9bf24e<>relative_path": "/src/services/Big Schema Example API/interceptors.jsx", "4aa10304_84cd_4d3e_bd28_295aee2c51e5<>name": "default", "4aa10304_84cd_4d3e_bd28_295aee2c51e5<>parentId": "86af6699_0fc0_42d8_95bc_0c1a3f436b2a", "4aa10304_84cd_4d3e_bd28_295aee2c51e5<>id": "4aa10304_84cd_4d3e_bd28_295aee2c51e5", "4aa10304_84cd_4d3e_bd28_295aee2c51e5<>tag": "SERVICES", "4aa10304_84cd_4d3e_bd28_295aee2c51e5<>type": "FILE", "4aa10304_84cd_4d3e_bd28_295aee2c51e5<>entityId": "4aa10304_84cd_4d3e_bd28_295aee2c51e5", "4aa10304_84cd_4d3e_bd28_295aee2c51e5<>invalidCode": false, "4aa10304_84cd_4d3e_bd28_295aee2c51e5<>diagnostics": [], "4aa10304_84cd_4d3e_bd28_295aee2c51e5<>extension": "SX", "4aa10304_84cd_4d3e_bd28_295aee2c51e5<>relative_path": "/src/services/Big Schema Example API/default.jsx"}