{"c033cb21_3cc0_421b_8871_e02878ab75ca": {"type": "FUNCTION", "isAsync": true, "parameters": [], "id": "c033cb21_3cc0_421b_8871_e02878ab75ca", "operation_id": "getProfiles", "tags": "default", "request": {"method": "GET", "auth": [], "headers": [], "parameters": [], "url": {"servers": null, "baseurl": null, "host": [], "protocol": "HTTP", "port": null, "path": ["profiles"], "url_env": "b105de51_8612_4f33_aa86_26ad3c1e3c8e", "errors": null}, "body": [], "errors": {"root_errors": []}}, "response": [{"content_type": "JSON", "status": "S_200", "schema_name": "f07b5a31_6938_4f41_acef_6edf18871f41", "schema": {"type": "ARRAY", "templateInputs": [{"selection": "anyOf", "types": [{"$ref": "f07b5a31_6938_4f41_acef_6edf18871f41"}]}]}, "raw_content": "", "file": "", "description": "List of profiles", "token_store": null, "errors": null}], "summary": "Get all user profiles", "is_authentication_api": false, "is_open_api": true, "errors": {"root_errors": []}}}