{"current_version": 9, "versions": {"1": {"key": 1, "timestamp": 1752734534.0583253}, "2": {"key": 2, "timestamp": 1752734534.3059669}, "3": {"key": 3, "timestamp": 1752734534.335407}, "4": {"key": 4, "timestamp": 1752734534.3675046}, "5": {"key": 5, "timestamp": 1752734534.395205}, "6": {"key": 6, "timestamp": 1752734534.4667459}, "7": {"key": 7, "timestamp": 1752734534.6512845}, "8": {"key": 8, "timestamp": 1752734534.7468464}, "9": {"key": 9, "timestamp": 1752734534.8363051}}, "deleted_keys": {"4": ["THEME_PROVIDER<>usedIn"], "6": ["047aec68_9c53_4410_86fa_97267d1ff143<>usedIn"]}, "changes": {"047aec68_9c53_4410_86fa_97267d1ff143<>id": {"1": "047aec68_9c53_4410_86fa_97267d1ff143"}, "047aec68_9c53_4410_86fa_97267d1ff143<>fileId": {"1": "dccbc3d6_abbe_422e_ac6d_391f658fe536"}, "047aec68_9c53_4410_86fa_97267d1ff143<>type": {"1": "REACT_COMPONENT"}, "047aec68_9c53_4410_86fa_97267d1ff143<>schema<>props<>0<>name": {"1": "prop1"}, "047aec68_9c53_4410_86fa_97267d1ff143<>schema<>props<>0<>isRequired": {"1": false}, "047aec68_9c53_4410_86fa_97267d1ff143<>schema<>props<>0<>schema<>selection": {"1": "anyOf"}, "047aec68_9c53_4410_86fa_97267d1ff143<>schema<>props<>0<>schema<>types<>0<>type": {"1": "ANY"}, "047aec68_9c53_4410_86fa_97267d1ff143<>schema<>props<>0<>defaultValue": {"1": null}, "047aec68_9c53_4410_86fa_97267d1ff143<>schema<>props<>0<>description": {"1": ""}, "047aec68_9c53_4410_86fa_97267d1ff143<>schema<>props<>0<>id": {"1": "cc4acca6_f4c8_4633_be3d_b2b330450767"}, "047aec68_9c53_4410_86fa_97267d1ff143<>schema<>hasImperativeHandling": {"1": false}, "047aec68_9c53_4410_86fa_97267d1ff143<>schema<>type": {"1": "REACT_FC"}, "047aec68_9c53_4410_86fa_97267d1ff143<>exportedAs": {"1": "Main"}, "047aec68_9c53_4410_86fa_97267d1ff143<>defaultExport": {"1": true}, "047aec68_9c53_4410_86fa_97267d1ff143<>usedIn": {"1": []}, "THEME_PROVIDER<>id": {"2": "THEME_PROVIDER"}, "THEME_PROVIDER<>fileId": {"2": "THEME_PROVIDER_FILE"}, "THEME_PROVIDER<>type": {"2": "REACT_COMPONENT"}, "THEME_PROVIDER<>schema<>type": {"2": "ThemeProvider"}, "THEME_PROVIDER<>exportedAs": {"2": "ThemeProvider"}, "THEME_PROVIDER<>defaultExport": {"2": false}, "THEME_PROVIDER<>usedIn": {"2": []}, "THEME_PROVIDER<>tag": {"2": "PROVIDER_WRAPPER"}, "THEME_HOOK<>id": {"3": "THEME_HOOK"}, "THEME_HOOK<>fileId": {"3": "THEME_PROVIDER_FILE"}, "THEME_HOOK<>type": {"3": "FUNCTION"}, "THEME_HOOK<>schema<>isAsync": {"3": false}, "THEME_HOOK<>schema<>parameters": {"3": []}, "THEME_HOOK<>schema<>returnType<>id": {"3": "$ThemeContextReturn"}, "THEME_HOOK<>schema<>returnType<>type": {"3": "OBJECT"}, "THEME_HOOK<>schema<>returnType<>properties<>themeName<>id": {"3": "themeName"}, "THEME_HOOK<>schema<>returnType<>properties<>themeName<>name": {"3": "themeName"}, "THEME_HOOK<>schema<>returnType<>properties<>themeName<>type": {"3": "STRING"}, "THEME_HOOK<>schema<>returnType<>properties<>mode<>id": {"3": "mode"}, "THEME_HOOK<>schema<>returnType<>properties<>mode<>name": {"3": "mode"}, "THEME_HOOK<>schema<>returnType<>properties<>mode<>type": {"3": "STRING"}, "THEME_HOOK<>schema<>returnType<>properties<>setTheme<>id": {"3": "setTheme"}, "THEME_HOOK<>schema<>returnType<>properties<>setTheme<>name": {"3": "setTheme"}, "THEME_HOOK<>schema<>returnType<>properties<>setTheme<>type": {"3": "FUNCTION"}, "THEME_HOOK<>schema<>returnType<>properties<>setTheme<>parameters<>0<>name": {"3": "themeName"}, "THEME_HOOK<>schema<>returnType<>properties<>setTheme<>parameters<>0<>type": {"3": "STRING"}, "THEME_HOOK<>schema<>returnType<>properties<>setTheme<>isAsync": {"3": false}, "THEME_HOOK<>schema<>returnType<>properties<>setTheme<>returnType<>type": {"3": "VOID"}, "THEME_HOOK<>schema<>returnType<>properties<>toggleMode<>id": {"3": "toggleMode"}, "THEME_HOOK<>schema<>returnType<>properties<>toggleMode<>name": {"3": "toggleMode"}, "THEME_HOOK<>schema<>returnType<>properties<>toggleMode<>type": {"3": "FUNCTION"}, "THEME_HOOK<>schema<>returnType<>properties<>toggleMode<>parameters": {"3": []}, "THEME_HOOK<>schema<>returnType<>properties<>toggleMode<>isAsync": {"3": false}, "THEME_HOOK<>schema<>returnType<>properties<>toggleMode<>returnType<>type": {"3": "VOID"}, "THEME_HOOK<>schema<>type": {"3": "FUNCTION"}, "THEME_HOOK<>exportedAs": {"3": "useThemeContext"}, "THEME_HOOK<>defaultExport": {"3": false}, "THEME_HOOK<>usedIn": {"3": []}, "THEME_CSS<>id": {"4": "THEME_CSS"}, "THEME_CSS<>fileId": {"4": "THEME_CSS_FILE"}, "THEME_CSS<>type": {"4": "FILE"}, "THEME_CSS<>schema<>type": {"4": "ThemeProvider"}, "THEME_CSS<>exportedAs": {"4": "ThemeContext"}, "THEME_CSS<>defaultExport": {"4": false}, "THEME_CSS<>usedIn": {"4": []}, "THEME_PROVIDER<>usedIn<>0": {"5": "MAIN_COMPONENT"}, "6f417071_580c_4721_9d91_b8b8e64865b8<>id": {"6": "6f417071_580c_4721_9d91_b8b8e64865b8"}, "6f417071_580c_4721_9d91_b8b8e64865b8<>fileId": {"6": "MAIN_COMPONENT"}, "6f417071_580c_4721_9d91_b8b8e64865b8<>type": {"6": "REACT_COMPONENT"}, "6f417071_580c_4721_9d91_b8b8e64865b8<>schema<>props": {"6": []}, "6f417071_580c_4721_9d91_b8b8e64865b8<>schema<>hasImperativeHandling": {"6": false}, "6f417071_580c_4721_9d91_b8b8e64865b8<>schema<>type": {"6": "REACT_FC"}, "6f417071_580c_4721_9d91_b8b8e64865b8<>exportedAs": {"6": "App"}, "6f417071_580c_4721_9d91_b8b8e64865b8<>defaultExport": {"6": true}, "6f417071_580c_4721_9d91_b8b8e64865b8<>usedIn": {"6": []}, "047aec68_9c53_4410_86fa_97267d1ff143<>usedIn<>0": {"7": "ROUTE_COMPONENT"}, "PROJECT_ROUTER<>id": {"8": "PROJECT_ROUTER"}, "PROJECT_ROUTER<>fileId": {"8": "ROUTE_COMPONENT"}, "PROJECT_ROUTER<>type": {"8": "FILE"}, "PROJECT_ROUTER<>schema<>type": {"8": "ANY"}, "PROJECT_ROUTER<>exportedAs": {"8": "router"}, "PROJECT_ROUTER<>defaultExport": {"8": true}, "PROJECT_ROUTER<>usedIn": {"8": []}, "STYLES_MASTER<>id": {"9": "STYLES_MASTER"}, "STYLES_MASTER<>fileId": {"9": "STYLES_MASTER_FILE"}, "STYLES_MASTER<>type": {"9": "FILE"}, "STYLES_MASTER<>schema<>type": {"9": "Any"}, "STYLES_MASTER<>exportedAs": {"9": "stylesMaster"}, "STYLES_MASTER<>defaultExport": {"9": false}, "STYLES_MASTER<>usedIn": {"9": []}}}