{"200a55c5_8cc2_4ed1_a4ff_508830ee23b4<>entityId": "f5f365d5_c1b0_4066_b57b_34e8eb254340", "200a55c5_8cc2_4ed1_a4ff_508830ee23b4<>extension": "js", "200a55c5_8cc2_4ed1_a4ff_508830ee23b4<>id": "200a55c5_8cc2_4ed1_a4ff_508830ee23b4", "200a55c5_8cc2_4ed1_a4ff_508830ee23b4<>name": "vite.config", "200a55c5_8cc2_4ed1_a4ff_508830ee23b4<>parentId": "ROOT", "200a55c5_8cc2_4ed1_a4ff_508830ee23b4<>relative_path": "/vite.config.js", "200a55c5_8cc2_4ed1_a4ff_508830ee23b4<>tag": "VITE_CONFIG", "200a55c5_8cc2_4ed1_a4ff_508830ee23b4<>type": "FILE", "6a6f04cd_5e59_4557_9dd5_7afded3fc1ba<>children<>0": "fc92c20e_8139_404a_ae89_8242c8784fb8", "6a6f04cd_5e59_4557_9dd5_7afded3fc1ba<>children<>1": "b66676bd_79db_41b5_89ee_03736445d2ed", "6a6f04cd_5e59_4557_9dd5_7afded3fc1ba<>entityId": "6a6f04cd_5e59_4557_9dd5_7afded3fc1ba", "6a6f04cd_5e59_4557_9dd5_7afded3fc1ba<>id": "6a6f04cd_5e59_4557_9dd5_7afded3fc1ba", "6a6f04cd_5e59_4557_9dd5_7afded3fc1ba<>name": "Big Schema Example API", "6a6f04cd_5e59_4557_9dd5_7afded3fc1ba<>parentId": "SERVICES", "6a6f04cd_5e59_4557_9dd5_7afded3fc1ba<>relative_path": "/src/services/Big Schema Example API", "6a6f04cd_5e59_4557_9dd5_7afded3fc1ba<>tag": "SERVICES", "6a6f04cd_5e59_4557_9dd5_7afded3fc1ba<>type": "DIRECTORY", "ASSETS<>children<>0": "IMAGES", "ASSETS<>children<>1": "SVGS", "ASSETS<>children<>2": "FONTS", "ASSETS<>id": "ASSETS", "ASSETS<>name": "assets", "ASSETS<>parentId": "SRC", "ASSETS<>tag": "ASSETS", "ASSETS<>type": "DIRECTORY", "COMPONENTS<>children<>0": "a9e504e3_25e5_48a5_95ac_23af42d5ae7a", "COMPONENTS<>children<>1": "ed2a11b0_a8ce_4608_9899_1e73c0765b88", "COMPONENTS<>id": "COMPONENTS", "COMPONENTS<>name": "components", "COMPONENTS<>parentId": "SRC", "COMPONENTS<>tag": "COMPONENTS", "COMPONENTS<>type": "DIRECTORY", "CONTEXT<>children<>0": "THEME_PROVIDER_FILE", "CONTEXT<>id": "CONTEXT", "CONTEXT<>name": "context", "CONTEXT<>parentId": "SRC", "CONTEXT<>tag": "CONTEXT", "CONTEXT<>type": "DIRECTORY", "EXTERNAL_COMPONENTS<>children": [], "EXTERNAL_COMPONENTS<>id": "EXTERNAL_COMPONENTS", "EXTERNAL_COMPONENTS<>name": "external_components", "EXTERNAL_COMPONENTS<>parentId": "ROOT", "EXTERNAL_COMPONENTS<>tag": "EXTERNAL_COMPONENTS", "EXTERNAL_COMPONENTS<>type": "DIRECTORY", "FONTS<>children": [], "FONTS<>id": "FONTS", "FONTS<>name": "fonts", "FONTS<>parentId": "ASSETS", "FONTS<>tag": "FONTS", "FONTS<>type": "DIRECTORY", "GLOBAL_INTERCEPTOR<>entityId": "GLOBAL_INTERCEPTOR", "GLOBAL_INTERCEPTOR<>extension": "SX", "GLOBAL_INTERCEPTOR<>id": "GLOBAL_INTERCEPTOR", "GLOBAL_INTERCEPTOR<>name": "interceptors", "GLOBAL_INTERCEPTOR<>parentId": "SERVICES", "GLOBAL_INTERCEPTOR<>relative_path": "/src/services/interceptors.jsx", "GLOBAL_INTERCEPTOR<>tag": "SERVICES", "GLOBAL_INTERCEPTOR<>type": "FILE", "IMAGES<>children": [], "IMAGES<>id": "IMAGES", "IMAGES<>name": "images", "IMAGES<>parentId": "ASSETS", "IMAGES<>tag": "IMAGES", "IMAGES<>type": "DIRECTORY", "INDEX_HTML<>extension": "html", "INDEX_HTML<>id": "INDEX_HTML", "INDEX_HTML<>name": "index", "INDEX_HTML<>parentId": "ROOT", "INDEX_HTML<>tag": "INDEX_HTML", "INDEX_HTML<>type": "FILE", "MAIN_COMPONENT<>entityId": "16c10f7f_c150_4ef7_b53a_c99a232410c8", "MAIN_COMPONENT<>extension": "SX", "MAIN_COMPONENT<>id": "MAIN_COMPONENT", "MAIN_COMPONENT<>name": "App", "MAIN_COMPONENT<>parentId": "SRC", "MAIN_COMPONENT<>relative_path": "/src/App.jsx", "MAIN_COMPONENT<>tag": "ROOT_COMPONENT", "MAIN_COMPONENT<>type": "FILE", "MAIN_STYLESHEET<>extension": "css", "MAIN_STYLESHEET<>id": "MAIN_STYLESHEET", "MAIN_STYLESHEET<>name": "index", "MAIN_STYLESHEET<>parentId": "SRC", "MAIN_STYLESHEET<>tag": "MAIN_STYLESHEET", "MAIN_STYLESHEET<>type": "FILE", "PACKAGE_CONFIG<>extension": "json", "PACKAGE_CONFIG<>id": "PACKAGE_CONFIG", "PACKAGE_CONFIG<>isProtected": true, "PACKAGE_CONFIG<>name": "package", "PACKAGE_CONFIG<>parentId": "ROOT", "PACKAGE_CONFIG<>tag": "PACKAGE_CONFIG", "PACKAGE_CONFIG<>type": "FILE", "PROJECT_ROOT_FILE<>extension": "SX", "PROJECT_ROOT_FILE<>id": "PROJECT_ROOT_FILE", "PROJECT_ROOT_FILE<>name": "main", "PROJECT_ROOT_FILE<>parentId": "SRC", "PROJECT_ROOT_FILE<>tag": "ROOT", "PROJECT_ROOT_FILE<>type": "FILE", "REDUX<>children": [], "REDUX<>id": "REDUX", "REDUX<>name": "redux", "REDUX<>parentId": "SRC", "REDUX<>tag": "REDUX", "REDUX<>type": "DIRECTORY", "ROOT<>children<>0": "SRC", "ROOT<>children<>1": "PACKAGE_CONFIG", "ROOT<>children<>2": "EXTERNAL_COMPONENTS", "ROOT<>children<>3": "INDEX_HTML", "ROOT<>children<>4": "200a55c5_8cc2_4ed1_a4ff_508830ee23b4", "ROOT<>id": "ROOT", "ROOT<>parentId": null, "ROOT<>type": "DIRECTORY", "ROUTE_COMPONENT<>extension": "SX", "ROUTE_COMPONENT<>id": "ROUTE_COMPONENT", "ROUTE_COMPONENT<>isProtected": true, "ROUTE_COMPONENT<>name": "Routing", "ROUTE_COMPONENT<>parentId": "SRC", "ROUTE_COMPONENT<>tag": "ROUTING", "ROUTE_COMPONENT<>type": "FILE", "ROUTE_COMPONENT<>wasOpen": false, "SERVICES<>children<>0": "6a6f04cd_5e59_4557_9dd5_7afded3fc1ba", "SERVICES<>children<>1": "GLOBAL_INTERCEPTOR", "SERVICES<>id": "SERVICES", "SERVICES<>name": "services", "SERVICES<>parentId": "SRC", "SERVICES<>tag": "SERVICES", "SERVICES<>type": "DIRECTORY", "SRC<>children<>0": "STYLES", "SRC<>children<>1": "COMPONENTS", "SRC<>children<>2": "SERVICES", "SRC<>children<>3": "PROJECT_ROOT_FILE", "SRC<>children<>4": "MAIN_COMPONENT", "SRC<>children<>5": "ASSETS", "SRC<>children<>6": "ROUTE_COMPONENT", "SRC<>children<>7": "STORE", "SRC<>children<>8": "REDUX", "SRC<>children<>9": "CONTEXT", "SRC<>children<>10": "MAIN_STYLESHEET", "SRC<>children<>11": "STYLES_MASTER_FILE", "SRC<>id": "SRC", "SRC<>name": "src", "SRC<>parentId": "ROOT", "SRC<>tag": "ROOT", "SRC<>type": "DIRECTORY", "STORE<>children": [], "STORE<>id": "STORE", "STORE<>name": "store", "STORE<>parentId": "SRC", "STORE<>tag": "STORE", "STORE<>type": "DIRECTORY", "STYLES<>children<>0": "THEME_CSS_FILE", "STYLES<>id": "STYLES", "STYLES<>name": "styles", "STYLES<>parentId": "SRC", "STYLES<>tag": "STYLES", "STYLES<>type": "DIRECTORY", "STYLES_MASTER_FILE<>entityId": null, "STYLES_MASTER_FILE<>extension": "jsx", "STYLES_MASTER_FILE<>id": "STYLES_MASTER_FILE", "STYLES_MASTER_FILE<>name": "stylesMaster", "STYLES_MASTER_FILE<>parentId": "SRC", "STYLES_MASTER_FILE<>relative_path": "/src/stylesMaster.jsx", "STYLES_MASTER_FILE<>tag": "STYLES_MASTER", "STYLES_MASTER_FILE<>type": "FILE", "SVGS<>children": [], "SVGS<>id": "SVGS", "SVGS<>name": "svgs", "SVGS<>parentId": "ASSETS", "SVGS<>tag": "SVGS", "SVGS<>type": "DIRECTORY", "THEME_CSS_FILE<>extension": "css", "THEME_CSS_FILE<>id": "THEME_CSS_FILE", "THEME_CSS_FILE<>name": "ThemeContext", "THEME_CSS_FILE<>parentId": "STYLES", "THEME_CSS_FILE<>tag": "THEME_CSS", "THEME_CSS_FILE<>type": "FILE", "THEME_PROVIDER_FILE<>extension": "SX", "THEME_PROVIDER_FILE<>id": "THEME_PROVIDER_FILE", "THEME_PROVIDER_FILE<>name": "ThemeContext", "THEME_PROVIDER_FILE<>parentId": "CONTEXT", "THEME_PROVIDER_FILE<>tag": "THEME_PROVIDER", "THEME_PROVIDER_FILE<>type": "FILE", "a9e504e3_25e5_48a5_95ac_23af42d5ae7a<>entityId": "6b292e23_361d_47c3_88d8_e660efdb1545", "a9e504e3_25e5_48a5_95ac_23af42d5ae7a<>extension": "SX", "a9e504e3_25e5_48a5_95ac_23af42d5ae7a<>id": "a9e504e3_25e5_48a5_95ac_23af42d5ae7a", "a9e504e3_25e5_48a5_95ac_23af42d5ae7a<>name": "Main", "a9e504e3_25e5_48a5_95ac_23af42d5ae7a<>parentId": "COMPONENTS", "a9e504e3_25e5_48a5_95ac_23af42d5ae7a<>relative_path": "/src/components/Main.jsx", "a9e504e3_25e5_48a5_95ac_23af42d5ae7a<>tag": "COMPONENTS", "a9e504e3_25e5_48a5_95ac_23af42d5ae7a<>type": "FILE", "b66676bd_79db_41b5_89ee_03736445d2ed<>entityId": "b66676bd_79db_41b5_89ee_03736445d2ed", "b66676bd_79db_41b5_89ee_03736445d2ed<>extension": "SX", "b66676bd_79db_41b5_89ee_03736445d2ed<>id": "b66676bd_79db_41b5_89ee_03736445d2ed", "b66676bd_79db_41b5_89ee_03736445d2ed<>name": "default", "b66676bd_79db_41b5_89ee_03736445d2ed<>parentId": "6a6f04cd_5e59_4557_9dd5_7afded3fc1ba", "b66676bd_79db_41b5_89ee_03736445d2ed<>relative_path": "/src/services/Big Schema Example API/default.jsx", "b66676bd_79db_41b5_89ee_03736445d2ed<>tag": "SERVICES", "b66676bd_79db_41b5_89ee_03736445d2ed<>type": "FILE", "fc92c20e_8139_404a_ae89_8242c8784fb8<>entityId": "fc92c20e_8139_404a_ae89_8242c8784fb8", "fc92c20e_8139_404a_ae89_8242c8784fb8<>extension": "SX", "fc92c20e_8139_404a_ae89_8242c8784fb8<>id": "fc92c20e_8139_404a_ae89_8242c8784fb8", "fc92c20e_8139_404a_ae89_8242c8784fb8<>name": "interceptors", "fc92c20e_8139_404a_ae89_8242c8784fb8<>parentId": "6a6f04cd_5e59_4557_9dd5_7afded3fc1ba", "fc92c20e_8139_404a_ae89_8242c8784fb8<>relative_path": "/src/services/Big Schema Example API/interceptors.jsx", "fc92c20e_8139_404a_ae89_8242c8784fb8<>tag": "SERVICES", "fc92c20e_8139_404a_ae89_8242c8784fb8<>type": "FILE", "ed2a11b0_a8ce_4608_9899_1e73c0765b88<>name": "CreateContactInfo", "ed2a11b0_a8ce_4608_9899_1e73c0765b88<>parentId": "COMPONENTS", "ed2a11b0_a8ce_4608_9899_1e73c0765b88<>id": "ed2a11b0_a8ce_4608_9899_1e73c0765b88", "ed2a11b0_a8ce_4608_9899_1e73c0765b88<>tag": "COMPONENTS", "ed2a11b0_a8ce_4608_9899_1e73c0765b88<>type": "FILE", "ed2a11b0_a8ce_4608_9899_1e73c0765b88<>entityId": "3c563cba_91c6_4f3d_a7a8_a8c37a6455b1", "ed2a11b0_a8ce_4608_9899_1e73c0765b88<>extension": "SX", "ed2a11b0_a8ce_4608_9899_1e73c0765b88<>relative_path": "/src/components/CreateContactInfo.jsx"}