{"008c73fb_7b58_43b1_91b1_ea59435261be": {"type": "FUNCTION", "isAsync": true, "parameters": [], "id": "008c73fb_7b58_43b1_91b1_ea59435261be", "operation_id": "getProfiles", "tags": "default", "request": {"method": "GET", "auth": [], "headers": [], "parameters": [], "url": {"servers": null, "baseurl": null, "host": [], "protocol": "HTTP", "port": null, "path": ["profiles"], "url_env": "da65cd77_a101_4340_82c3_1be9af5cf55e", "errors": null}, "body": [], "errors": {"root_errors": []}}, "response": [{"content_type": "JSON", "status": "S_200", "schema_name": "374d8a71_579c_4425_a903_98dc97233047", "schema": {"type": "ARRAY", "templateInputs": [{"selection": "anyOf", "types": [{"$ref": "374d8a71_579c_4425_a903_98dc97233047"}]}]}, "raw_content": "", "file": "", "description": "List of profiles", "token_store": null, "errors": null}], "summary": "Get all user profiles", "is_authentication_api": false, "is_open_api": true, "errors": {"root_errors": []}}}