{"current_version": 7, "versions": {"1": {"key": 1, "timestamp": 1753075099.1045625}, "2": {"key": 2, "timestamp": 1753075135.1730971}, "3": {"key": 3, "timestamp": 1753075135.92593}, "4": {"key": 4, "timestamp": 1753075136.082363}, "5": {"key": 5, "timestamp": 1753075136.3950503}, "6": {"key": 6, "timestamp": 1753075782.4958174}, "7": {"key": 7, "timestamp": 1753166808.8055885}}, "deleted_keys": {"1": ["COMPONENTS<>children"], "5": ["SERVICES<>children"]}, "changes": {"ROOT<>parentId": {"1": null}, "ROOT<>id": {"1": "ROOT"}, "ROOT<>type": {"1": "DIRECTORY"}, "ROOT<>children<>0": {"1": "SRC"}, "ROOT<>children<>1": {"1": "PACKAGE_CONFIG"}, "ROOT<>children<>2": {"1": "EXTERNAL_COMPONENTS"}, "ROOT<>children<>3": {"1": "INDEX_HTML"}, "SRC<>name": {"1": "src"}, "SRC<>parentId": {"1": "ROOT"}, "SRC<>id": {"1": "SRC"}, "SRC<>tag": {"1": "ROOT"}, "SRC<>type": {"1": "DIRECTORY"}, "SRC<>children<>0": {"1": "STYLES"}, "SRC<>children<>1": {"1": "COMPONENTS"}, "SRC<>children<>2": {"1": "SERVICES"}, "SRC<>children<>3": {"1": "PROJECT_ROOT_FILE"}, "SRC<>children<>4": {"1": "MAIN_COMPONENT"}, "SRC<>children<>5": {"1": "ASSETS"}, "SRC<>children<>6": {"1": "ROUTE_COMPONENT"}, "SRC<>children<>7": {"1": "STORE"}, "SRC<>children<>8": {"1": "REDUX"}, "SRC<>children<>9": {"1": "CONTEXT"}, "SRC<>children<>10": {"1": "MAIN_STYLESHEET"}, "COMPONENTS<>name": {"1": "components"}, "COMPONENTS<>parentId": {"1": "SRC"}, "COMPONENTS<>id": {"1": "COMPONENTS"}, "COMPONENTS<>tag": {"1": "COMPONENTS"}, "COMPONENTS<>type": {"1": "DIRECTORY"}, "COMPONENTS<>children": {"1": []}, "STORE<>name": {"1": "store"}, "STORE<>parentId": {"1": "SRC"}, "STORE<>id": {"1": "STORE"}, "STORE<>tag": {"1": "STORE"}, "STORE<>type": {"1": "DIRECTORY"}, "STORE<>children": {"1": []}, "REDUX<>name": {"1": "redux"}, "REDUX<>parentId": {"1": "SRC"}, "REDUX<>id": {"1": "REDUX"}, "REDUX<>tag": {"1": "REDUX"}, "REDUX<>type": {"1": "DIRECTORY"}, "REDUX<>children": {"1": []}, "CONTEXT<>name": {"1": "context"}, "CONTEXT<>parentId": {"1": "SRC"}, "CONTEXT<>id": {"1": "CONTEXT"}, "CONTEXT<>tag": {"1": "CONTEXT"}, "CONTEXT<>type": {"1": "DIRECTORY"}, "CONTEXT<>children<>0": {"1": "THEME_PROVIDER_FILE"}, "THEME_PROVIDER_FILE<>name": {"1": "ThemeContext"}, "THEME_PROVIDER_FILE<>parentId": {"1": "CONTEXT"}, "THEME_PROVIDER_FILE<>id": {"1": "THEME_PROVIDER_FILE"}, "THEME_PROVIDER_FILE<>tag": {"1": "THEME_PROVIDER"}, "THEME_PROVIDER_FILE<>type": {"1": "FILE"}, "THEME_PROVIDER_FILE<>extension": {"1": "SX"}, "THEME_CSS_FILE<>name": {"1": "ThemeContext"}, "THEME_CSS_FILE<>parentId": {"1": "STYLES"}, "THEME_CSS_FILE<>id": {"1": "THEME_CSS_FILE"}, "THEME_CSS_FILE<>tag": {"1": "THEME_CSS"}, "THEME_CSS_FILE<>type": {"1": "FILE"}, "THEME_CSS_FILE<>extension": {"1": "css"}, "SERVICES<>name": {"1": "services"}, "SERVICES<>parentId": {"1": "SRC"}, "SERVICES<>id": {"1": "SERVICES"}, "SERVICES<>tag": {"1": "SERVICES"}, "SERVICES<>type": {"1": "DIRECTORY"}, "SERVICES<>children": {"1": []}, "PROJECT_ROOT_FILE<>name": {"1": "main"}, "PROJECT_ROOT_FILE<>parentId": {"1": "SRC"}, "PROJECT_ROOT_FILE<>extension": {"1": "SX"}, "PROJECT_ROOT_FILE<>id": {"1": "PROJECT_ROOT_FILE"}, "PROJECT_ROOT_FILE<>tag": {"1": "ROOT"}, "PROJECT_ROOT_FILE<>type": {"1": "FILE"}, "MAIN_STYLESHEET<>name": {"1": "index"}, "MAIN_STYLESHEET<>parentId": {"1": "SRC"}, "MAIN_STYLESHEET<>extension": {"1": "css"}, "MAIN_STYLESHEET<>id": {"1": "MAIN_STYLESHEET"}, "MAIN_STYLESHEET<>tag": {"1": "MAIN_STYLESHEET"}, "MAIN_STYLESHEET<>type": {"1": "FILE"}, "MAIN_COMPONENT<>name": {"1": "App"}, "MAIN_COMPONENT<>parentId": {"1": "SRC"}, "MAIN_COMPONENT<>extension": {"1": "SX"}, "MAIN_COMPONENT<>id": {"1": "MAIN_COMPONENT"}, "MAIN_COMPONENT<>tag": {"1": "ROOT_COMPONENT"}, "MAIN_COMPONENT<>type": {"1": "FILE"}, "ROUTE_COMPONENT<>name": {"1": "Routing"}, "ROUTE_COMPONENT<>parentId": {"1": "SRC"}, "ROUTE_COMPONENT<>extension": {"1": "SX"}, "ROUTE_COMPONENT<>id": {"1": "ROUTE_COMPONENT"}, "ROUTE_COMPONENT<>tag": {"1": "ROUTING"}, "ROUTE_COMPONENT<>type": {"1": "FILE"}, "ROUTE_COMPONENT<>wasOpen": {"1": false}, "ROUTE_COMPONENT<>isProtected": {"1": true}, "ASSETS<>name": {"1": "assets"}, "ASSETS<>parentId": {"1": "SRC"}, "ASSETS<>id": {"1": "ASSETS"}, "ASSETS<>tag": {"1": "ASSETS"}, "ASSETS<>type": {"1": "DIRECTORY"}, "ASSETS<>children<>0": {"1": "IMAGES"}, "ASSETS<>children<>1": {"1": "SVGS"}, "ASSETS<>children<>2": {"1": "FONTS"}, "IMAGES<>name": {"1": "images"}, "IMAGES<>parentId": {"1": "ASSETS"}, "IMAGES<>id": {"1": "IMAGES"}, "IMAGES<>tag": {"1": "IMAGES"}, "IMAGES<>type": {"1": "DIRECTORY"}, "IMAGES<>children": {"1": []}, "SVGS<>name": {"1": "svgs"}, "SVGS<>parentId": {"1": "ASSETS"}, "SVGS<>id": {"1": "SVGS"}, "SVGS<>tag": {"1": "SVGS"}, "SVGS<>type": {"1": "DIRECTORY"}, "SVGS<>children": {"1": []}, "FONTS<>name": {"1": "fonts"}, "FONTS<>parentId": {"1": "ASSETS"}, "FONTS<>id": {"1": "FONTS"}, "FONTS<>tag": {"1": "FONTS"}, "FONTS<>type": {"1": "DIRECTORY"}, "FONTS<>children": {"1": []}, "PACKAGE_CONFIG<>name": {"1": "package"}, "PACKAGE_CONFIG<>extension": {"1": "json"}, "PACKAGE_CONFIG<>parentId": {"1": "ROOT"}, "PACKAGE_CONFIG<>id": {"1": "PACKAGE_CONFIG"}, "PACKAGE_CONFIG<>tag": {"1": "PACKAGE_CONFIG"}, "PACKAGE_CONFIG<>type": {"1": "FILE"}, "PACKAGE_CONFIG<>isProtected": {"1": true}, "INDEX_HTML<>name": {"1": "index"}, "INDEX_HTML<>parentId": {"1": "ROOT"}, "INDEX_HTML<>extension": {"1": "html"}, "INDEX_HTML<>id": {"1": "INDEX_HTML"}, "INDEX_HTML<>tag": {"1": "INDEX_HTML"}, "INDEX_HTML<>type": {"1": "FILE"}, "STYLES<>name": {"1": "styles"}, "STYLES<>parentId": {"1": "SRC"}, "STYLES<>id": {"1": "STYLES"}, "STYLES<>tag": {"1": "STYLES"}, "STYLES<>type": {"1": "DIRECTORY"}, "STYLES<>children<>0": {"1": "THEME_CSS_FILE"}, "EXTERNAL_COMPONENTS<>name": {"1": "external_components"}, "EXTERNAL_COMPONENTS<>parentId": {"1": "ROOT"}, "EXTERNAL_COMPONENTS<>id": {"1": "EXTERNAL_COMPONENTS"}, "EXTERNAL_COMPONENTS<>children": {"1": []}, "EXTERNAL_COMPONENTS<>tag": {"1": "EXTERNAL_COMPONENTS"}, "EXTERNAL_COMPONENTS<>type": {"1": "DIRECTORY"}, "COMPONENTS<>children<>0": {"2": "a9e504e3_25e5_48a5_95ac_23af42d5ae7a"}, "a9e504e3_25e5_48a5_95ac_23af42d5ae7a<>name": {"2": "Main"}, "a9e504e3_25e5_48a5_95ac_23af42d5ae7a<>parentId": {"2": "COMPONENTS"}, "a9e504e3_25e5_48a5_95ac_23af42d5ae7a<>id": {"2": "a9e504e3_25e5_48a5_95ac_23af42d5ae7a"}, "a9e504e3_25e5_48a5_95ac_23af42d5ae7a<>tag": {"2": "COMPONENTS"}, "a9e504e3_25e5_48a5_95ac_23af42d5ae7a<>type": {"2": "FILE"}, "a9e504e3_25e5_48a5_95ac_23af42d5ae7a<>entityId": {"2": "6b292e23_361d_47c3_88d8_e660efdb1545"}, "a9e504e3_25e5_48a5_95ac_23af42d5ae7a<>extension": {"2": "SX"}, "a9e504e3_25e5_48a5_95ac_23af42d5ae7a<>relative_path": {"2": "/src/components/Main.jsx"}, "MAIN_COMPONENT<>entityId": {"3": "16c10f7f_c150_4ef7_b53a_c99a232410c8"}, "MAIN_COMPONENT<>relative_path": {"3": "/src/App.jsx"}, "ROOT<>children<>4": {"4": "200a55c5_8cc2_4ed1_a4ff_508830ee23b4"}, "200a55c5_8cc2_4ed1_a4ff_508830ee23b4<>name": {"4": "vite.config"}, "200a55c5_8cc2_4ed1_a4ff_508830ee23b4<>parentId": {"4": "ROOT"}, "200a55c5_8cc2_4ed1_a4ff_508830ee23b4<>id": {"4": "200a55c5_8cc2_4ed1_a4ff_508830ee23b4"}, "200a55c5_8cc2_4ed1_a4ff_508830ee23b4<>tag": {"4": "VITE_CONFIG"}, "200a55c5_8cc2_4ed1_a4ff_508830ee23b4<>type": {"4": "FILE"}, "200a55c5_8cc2_4ed1_a4ff_508830ee23b4<>entityId": {"4": "f5f365d5_c1b0_4066_b57b_34e8eb254340"}, "200a55c5_8cc2_4ed1_a4ff_508830ee23b4<>extension": {"4": "js"}, "200a55c5_8cc2_4ed1_a4ff_508830ee23b4<>relative_path": {"4": "/vite.config.js"}, "SRC<>children<>11": {"5": "STYLES_MASTER_FILE"}, "STYLES_MASTER_FILE<>name": {"5": "stylesMaster"}, "STYLES_MASTER_FILE<>parentId": {"5": "SRC"}, "STYLES_MASTER_FILE<>id": {"5": "STYLES_MASTER_FILE"}, "STYLES_MASTER_FILE<>tag": {"5": "STYLES_MASTER"}, "STYLES_MASTER_FILE<>type": {"5": "FILE"}, "STYLES_MASTER_FILE<>entityId": {"5": null}, "STYLES_MASTER_FILE<>extension": {"5": "jsx"}, "STYLES_MASTER_FILE<>relative_path": {"5": "/src/stylesMaster.jsx"}, "SERVICES<>children<>0": {"6": "6a6f04cd_5e59_4557_9dd5_7afded3fc1ba"}, "SERVICES<>children<>1": {"6": "GLOBAL_INTERCEPTOR"}, "6a6f04cd_5e59_4557_9dd5_7afded3fc1ba<>name": {"6": "Big Schema Example API"}, "6a6f04cd_5e59_4557_9dd5_7afded3fc1ba<>parentId": {"6": "SERVICES"}, "6a6f04cd_5e59_4557_9dd5_7afded3fc1ba<>id": {"6": "6a6f04cd_5e59_4557_9dd5_7afded3fc1ba"}, "6a6f04cd_5e59_4557_9dd5_7afded3fc1ba<>tag": {"6": "SERVICES"}, "6a6f04cd_5e59_4557_9dd5_7afded3fc1ba<>type": {"6": "DIRECTORY"}, "6a6f04cd_5e59_4557_9dd5_7afded3fc1ba<>entityId": {"6": "6a6f04cd_5e59_4557_9dd5_7afded3fc1ba"}, "6a6f04cd_5e59_4557_9dd5_7afded3fc1ba<>children<>0": {"6": "fc92c20e_8139_404a_ae89_8242c8784fb8"}, "6a6f04cd_5e59_4557_9dd5_7afded3fc1ba<>children<>1": {"6": "b66676bd_79db_41b5_89ee_03736445d2ed"}, "6a6f04cd_5e59_4557_9dd5_7afded3fc1ba<>relative_path": {"6": "/src/services/Big Schema Example API"}, "GLOBAL_INTERCEPTOR<>name": {"6": "interceptors"}, "GLOBAL_INTERCEPTOR<>parentId": {"6": "SERVICES"}, "GLOBAL_INTERCEPTOR<>id": {"6": "GLOBAL_INTERCEPTOR"}, "GLOBAL_INTERCEPTOR<>tag": {"6": "SERVICES"}, "GLOBAL_INTERCEPTOR<>type": {"6": "FILE"}, "GLOBAL_INTERCEPTOR<>entityId": {"6": "GLOBAL_INTERCEPTOR"}, "GLOBAL_INTERCEPTOR<>extension": {"6": "SX"}, "GLOBAL_INTERCEPTOR<>relative_path": {"6": "/src/services/interceptors.jsx"}, "fc92c20e_8139_404a_ae89_8242c8784fb8<>name": {"6": "interceptors"}, "fc92c20e_8139_404a_ae89_8242c8784fb8<>parentId": {"6": "6a6f04cd_5e59_4557_9dd5_7afded3fc1ba"}, "fc92c20e_8139_404a_ae89_8242c8784fb8<>id": {"6": "fc92c20e_8139_404a_ae89_8242c8784fb8"}, "fc92c20e_8139_404a_ae89_8242c8784fb8<>tag": {"6": "SERVICES"}, "fc92c20e_8139_404a_ae89_8242c8784fb8<>type": {"6": "FILE"}, "fc92c20e_8139_404a_ae89_8242c8784fb8<>entityId": {"6": "fc92c20e_8139_404a_ae89_8242c8784fb8"}, "fc92c20e_8139_404a_ae89_8242c8784fb8<>extension": {"6": "SX"}, "fc92c20e_8139_404a_ae89_8242c8784fb8<>relative_path": {"6": "/src/services/Big Schema Example API/interceptors.jsx"}, "b66676bd_79db_41b5_89ee_03736445d2ed<>name": {"6": "default"}, "b66676bd_79db_41b5_89ee_03736445d2ed<>parentId": {"6": "6a6f04cd_5e59_4557_9dd5_7afded3fc1ba"}, "b66676bd_79db_41b5_89ee_03736445d2ed<>id": {"6": "b66676bd_79db_41b5_89ee_03736445d2ed"}, "b66676bd_79db_41b5_89ee_03736445d2ed<>tag": {"6": "SERVICES"}, "b66676bd_79db_41b5_89ee_03736445d2ed<>type": {"6": "FILE"}, "b66676bd_79db_41b5_89ee_03736445d2ed<>entityId": {"6": "b66676bd_79db_41b5_89ee_03736445d2ed"}, "b66676bd_79db_41b5_89ee_03736445d2ed<>extension": {"6": "SX"}, "b66676bd_79db_41b5_89ee_03736445d2ed<>relative_path": {"6": "/src/services/Big Schema Example API/default.jsx"}, "COMPONENTS<>children<>1": {"7": "ed2a11b0_a8ce_4608_9899_1e73c0765b88"}, "ed2a11b0_a8ce_4608_9899_1e73c0765b88<>name": {"7": "CreateContactInfo"}, "ed2a11b0_a8ce_4608_9899_1e73c0765b88<>parentId": {"7": "COMPONENTS"}, "ed2a11b0_a8ce_4608_9899_1e73c0765b88<>id": {"7": "ed2a11b0_a8ce_4608_9899_1e73c0765b88"}, "ed2a11b0_a8ce_4608_9899_1e73c0765b88<>tag": {"7": "COMPONENTS"}, "ed2a11b0_a8ce_4608_9899_1e73c0765b88<>type": {"7": "FILE"}, "ed2a11b0_a8ce_4608_9899_1e73c0765b88<>entityId": {"7": "3c563cba_91c6_4f3d_a7a8_a8c37a6455b1"}, "ed2a11b0_a8ce_4608_9899_1e73c0765b88<>extension": {"7": "SX"}, "ed2a11b0_a8ce_4608_9899_1e73c0765b88<>relative_path": {"7": "/src/components/CreateContactInfo.jsx"}}}