{"IMPORTS<>other": [], "IMPORTS<>components": [], "BLOCK<>type": "BLOCK", "BLOCK<>noWrap": 1, "BLOCK<>id": "6387665d_625e_423c_9edd_68365eef5961", "BLOCK<>statements<>0<>type": "CUSTOM", "BLOCK<>statements<>0<>body": "import { defineConfig } from \"vite\";\n                            import react from \"@vitejs/plugin-react\";\n\n                            export default defineConfig({\n                            plugins: [react()], //change based on framework\n                            server: { \n                                host: true,\n                                hmr: {\n                                    host: \"\"\n                                },\n                                allowedHosts: []\n                            },\n                            build: {\n                                outDir: ''\n                            }\n                            });\n                        ", "BLOCK<>statements<>0<>id": "f621c6a1_3d1b_41fb_a87c_a1fd702d150d", "EXPORTS<>default": "", "EXPORTS<>others": [], "name": "vite.config"}