{"dccbc3d6_abbe_422e_ac6d_391f658fe536<>index": "BLOCK", "dccbc3d6_abbe_422e_ac6d_391f658fe536<>type": "BLOCK", "dccbc3d6_abbe_422e_ac6d_391f658fe536<>parentBlockId": null, "dccbc3d6_abbe_422e_ac6d_391f658fe536<>parentFunctionId": null, "dccbc3d6_abbe_422e_ac6d_391f658fe536<>parent_scope": {}, "dccbc3d6_abbe_422e_ac6d_391f658fe536<>scope<>Main": "047aec68_9c53_4410_86fa_97267d1ff143", "dccbc3d6_abbe_422e_ac6d_391f658fe536<>startIndex": 31, "dccbc3d6_abbe_422e_ac6d_391f658fe536<>endIndex": 94, "047aec68_9c53_4410_86fa_97267d1ff143<>index": "BLOCK<>statements<>0", "047aec68_9c53_4410_86fa_97267d1ff143<>type": "REACT_COMPONENT", "047aec68_9c53_4410_86fa_97267d1ff143<>parentBlockId": "dccbc3d6_abbe_422e_ac6d_391f658fe536", "047aec68_9c53_4410_86fa_97267d1ff143<>name": "Main", "047aec68_9c53_4410_86fa_97267d1ff143<>returnStatements<>0<>statement_id": "e8bcf4c8_13ce_4365_b69c_29d3393af7b4", "047aec68_9c53_4410_86fa_97267d1ff143<>returnStatements<>0<>index": "BLOCK<>statements<>0<>bodyConfig<>statements<>0", "047aec68_9c53_4410_86fa_97267d1ff143<>schema<>props<>0<>name": "prop1", "047aec68_9c53_4410_86fa_97267d1ff143<>schema<>props<>0<>isRequired": false, "047aec68_9c53_4410_86fa_97267d1ff143<>schema<>props<>0<>schema<>selection": "anyOf", "047aec68_9c53_4410_86fa_97267d1ff143<>schema<>props<>0<>schema<>types<>0<>type": "ANY", "047aec68_9c53_4410_86fa_97267d1ff143<>schema<>props<>0<>defaultValue": null, "047aec68_9c53_4410_86fa_97267d1ff143<>schema<>props<>0<>description": "", "047aec68_9c53_4410_86fa_97267d1ff143<>schema<>props<>0<>id": "cc4acca6_f4c8_4633_be3d_b2b330450767", "047aec68_9c53_4410_86fa_97267d1ff143<>schema<>hasImperativeHandling": false, "047aec68_9c53_4410_86fa_97267d1ff143<>schema<>type": "REACT_FC", "047aec68_9c53_4410_86fa_97267d1ff143<>startIndex": 31, "047aec68_9c53_4410_86fa_97267d1ff143<>endIndex": 94, "cc4acca6_f4c8_4633_be3d_b2b330450767<>index": "BLOCK<>statements<>0<>propVars<>0", "cc4acca6_f4c8_4633_be3d_b2b330450767<>type": "PROP_VAR", "cc4acca6_f4c8_4633_be3d_b2b330450767<>parentBlockId": "dccbc3d6_abbe_422e_ac6d_391f658fe536", "cc4acca6_f4c8_4633_be3d_b2b330450767<>name": "prop1", "cc4acca6_f4c8_4633_be3d_b2b330450767<>schema<>selection": "anyOf", "cc4acca6_f4c8_4633_be3d_b2b330450767<>schema<>types<>0<>type": "ANY", "b561de41_0c84_426e_9e52_95cacdb96216<>index": "BLOCK<>statements<>0<>bodyConfig", "b561de41_0c84_426e_9e52_95cacdb96216<>type": "BLOCK", "b561de41_0c84_426e_9e52_95cacdb96216<>parentBlockId": "dccbc3d6_abbe_422e_ac6d_391f658fe536", "b561de41_0c84_426e_9e52_95cacdb96216<>parentFunctionId": "047aec68_9c53_4410_86fa_97267d1ff143", "b561de41_0c84_426e_9e52_95cacdb96216<>parent_scope<>Main": "047aec68_9c53_4410_86fa_97267d1ff143", "b561de41_0c84_426e_9e52_95cacdb96216<>scope<>prop1": "cc4acca6_f4c8_4633_be3d_b2b330450767", "b561de41_0c84_426e_9e52_95cacdb96216<>startIndex": 59, "b561de41_0c84_426e_9e52_95cacdb96216<>endIndex": 94, "e8bcf4c8_13ce_4365_b69c_29d3393af7b4<>index": "BLOCK<>statements<>0<>bodyConfig<>statements<>0", "e8bcf4c8_13ce_4365_b69c_29d3393af7b4<>type": "RETURN", "e8bcf4c8_13ce_4365_b69c_29d3393af7b4<>parentBlockId": "b561de41_0c84_426e_9e52_95cacdb96216", "e8bcf4c8_13ce_4365_b69c_29d3393af7b4<>startIndex": 63, "e8bcf4c8_13ce_4365_b69c_29d3393af7b4<>endIndex": 91, "2268557a_390f_4ec6_bb87_c02f2218667d<>index": "BLOCK<>statements<>0<>bodyConfig<>statements<>0<>value", "2268557a_390f_4ec6_bb87_c02f2218667d<>type": "Element", "2268557a_390f_4ec6_bb87_c02f2218667d<>parentBlockId": "b561de41_0c84_426e_9e52_95cacdb96216", "2268557a_390f_4ec6_bb87_c02f2218667d<>startIndex": 70, "2268557a_390f_4ec6_bb87_c02f2218667d<>endIndex": 91, "4a45088e_2ff9_48d6_932f_e6d3b4e587f1<>index": "BLOCK<>statements<>0<>bodyConfig<>statements<>0<>value<>children<>0", "4a45088e_2ff9_48d6_932f_e6d3b4e587f1<>type": "Element", "4a45088e_2ff9_48d6_932f_e6d3b4e587f1<>parentBlockId": "2268557a_390f_4ec6_bb87_c02f2218667d", "4a45088e_2ff9_48d6_932f_e6d3b4e587f1<>startIndex": 75, "4a45088e_2ff9_48d6_932f_e6d3b4e587f1<>endIndex": 85}