{"IMPORTS<>other<>0<>TYPE": "THIRD_PARTY", "IMPORTS<>other<>0<>from": "react", "IMPORTS<>other<>0<>import_entity": "React", "IMPORTS<>other<>0<>import_type": "SINGLE", "IMPORTS<>components": [], "EXPORTS<>default": "047aec68_9c53_4410_86fa_97267d1ff143", "EXPORTS<>others": [], "BLOCK<>type": "BLOCK", "BLOCK<>noWrap": 1, "BLOCK<>id": "dccbc3d6_abbe_422e_ac6d_391f658fe536", "BLOCK<>statements<>0<>type": "REACT_COMPONENT", "BLOCK<>statements<>0<>id": "047aec68_9c53_4410_86fa_97267d1ff143", "BLOCK<>statements<>0<>name": "Main", "BLOCK<>statements<>0<>propVars<>0<>name": "prop1", "BLOCK<>statements<>0<>propVars<>0<>isRequired": false, "BLOCK<>statements<>0<>propVars<>0<>schema<>selection": "anyOf", "BLOCK<>statements<>0<>propVars<>0<>schema<>types<>0<>type": "ANY", "BLOCK<>statements<>0<>propVars<>0<>defaultValue": null, "BLOCK<>statements<>0<>propVars<>0<>description": "", "BLOCK<>statements<>0<>propVars<>0<>id": "cc4acca6_f4c8_4633_be3d_b2b330450767", "BLOCK<>statements<>0<>bodyConfig<>type": "BLOCK", "BLOCK<>statements<>0<>bodyConfig<>statements<>0<>type": "RETURN", "BLOCK<>statements<>0<>bodyConfig<>statements<>0<>value<>type": "Element", "BLOCK<>statements<>0<>bodyConfig<>statements<>0<>value<>tagName": "div", "BLOCK<>statements<>0<>bodyConfig<>statements<>0<>value<>attributes": {}, "BLOCK<>statements<>0<>bodyConfig<>statements<>0<>value<>elementType": "html", "BLOCK<>statements<>0<>bodyConfig<>statements<>0<>value<>children<>0<>type": "Element", "BLOCK<>statements<>0<>bodyConfig<>statements<>0<>value<>children<>0<>elementType": "TEXT", "BLOCK<>statements<>0<>bodyConfig<>statements<>0<>value<>children<>0<>value": "Hello world", "BLOCK<>statements<>0<>bodyConfig<>statements<>0<>value<>children<>0<>id": "4a45088e_2ff9_48d6_932f_e6d3b4e587f1", "BLOCK<>statements<>0<>bodyConfig<>statements<>0<>value<>id": "2268557a_390f_4ec6_bb87_c02f2218667d", "BLOCK<>statements<>0<>bodyConfig<>statements<>0<>id": "e8bcf4c8_13ce_4365_b69c_29d3393af7b4", "BLOCK<>statements<>0<>bodyConfig<>id": "b561de41_0c84_426e_9e52_95cacdb96216", "BLOCK<>statements<>0<>schema<>props<>0<>name": "prop1", "BLOCK<>statements<>0<>schema<>props<>0<>isRequired": false, "BLOCK<>statements<>0<>schema<>props<>0<>schema<>selection": "anyOf", "BLOCK<>statements<>0<>schema<>props<>0<>schema<>types<>0<>type": "ANY", "BLOCK<>statements<>0<>schema<>props<>0<>defaultValue": null, "BLOCK<>statements<>0<>schema<>props<>0<>description": "", "BLOCK<>statements<>0<>schema<>props<>0<>id": "cc4acca6_f4c8_4633_be3d_b2b330450767", "BLOCK<>statements<>0<>schema<>hasImperativeHandling": false, "BLOCK<>statements<>0<>schema<>type": "REACT_FC", "name": "Main"}