{"MAIN_COMPONENT<>index": "BLOCK", "MAIN_COMPONENT<>type": "BLOCK", "MAIN_COMPONENT<>parentBlockId": null, "MAIN_COMPONENT<>parentFunctionId": null, "MAIN_COMPONENT<>parent_scope": {}, "MAIN_COMPONENT<>scope<>App": "6f417071_580c_4721_9d91_b8b8e64865b8", "MAIN_COMPONENT<>startIndex": 106, "MAIN_COMPONENT<>endIndex": 221, "6f417071_580c_4721_9d91_b8b8e64865b8<>index": "BLOCK<>statements<>0", "6f417071_580c_4721_9d91_b8b8e64865b8<>type": "REACT_COMPONENT", "6f417071_580c_4721_9d91_b8b8e64865b8<>parentBlockId": "MAIN_COMPONENT", "6f417071_580c_4721_9d91_b8b8e64865b8<>name": "App", "6f417071_580c_4721_9d91_b8b8e64865b8<>returnStatements<>0<>statement_id": "5a200c53_5e69_4dc5_b45d_080ab3e4d797", "6f417071_580c_4721_9d91_b8b8e64865b8<>returnStatements<>0<>index": "BLOCK<>statements<>0<>bodyConfig<>statements<>0", "6f417071_580c_4721_9d91_b8b8e64865b8<>schema<>props": [], "6f417071_580c_4721_9d91_b8b8e64865b8<>schema<>hasImperativeHandling": false, "6f417071_580c_4721_9d91_b8b8e64865b8<>schema<>type": "REACT_FC", "6f417071_580c_4721_9d91_b8b8e64865b8<>startIndex": 106, "6f417071_580c_4721_9d91_b8b8e64865b8<>endIndex": 221, "15fc96ec_0a7a_4b17_9ffc_8901b2f30926<>index": "BLOCK<>statements<>0<>bodyConfig", "15fc96ec_0a7a_4b17_9ffc_8901b2f30926<>type": "BLOCK", "15fc96ec_0a7a_4b17_9ffc_8901b2f30926<>parentBlockId": "MAIN_COMPONENT", "15fc96ec_0a7a_4b17_9ffc_8901b2f30926<>parentFunctionId": "6f417071_580c_4721_9d91_b8b8e64865b8", "15fc96ec_0a7a_4b17_9ffc_8901b2f30926<>parent_scope<>App": "6f417071_580c_4721_9d91_b8b8e64865b8", "15fc96ec_0a7a_4b17_9ffc_8901b2f30926<>scope": {}, "15fc96ec_0a7a_4b17_9ffc_8901b2f30926<>startIndex": 124, "15fc96ec_0a7a_4b17_9ffc_8901b2f30926<>endIndex": 221, "5a200c53_5e69_4dc5_b45d_080ab3e4d797<>index": "BLOCK<>statements<>0<>bodyConfig<>statements<>0", "5a200c53_5e69_4dc5_b45d_080ab3e4d797<>type": "RETURN", "5a200c53_5e69_4dc5_b45d_080ab3e4d797<>parentBlockId": "15fc96ec_0a7a_4b17_9ffc_8901b2f30926", "5a200c53_5e69_4dc5_b45d_080ab3e4d797<>startIndex": 128, "5a200c53_5e69_4dc5_b45d_080ab3e4d797<>endIndex": 214, "9d60d499_9a04_48a2_adda_e94aa0d439dd<>index": "BLOCK<>statements<>0<>bodyConfig<>statements<>0<>value", "9d60d499_9a04_48a2_adda_e94aa0d439dd<>type": "Element", "9d60d499_9a04_48a2_adda_e94aa0d439dd<>parentBlockId": "15fc96ec_0a7a_4b17_9ffc_8901b2f30926", "9d60d499_9a04_48a2_adda_e94aa0d439dd<>startIndex": 141, "9d60d499_9a04_48a2_adda_e94aa0d439dd<>endIndex": 214, "f1f150e5_a20f_487d_b23e_08d0c03857d2<>index": "BLOCK<>statements<>0<>bodyConfig<>statements<>0<>value<>children<>0", "f1f150e5_a20f_487d_b23e_08d0c03857d2<>type": "Element", "f1f150e5_a20f_487d_b23e_08d0c03857d2<>parentBlockId": "9d60d499_9a04_48a2_adda_e94aa0d439dd", "f1f150e5_a20f_487d_b23e_08d0c03857d2<>startIndex": 150, "f1f150e5_a20f_487d_b23e_08d0c03857d2<>endIndex": 206, "642a32e2_6478_4a1d_a59b_51bbf59e2c2a<>index": "BLOCK<>statements<>0<>bodyConfig<>statements<>0<>value<>children<>0<>children<>0", "642a32e2_6478_4a1d_a59b_51bbf59e2c2a<>type": "Element", "642a32e2_6478_4a1d_a59b_51bbf59e2c2a<>parentBlockId": "f1f150e5_a20f_487d_b23e_08d0c03857d2", "642a32e2_6478_4a1d_a59b_51bbf59e2c2a<>startIndex": 174, "642a32e2_6478_4a1d_a59b_51bbf59e2c2a<>endIndex": 183}