{"IMPORTS<>other": [], "IMPORTS<>components": [], "EXPORTS<>default": "6f417071_580c_4721_9d91_b8b8e64865b8", "EXPORTS<>others": [], "BLOCK<>type": "BLOCK", "BLOCK<>noWrap": 1, "BLOCK<>id": "MAIN_COMPONENT", "BLOCK<>statements<>0<>type": "REACT_COMPONENT", "BLOCK<>statements<>0<>id": "6f417071_580c_4721_9d91_b8b8e64865b8", "BLOCK<>statements<>0<>name": "App", "BLOCK<>statements<>0<>propVars": [], "BLOCK<>statements<>0<>bodyConfig<>type": "BLOCK", "BLOCK<>statements<>0<>bodyConfig<>statements<>0<>type": "RETURN", "BLOCK<>statements<>0<>bodyConfig<>statements<>0<>value<>type": "Element", "BLOCK<>statements<>0<>bodyConfig<>statements<>0<>value<>tagName": "fragment", "BLOCK<>statements<>0<>bodyConfig<>statements<>0<>value<>attributes": {}, "BLOCK<>statements<>0<>bodyConfig<>statements<>0<>value<>elementType": "html", "BLOCK<>statements<>0<>bodyConfig<>statements<>0<>value<>children<>0<>$ref": "THEME_PROVIDER", "BLOCK<>statements<>0<>bodyConfig<>statements<>0<>value<>children<>0<>attributes": {}, "BLOCK<>statements<>0<>bodyConfig<>statements<>0<>value<>children<>0<>children<>0<>attributes": {}, "BLOCK<>statements<>0<>bodyConfig<>statements<>0<>value<>children<>0<>children<>0<>children": [], "BLOCK<>statements<>0<>bodyConfig<>statements<>0<>value<>children<>0<>children<>0<>elementType": "OUTLET", "BLOCK<>statements<>0<>bodyConfig<>statements<>0<>value<>children<>0<>children<>0<>tagName": "Outlet", "BLOCK<>statements<>0<>bodyConfig<>statements<>0<>value<>children<>0<>children<>0<>type": "Element", "BLOCK<>statements<>0<>bodyConfig<>statements<>0<>value<>children<>0<>children<>0<>id": "642a32e2_6478_4a1d_a59b_51bbf59e2c2a", "BLOCK<>statements<>0<>bodyConfig<>statements<>0<>value<>children<>0<>elementType": "COMPONENT", "BLOCK<>statements<>0<>bodyConfig<>statements<>0<>value<>children<>0<>tagName": "ThemeProvider", "BLOCK<>statements<>0<>bodyConfig<>statements<>0<>value<>children<>0<>type": "Element", "BLOCK<>statements<>0<>bodyConfig<>statements<>0<>value<>children<>0<>id": "f1f150e5_a20f_487d_b23e_08d0c03857d2", "BLOCK<>statements<>0<>bodyConfig<>statements<>0<>value<>id": "9d60d499_9a04_48a2_adda_e94aa0d439dd", "BLOCK<>statements<>0<>bodyConfig<>statements<>0<>id": "5a200c53_5e69_4dc5_b45d_080ab3e4d797", "BLOCK<>statements<>0<>bodyConfig<>id": "15fc96ec_0a7a_4b17_9ffc_8901b2f30926", "BLOCK<>statements<>0<>schema<>props": [], "BLOCK<>statements<>0<>schema<>hasImperativeHandling": false, "BLOCK<>statements<>0<>schema<>type": "REACT_FC", "name": "App"}