{"05c06c2b_2759_4a67_a2e0_aa4db1c3624e": {"type": "FUNCTION", "isAsync": true, "parameters": [], "id": "05c06c2b_2759_4a67_a2e0_aa4db1c3624e", "operation_id": "getProfiles", "tags": "default", "request": {"method": "GET", "auth": [], "headers": [], "parameters": [], "url": {"servers": null, "baseurl": null, "host": [], "protocol": "HTTP", "port": null, "path": ["profiles"], "url_env": "319cc813_9310_4e13_b47c_bfd40f841f0c", "errors": null}, "body": [], "errors": {"root_errors": []}}, "response": [{"content_type": "JSON", "status": "S_200", "schema_name": "86a5a245_9d3d_4e40_b782_5df9287ba74f", "schema": {"type": "ARRAY", "templateInputs": [{"selection": "anyOf", "types": [{"$ref": "86a5a245_9d3d_4e40_b782_5df9287ba74f"}]}]}, "raw_content": "", "file": "", "description": "List of profiles", "token_store": null, "errors": null}], "summary": "Get all user profiles", "is_authentication_api": false, "is_open_api": true, "errors": {"root_errors": []}}}