{"name": "newproject_form_config", "author": "Ankur", "description": "", "technology": "React", "language": "JavaScript", "styling": "React Bootstrap,Tailwind,Bootstrap", "buildTool": "Vite", "layout": "default", "projectName": "NewProject_Form_Config", "currentEnvironment": "", "path": "/home/ankur/Documents/Breeze/generated_projects/newproject_form_config", "framework": "react", "configType": "config_alpha", "generatedProjectVersion": "18.3.1", "version": "v_18", "logoId": null, "componentsSrcDir": "src", "isProjectGenerated": true, "dependencies": {"react-router-dom": "*", "axios": "^1.7.9", "bootstrap": "^5.3.2", "react": "^18.3.1", "react-dom": "^18.3.1", "react-dnd": "16.0.1", "react-dnd-html5-backend": "16.0.1", "react-error-boundary": "6.0.0", "uuid": "11.1.0", "bootstrap-icons": "1.13.1", "react-bootstrap": "*", "tailwindcss": "^4.0.9", "@tailwindcss/vite": "^4.0.9"}, "defaultCompId": "79416ca4_e608_4f9f_b53e_8b28a3197f15"}