{"current_version": 1, "versions": {"1": {"key": 1, "timestamp": 1755667327.4243064}}, "deleted_keys": {}, "changes": {"9d537790_febe_4294_b72c_4074d0b6a747<>index": {"1": "BLOCK"}, "9d537790_febe_4294_b72c_4074d0b6a747<>type": {"1": "BLOCK"}, "9d537790_febe_4294_b72c_4074d0b6a747<>parentBlockId": {"1": null}, "9d537790_febe_4294_b72c_4074d0b6a747<>parentFunctionId": {"1": null}, "9d537790_febe_4294_b72c_4074d0b6a747<>parent_scope": {"1": {}}, "9d537790_febe_4294_b72c_4074d0b6a747<>scope": {"1": {}}, "9d537790_febe_4294_b72c_4074d0b6a747<>startIndex": {"1": 0}, "9d537790_febe_4294_b72c_4074d0b6a747<>endIndex": {"1": 281}, "d1756ccf_bf17_4768_a09f_5ff237b4cd20<>index": {"1": "BLOCK<>statements<>0"}, "d1756ccf_bf17_4768_a09f_5ff237b4cd20<>type": {"1": "CUSTOM"}, "d1756ccf_bf17_4768_a09f_5ff237b4cd20<>parentBlockId": {"1": "9d537790_febe_4294_b72c_4074d0b6a747"}, "d1756ccf_bf17_4768_a09f_5ff237b4cd20<>startIndex": {"1": 0}, "d1756ccf_bf17_4768_a09f_5ff237b4cd20<>endIndex": {"1": 281}}}