{"current_version": 1, "versions": {"1": {"key": 1, "timestamp": 1755667327.4257305}}, "deleted_keys": {}, "changes": {"IMPORTS<>other": {"1": []}, "IMPORTS<>components": {"1": []}, "BLOCK<>type": {"1": "BLOCK"}, "BLOCK<>noWrap": {"1": 1}, "BLOCK<>id": {"1": "9d537790_febe_4294_b72c_4074d0b6a747"}, "BLOCK<>statements<>0<>type": {"1": "CUSTOM"}, "BLOCK<>statements<>0<>body": {"1": "import { defineConfig } from \"vite\";\n                            import react from \"@vitejs/plugin-react\";\n\n                            export default defineConfig({\n                            plugins: [react()], //change based on framework\n                            server: { \n                                host: true,\n                                hmr: {\n                                    host: \"\"\n                                },\n                                allowedHosts: []\n                            },\n                            build: {\n                                outDir: ''\n                            }\n                            });\n                        "}, "BLOCK<>statements<>0<>id": {"1": "d1756ccf_bf17_4768_a09f_5ff237b4cd20"}, "EXPORTS<>default": {"1": ""}, "EXPORTS<>others": {"1": []}, "name": {"1": "vite.config"}}}