{"current_version": 1, "versions": {"1": {"key": 1, "timestamp": 1755667327.3757513}}, "deleted_keys": {}, "changes": {"MAIN_COMPONENT<>index": {"1": "BLOCK"}, "MAIN_COMPONENT<>type": {"1": "BLOCK"}, "MAIN_COMPONENT<>parentBlockId": {"1": null}, "MAIN_COMPONENT<>parentFunctionId": {"1": null}, "MAIN_COMPONENT<>parent_scope": {"1": {}}, "MAIN_COMPONENT<>scope<>App": {"1": "433aa9ec_f825_4ce1_8a7f_94f6b237d688"}, "MAIN_COMPONENT<>startIndex": {"1": 106}, "MAIN_COMPONENT<>endIndex": {"1": 221}, "433aa9ec_f825_4ce1_8a7f_94f6b237d688<>index": {"1": "BLOCK<>statements<>0"}, "433aa9ec_f825_4ce1_8a7f_94f6b237d688<>type": {"1": "REACT_COMPONENT"}, "433aa9ec_f825_4ce1_8a7f_94f6b237d688<>parentBlockId": {"1": "MAIN_COMPONENT"}, "433aa9ec_f825_4ce1_8a7f_94f6b237d688<>name": {"1": "App"}, "433aa9ec_f825_4ce1_8a7f_94f6b237d688<>returnStatements<>0<>statement_id": {"1": "4a0b5027_da1b_4ea7_9192_f0ea7b69e3aa"}, "433aa9ec_f825_4ce1_8a7f_94f6b237d688<>returnStatements<>0<>index": {"1": "BLOCK<>statements<>0<>bodyConfig<>statements<>0"}, "433aa9ec_f825_4ce1_8a7f_94f6b237d688<>schema<>props": {"1": []}, "433aa9ec_f825_4ce1_8a7f_94f6b237d688<>schema<>hasImperativeHandling": {"1": false}, "433aa9ec_f825_4ce1_8a7f_94f6b237d688<>schema<>type": {"1": "REACT_FC"}, "433aa9ec_f825_4ce1_8a7f_94f6b237d688<>startIndex": {"1": 106}, "433aa9ec_f825_4ce1_8a7f_94f6b237d688<>endIndex": {"1": 221}, "4562c89e_6bc8_4deb_87b9_c3c420dad8fa<>index": {"1": "BLOCK<>statements<>0<>bodyConfig"}, "4562c89e_6bc8_4deb_87b9_c3c420dad8fa<>type": {"1": "BLOCK"}, "4562c89e_6bc8_4deb_87b9_c3c420dad8fa<>parentBlockId": {"1": "MAIN_COMPONENT"}, "4562c89e_6bc8_4deb_87b9_c3c420dad8fa<>parentFunctionId": {"1": "433aa9ec_f825_4ce1_8a7f_94f6b237d688"}, "4562c89e_6bc8_4deb_87b9_c3c420dad8fa<>parent_scope<>App": {"1": "433aa9ec_f825_4ce1_8a7f_94f6b237d688"}, "4562c89e_6bc8_4deb_87b9_c3c420dad8fa<>scope": {"1": {}}, "4562c89e_6bc8_4deb_87b9_c3c420dad8fa<>startIndex": {"1": 124}, "4562c89e_6bc8_4deb_87b9_c3c420dad8fa<>endIndex": {"1": 221}, "4a0b5027_da1b_4ea7_9192_f0ea7b69e3aa<>index": {"1": "BLOCK<>statements<>0<>bodyConfig<>statements<>0"}, "4a0b5027_da1b_4ea7_9192_f0ea7b69e3aa<>type": {"1": "RETURN"}, "4a0b5027_da1b_4ea7_9192_f0ea7b69e3aa<>parentBlockId": {"1": "4562c89e_6bc8_4deb_87b9_c3c420dad8fa"}, "4a0b5027_da1b_4ea7_9192_f0ea7b69e3aa<>startIndex": {"1": 128}, "4a0b5027_da1b_4ea7_9192_f0ea7b69e3aa<>endIndex": {"1": 214}, "66a3b5ce_d264_48fd_a61c_999b2c24898d<>index": {"1": "BLOCK<>statements<>0<>bodyConfig<>statements<>0<>value"}, "66a3b5ce_d264_48fd_a61c_999b2c24898d<>type": {"1": "Element"}, "66a3b5ce_d264_48fd_a61c_999b2c24898d<>parentBlockId": {"1": "4562c89e_6bc8_4deb_87b9_c3c420dad8fa"}, "66a3b5ce_d264_48fd_a61c_999b2c24898d<>startIndex": {"1": 141}, "66a3b5ce_d264_48fd_a61c_999b2c24898d<>endIndex": {"1": 214}, "6386f9ef_c8fe_4475_84d7_f9a56f66db13<>index": {"1": "BLOCK<>statements<>0<>bodyConfig<>statements<>0<>value<>children<>0"}, "6386f9ef_c8fe_4475_84d7_f9a56f66db13<>type": {"1": "Element"}, "6386f9ef_c8fe_4475_84d7_f9a56f66db13<>parentBlockId": {"1": "66a3b5ce_d264_48fd_a61c_999b2c24898d"}, "6386f9ef_c8fe_4475_84d7_f9a56f66db13<>startIndex": {"1": 150}, "6386f9ef_c8fe_4475_84d7_f9a56f66db13<>endIndex": {"1": 206}, "52418321_0cff_484b_8475_d5942ce75fd2<>index": {"1": "BLOCK<>statements<>0<>bodyConfig<>statements<>0<>value<>children<>0<>children<>0"}, "52418321_0cff_484b_8475_d5942ce75fd2<>type": {"1": "Element"}, "52418321_0cff_484b_8475_d5942ce75fd2<>parentBlockId": {"1": "6386f9ef_c8fe_4475_84d7_f9a56f66db13"}, "52418321_0cff_484b_8475_d5942ce75fd2<>startIndex": {"1": 174}, "52418321_0cff_484b_8475_d5942ce75fd2<>endIndex": {"1": 183}}}