{"current_version": 1, "versions": {"1": {"key": 1, "timestamp": 1755667327.3770235}}, "deleted_keys": {}, "changes": {"IMPORTS<>other": {"1": []}, "IMPORTS<>components": {"1": []}, "EXPORTS<>default": {"1": "433aa9ec_f825_4ce1_8a7f_94f6b237d688"}, "EXPORTS<>others": {"1": []}, "BLOCK<>type": {"1": "BLOCK"}, "BLOCK<>noWrap": {"1": 1}, "BLOCK<>id": {"1": "MAIN_COMPONENT"}, "BLOCK<>statements<>0<>type": {"1": "REACT_COMPONENT"}, "BLOCK<>statements<>0<>id": {"1": "433aa9ec_f825_4ce1_8a7f_94f6b237d688"}, "BLOCK<>statements<>0<>name": {"1": "App"}, "BLOCK<>statements<>0<>propVars": {"1": []}, "BLOCK<>statements<>0<>bodyConfig<>type": {"1": "BLOCK"}, "BLOCK<>statements<>0<>bodyConfig<>statements<>0<>type": {"1": "RETURN"}, "BLOCK<>statements<>0<>bodyConfig<>statements<>0<>value<>type": {"1": "Element"}, "BLOCK<>statements<>0<>bodyConfig<>statements<>0<>value<>tagName": {"1": "fragment"}, "BLOCK<>statements<>0<>bodyConfig<>statements<>0<>value<>attributes": {"1": {}}, "BLOCK<>statements<>0<>bodyConfig<>statements<>0<>value<>elementType": {"1": "html"}, "BLOCK<>statements<>0<>bodyConfig<>statements<>0<>value<>children<>0<>$ref": {"1": "THEME_PROVIDER"}, "BLOCK<>statements<>0<>bodyConfig<>statements<>0<>value<>children<>0<>attributes": {"1": {}}, "BLOCK<>statements<>0<>bodyConfig<>statements<>0<>value<>children<>0<>children<>0<>attributes": {"1": {}}, "BLOCK<>statements<>0<>bodyConfig<>statements<>0<>value<>children<>0<>children<>0<>children": {"1": []}, "BLOCK<>statements<>0<>bodyConfig<>statements<>0<>value<>children<>0<>children<>0<>elementType": {"1": "OUTLET"}, "BLOCK<>statements<>0<>bodyConfig<>statements<>0<>value<>children<>0<>children<>0<>tagName": {"1": "Outlet"}, "BLOCK<>statements<>0<>bodyConfig<>statements<>0<>value<>children<>0<>children<>0<>type": {"1": "Element"}, "BLOCK<>statements<>0<>bodyConfig<>statements<>0<>value<>children<>0<>children<>0<>id": {"1": "52418321_0cff_484b_8475_d5942ce75fd2"}, "BLOCK<>statements<>0<>bodyConfig<>statements<>0<>value<>children<>0<>elementType": {"1": "COMPONENT"}, "BLOCK<>statements<>0<>bodyConfig<>statements<>0<>value<>children<>0<>tagName": {"1": "ThemeProvider"}, "BLOCK<>statements<>0<>bodyConfig<>statements<>0<>value<>children<>0<>type": {"1": "Element"}, "BLOCK<>statements<>0<>bodyConfig<>statements<>0<>value<>children<>0<>id": {"1": "6386f9ef_c8fe_4475_84d7_f9a56f66db13"}, "BLOCK<>statements<>0<>bodyConfig<>statements<>0<>value<>id": {"1": "66a3b5ce_d264_48fd_a61c_999b2c24898d"}, "BLOCK<>statements<>0<>bodyConfig<>statements<>0<>id": {"1": "4a0b5027_da1b_4ea7_9192_f0ea7b69e3aa"}, "BLOCK<>statements<>0<>bodyConfig<>id": {"1": "4562c89e_6bc8_4deb_87b9_c3c420dad8fa"}, "BLOCK<>statements<>0<>schema<>props": {"1": []}, "BLOCK<>statements<>0<>schema<>hasImperativeHandling": {"1": false}, "BLOCK<>statements<>0<>schema<>type": {"1": "REACT_FC"}, "name": {"1": "App"}}}