{"envVars": {"2a21ce6b_e68d_4f02_b950_43cf292185e6": "VITE_USER_AUTHENTICATION_AND_STATS_API", "026b9dd7_3859_42a6_822e_cb78d2b08199": "VITE_USER_AUTHENTICATION_AND_STATS_API", "88f1efca_f14b_41aa_9530_748c9b55d2f4": "VITE_USER_AUTHENTICATION_AND_STATS_API", "4c7f8742_734e_4108_860a_0cf15200a7ea": "VITE_AUTH___USER_MANAGEMENT_API", "86126de2_2747_4c31_8078_ea1b3adb7c51": "VITE_AUTH___USER_MANAGEMENT_API", "63ccf1fd_63ca_4c2b_86d4_7898b095df99": "VITE_AUTH_DASHBOARD_API", "79d94b6b_99e2_4464_b437_097e883d0be8": "VITE_AUTH___USER_MANAGEMENT_API"}, "environments": {"dev (default)": {"2a21ce6b_e68d_4f02_b950_43cf292185e6": "http://localhost:5000", "026b9dd7_3859_42a6_822e_cb78d2b08199": "http://localhost:5000", "88f1efca_f14b_41aa_9530_748c9b55d2f4": "http://localhost:5000", "4c7f8742_734e_4108_860a_0cf15200a7ea": "http://localhost:5000", "86126de2_2747_4c31_8078_ea1b3adb7c51": "http://localhost:5000", "63ccf1fd_63ca_4c2b_86d4_7898b095df99": "http://localhost:5000", "79d94b6b_99e2_4464_b437_097e883d0be8": "http://localhost:5000"}}}