{"26000bf0_9752_4b5c_8035_72e2267765a4": {"type": "FUNCTION", "isAsync": true, "parameters": [{"destructured": false, "schema": {"$ref": "78e4bbd3_02b3_41bd_8451_d8546470d460"}, "name": "RegisterRequest"}], "id": "26000bf0_9752_4b5c_8035_72e2267765a4", "operation_id": "createApiAuthRegister", "tags": "default", "request": {"method": "POST", "auth": [], "headers": [], "parameters": [], "url": {"servers": [{"url": "http://localhost:5000"}], "baseurl": null, "host": [], "protocol": "HTTP", "port": null, "path": ["api", "auth", "register"], "url_env": "79d94b6b_99e2_4464_b437_097e883d0be8", "errors": null}, "body": [{"content_type": "JSON", "mode": "RAW", "required": true, "schema_name": "78e4bbd3_02b3_41bd_8451_d8546470d460", "schema": {"selection": "anyOf", "types": [{"$ref": "78e4bbd3_02b3_41bd_8451_d8546470d460"}]}, "raw_content": "", "file": null, "errors": null}], "errors": {"root_errors": []}}, "response": [], "summary": "Register a new user", "is_authentication_api": false, "is_open_api": true, "errors": {"root_errors": []}}, "dad69ac3_efef_4c12_8c9a_5777b3f9f83f": {"type": "FUNCTION", "isAsync": true, "parameters": [{"destructured": false, "schema": {"$ref": "7e7ed089_e8cb_44fb_b763_ab013fd27f5b"}, "name": "LoginRequest"}], "id": "dad69ac3_efef_4c12_8c9a_5777b3f9f83f", "operation_id": "createApiAuthLogin", "tags": "default", "request": {"method": "POST", "auth": [], "headers": [], "parameters": [], "url": {"servers": [{"url": "http://localhost:5000"}], "baseurl": null, "host": [], "protocol": "HTTP", "port": null, "path": ["api", "auth", "login"], "url_env": "79d94b6b_99e2_4464_b437_097e883d0be8", "errors": null}, "body": [{"content_type": "JSON", "mode": "RAW", "required": true, "schema_name": "7e7ed089_e8cb_44fb_b763_ab013fd27f5b", "schema": {"selection": "anyOf", "types": [{"$ref": "7e7ed089_e8cb_44fb_b763_ab013fd27f5b"}]}, "raw_content": "", "file": null, "errors": null}], "errors": {"root_errors": []}}, "response": [{"content_type": "JSON", "status": "S_200", "schema_name": "91322a3b_6df5_4e3c_ae82_44266fdc40d4", "schema": {"selection": "anyOf", "types": [{"$ref": "91322a3b_6df5_4e3c_ae82_44266fdc40d4"}]}, "raw_content": "", "file": "", "description": "Login successful", "token_store": null, "errors": null}], "summary": "Login user and return JWT", "is_authentication_api": false, "is_open_api": true, "errors": {"root_errors": []}}, "66db7b76_503c_4e37_8d25_8f19bb6811d3": {"type": "FUNCTION", "isAsync": true, "parameters": [], "id": "66db7b76_503c_4e37_8d25_8f19bb6811d3", "operation_id": "getApiProfile", "tags": "default", "request": {"method": "GET", "auth": [{"type": "BEARER", "contents": [], "login_api": "402dec44_f6eb_4375_8655_d9f489f78a9a", "token_id": null, "errors": null}], "headers": [], "parameters": [], "url": {"servers": [{"url": "http://localhost:5000"}], "baseurl": null, "host": [], "protocol": "HTTP", "port": null, "path": ["api", "profile"], "url_env": "79d94b6b_99e2_4464_b437_097e883d0be8", "errors": null}, "body": [], "errors": {"root_errors": []}}, "response": [{"content_type": "JSON", "status": "S_200", "schema_name": "e59a221f_08e0_47ec_abb5_6506f7dc0cda", "schema": {"selection": "anyOf", "types": [{"$ref": "e59a221f_08e0_47ec_abb5_6506f7dc0cda"}]}, "raw_content": "", "file": "", "description": "User profile", "token_store": null, "errors": null}], "summary": "Get authenticated user's profile", "is_authentication_api": false, "is_open_api": false, "errors": {"root_errors": []}}, "354b9a5e_ab0f_4e92_8edc_eca4db3317ca": {"type": "FUNCTION", "isAsync": true, "parameters": [], "id": "354b9a5e_ab0f_4e92_8edc_eca4db3317ca", "operation_id": "getApiStats", "tags": "default", "request": {"method": "GET", "auth": [{"type": "BEARER", "contents": [], "login_api": "402dec44_f6eb_4375_8655_d9f489f78a9a", "token_id": null, "errors": null}], "headers": [], "parameters": [], "url": {"servers": [{"url": "http://localhost:5000"}], "baseurl": null, "host": [], "protocol": "HTTP", "port": null, "path": ["api", "stats"], "url_env": "79d94b6b_99e2_4464_b437_097e883d0be8", "errors": null}, "body": [], "errors": {"root_errors": []}}, "response": [{"content_type": "JSON", "status": "S_200", "schema_name": "e2baf5e8_019c_4fd0_90c5_295d8d1beea8", "schema": {"selection": "anyOf", "types": [{"$ref": "e2baf5e8_019c_4fd0_90c5_295d8d1beea8"}]}, "raw_content": "", "file": "", "description": "Stats data", "token_store": null, "errors": null}], "summary": "Get user registration statistics", "is_authentication_api": false, "is_open_api": false, "errors": {"root_errors": []}}, "e4a333f2_f54e_4fb2_aa32_e46fb7c28ef2": {"type": "FUNCTION", "isAsync": true, "parameters": [], "id": "e4a333f2_f54e_4fb2_aa32_e46fb7c28ef2", "operation_id": "getApiDashboard", "tags": "default", "request": {"method": "GET", "auth": [{"type": "BEARER", "contents": [], "login_api": "402dec44_f6eb_4375_8655_d9f489f78a9a", "token_id": null, "errors": null}], "headers": [], "parameters": [], "url": {"servers": [{"url": "http://localhost:5000"}], "baseurl": null, "host": [], "protocol": "HTTP", "port": null, "path": ["api", "dashboard"], "url_env": "79d94b6b_99e2_4464_b437_097e883d0be8", "errors": null}, "body": [], "errors": {"root_errors": []}}, "response": [], "summary": "Welcome message", "is_authentication_api": false, "is_open_api": false, "errors": {"root_errors": []}}, "f29ddd37_ca20_4f3f_891d_40aca04facb4": {"type": "FUNCTION", "isAsync": true, "parameters": [], "id": "f29ddd37_ca20_4f3f_891d_40aca04facb4", "operation_id": "getApiUsersSummary", "tags": "default", "request": {"method": "GET", "auth": [{"type": "BEARER", "contents": [], "login_api": "402dec44_f6eb_4375_8655_d9f489f78a9a", "token_id": null, "errors": null}], "headers": [], "parameters": [], "url": {"servers": [{"url": "http://localhost:5000"}], "baseurl": null, "host": [], "protocol": "HTTP", "port": null, "path": ["api", "users", "summary"], "url_env": "79d94b6b_99e2_4464_b437_097e883d0be8", "errors": null}, "body": [], "errors": {"root_errors": []}}, "response": [{"content_type": "JSON", "status": "S_200", "schema_name": "d76d9524_3745_4681_86a7_8d5e865aad5e", "schema": {"type": "ARRAY", "templateInputs": [{"selection": "anyOf", "types": [{"$ref": "d76d9524_3745_4681_86a7_8d5e865aad5e"}]}]}, "raw_content": "", "file": "", "description": "List of users", "token_store": null, "errors": null}], "summary": "Get basic user summaries", "is_authentication_api": false, "is_open_api": false, "errors": {"root_errors": []}}, "9f48bc2b_2a15_48cb_b33c_d2da00d6f08b": {"type": "FUNCTION", "isAsync": true, "parameters": [], "id": "9f48bc2b_2a15_48cb_b33c_d2da00d6f08b", "operation_id": "getApiUsersDetails", "tags": "default", "request": {"method": "GET", "auth": [{"type": "BEARER", "contents": [], "login_api": "402dec44_f6eb_4375_8655_d9f489f78a9a", "token_id": null, "errors": null}], "headers": [], "parameters": [], "url": {"servers": [{"url": "http://localhost:5000"}], "baseurl": null, "host": [], "protocol": "HTTP", "port": null, "path": ["api", "users", "details"], "url_env": "79d94b6b_99e2_4464_b437_097e883d0be8", "errors": null}, "body": [], "errors": {"root_errors": []}}, "response": [{"content_type": "JSON", "status": "S_200", "schema_name": "e59a221f_08e0_47ec_abb5_6506f7dc0cda", "schema": {"type": "ARRAY", "templateInputs": [{"selection": "anyOf", "types": [{"$ref": "e59a221f_08e0_47ec_abb5_6506f7dc0cda"}]}]}, "raw_content": "", "file": "", "description": "List of users with details", "token_store": null, "errors": null}], "summary": "Get full user details (excluding passwords)", "is_authentication_api": false, "is_open_api": false, "errors": {"root_errors": []}}, "9581391f_a849_4eb6_a3e0_2bd90a8f8632": {"type": "FUNCTION", "isAsync": true, "parameters": [{"destructured": false, "schema": {"$ref": "2b88dfbc_bfd5_44cb_b5e5_2ce8bf758d95"}, "name": "UpdateUser"}, {"name": "email", "schema": {"selection": "anyOf", "types": [{"type": "STRING"}]}}], "id": "9581391f_a849_4eb6_a3e0_2bd90a8f8632", "operation_id": "updateApiUsersByEmail", "tags": "default", "request": {"method": "PUT", "auth": [{"type": "BEARER", "contents": [], "login_api": "402dec44_f6eb_4375_8655_d9f489f78a9a", "token_id": null, "errors": null}], "headers": [], "parameters": [{"param_in": "PATH", "name": "email", "type": "STRING", "param_type": "USER_INPUT", "value": null, "storage_key": null, "required": true, "description": null, "errors": null}], "url": {"servers": [{"url": "http://localhost:5000"}], "baseurl": null, "host": [], "protocol": "HTTP", "port": null, "path": ["api", "users", "{email}"], "url_env": "79d94b6b_99e2_4464_b437_097e883d0be8", "errors": null}, "body": [{"content_type": "JSON", "mode": "RAW", "required": true, "schema_name": "2b88dfbc_bfd5_44cb_b5e5_2ce8bf758d95", "schema": {"selection": "anyOf", "types": [{"$ref": "2b88dfbc_bfd5_44cb_b5e5_2ce8bf758d95"}]}, "raw_content": "", "file": null, "errors": null}], "errors": {"root_errors": []}}, "response": [], "summary": "Update a user (Admin only)", "is_authentication_api": false, "is_open_api": false, "errors": {"root_errors": []}}, "4140a41f_48b3_4cf8_b2a7_cd50501b80e2": {"type": "FUNCTION", "isAsync": true, "parameters": [{"name": "email", "schema": {"selection": "anyOf", "types": [{"type": "STRING"}]}}], "id": "4140a41f_48b3_4cf8_b2a7_cd50501b80e2", "operation_id": "deleteApiUsersByEmail", "tags": "default", "request": {"method": "DELETE", "auth": [{"type": "BEARER", "contents": [], "login_api": "402dec44_f6eb_4375_8655_d9f489f78a9a", "token_id": null, "errors": null}], "headers": [], "parameters": [{"param_in": "PATH", "name": "email", "type": "STRING", "param_type": "USER_INPUT", "value": null, "storage_key": null, "required": true, "description": null, "errors": null}], "url": {"servers": [{"url": "http://localhost:5000"}], "baseurl": null, "host": [], "protocol": "HTTP", "port": null, "path": ["api", "users", "{email}"], "url_env": "79d94b6b_99e2_4464_b437_097e883d0be8", "errors": null}, "body": [], "errors": {"root_errors": []}}, "response": [], "summary": "Delete a user (Admin only)", "is_authentication_api": false, "is_open_api": false, "errors": {"root_errors": []}}}