{"047aec68_9c53_4410_86fa_97267d1ff143<>defaultExport": true, "047aec68_9c53_4410_86fa_97267d1ff143<>exportedAs": "Main", "047aec68_9c53_4410_86fa_97267d1ff143<>fileId": "dccbc3d6_abbe_422e_ac6d_391f658fe536", "047aec68_9c53_4410_86fa_97267d1ff143<>id": "047aec68_9c53_4410_86fa_97267d1ff143", "047aec68_9c53_4410_86fa_97267d1ff143<>schema<>hasImperativeHandling": false, "047aec68_9c53_4410_86fa_97267d1ff143<>schema<>props<>0<>defaultValue": null, "047aec68_9c53_4410_86fa_97267d1ff143<>schema<>props<>0<>description": "", "047aec68_9c53_4410_86fa_97267d1ff143<>schema<>props<>0<>id": "cc4acca6_f4c8_4633_be3d_b2b330450767", "047aec68_9c53_4410_86fa_97267d1ff143<>schema<>props<>0<>isRequired": false, "047aec68_9c53_4410_86fa_97267d1ff143<>schema<>props<>0<>name": "prop1", "047aec68_9c53_4410_86fa_97267d1ff143<>schema<>props<>0<>schema<>selection": "anyOf", "047aec68_9c53_4410_86fa_97267d1ff143<>schema<>props<>0<>schema<>types<>0<>type": "ANY", "047aec68_9c53_4410_86fa_97267d1ff143<>schema<>type": "REACT_FC", "047aec68_9c53_4410_86fa_97267d1ff143<>type": "REACT_COMPONENT", "047aec68_9c53_4410_86fa_97267d1ff143<>usedIn<>0": "ROUTE_COMPONENT", "6f417071_580c_4721_9d91_b8b8e64865b8<>defaultExport": true, "6f417071_580c_4721_9d91_b8b8e64865b8<>exportedAs": "App", "6f417071_580c_4721_9d91_b8b8e64865b8<>fileId": "MAIN_COMPONENT", "6f417071_580c_4721_9d91_b8b8e64865b8<>id": "6f417071_580c_4721_9d91_b8b8e64865b8", "6f417071_580c_4721_9d91_b8b8e64865b8<>schema<>hasImperativeHandling": false, "6f417071_580c_4721_9d91_b8b8e64865b8<>schema<>props": [], "6f417071_580c_4721_9d91_b8b8e64865b8<>schema<>type": "REACT_FC", "6f417071_580c_4721_9d91_b8b8e64865b8<>type": "REACT_COMPONENT", "6f417071_580c_4721_9d91_b8b8e64865b8<>usedIn": [], "PROJECT_ROUTER<>defaultExport": true, "PROJECT_ROUTER<>exportedAs": "router", "PROJECT_ROUTER<>fileId": "ROUTE_COMPONENT", "PROJECT_ROUTER<>id": "PROJECT_ROUTER", "PROJECT_ROUTER<>schema<>type": "ANY", "PROJECT_ROUTER<>type": "FILE", "PROJECT_ROUTER<>usedIn": [], "THEME_CSS<>defaultExport": false, "THEME_CSS<>exportedAs": "ThemeContext", "THEME_CSS<>fileId": "THEME_CSS_FILE", "THEME_CSS<>id": "THEME_CSS", "THEME_CSS<>schema<>type": "ThemeProvider", "THEME_CSS<>type": "FILE", "THEME_CSS<>usedIn": [], "THEME_HOOK<>defaultExport": false, "THEME_HOOK<>exportedAs": "useThemeContext", "THEME_HOOK<>fileId": "THEME_PROVIDER_FILE", "THEME_HOOK<>id": "THEME_HOOK", "THEME_HOOK<>schema<>isAsync": false, "THEME_HOOK<>schema<>parameters": [], "THEME_HOOK<>schema<>returnType<>id": "$ThemeContextReturn", "THEME_HOOK<>schema<>returnType<>properties<>mode<>id": "mode", "THEME_HOOK<>schema<>returnType<>properties<>mode<>name": "mode", "THEME_HOOK<>schema<>returnType<>properties<>mode<>type": "STRING", "THEME_HOOK<>schema<>returnType<>properties<>setTheme<>id": "setTheme", "THEME_HOOK<>schema<>returnType<>properties<>setTheme<>isAsync": false, "THEME_HOOK<>schema<>returnType<>properties<>setTheme<>name": "setTheme", "THEME_HOOK<>schema<>returnType<>properties<>setTheme<>parameters<>0<>name": "themeName", "THEME_HOOK<>schema<>returnType<>properties<>setTheme<>parameters<>0<>type": "STRING", "THEME_HOOK<>schema<>returnType<>properties<>setTheme<>returnType<>type": "VOID", "THEME_HOOK<>schema<>returnType<>properties<>setTheme<>type": "FUNCTION", "THEME_HOOK<>schema<>returnType<>properties<>themeName<>id": "themeName", "THEME_HOOK<>schema<>returnType<>properties<>themeName<>name": "themeName", "THEME_HOOK<>schema<>returnType<>properties<>themeName<>type": "STRING", "THEME_HOOK<>schema<>returnType<>properties<>toggleMode<>id": "toggleMode", "THEME_HOOK<>schema<>returnType<>properties<>toggleMode<>isAsync": false, "THEME_HOOK<>schema<>returnType<>properties<>toggleMode<>name": "toggleMode", "THEME_HOOK<>schema<>returnType<>properties<>toggleMode<>parameters": [], "THEME_HOOK<>schema<>returnType<>properties<>toggleMode<>returnType<>type": "VOID", "THEME_HOOK<>schema<>returnType<>properties<>toggleMode<>type": "FUNCTION", "THEME_HOOK<>schema<>returnType<>type": "OBJECT", "THEME_HOOK<>schema<>type": "FUNCTION", "THEME_HOOK<>type": "FUNCTION", "THEME_HOOK<>usedIn": [], "THEME_PROVIDER<>defaultExport": false, "THEME_PROVIDER<>exportedAs": "ThemeProvider", "THEME_PROVIDER<>fileId": "THEME_PROVIDER_FILE", "THEME_PROVIDER<>id": "THEME_PROVIDER", "THEME_PROVIDER<>schema<>type": "ThemeProvider", "THEME_PROVIDER<>tag": "PROVIDER_WRAPPER", "THEME_PROVIDER<>type": "REACT_COMPONENT", "THEME_PROVIDER<>usedIn<>0": "MAIN_COMPONENT", "STYLES_MASTER<>id": "STYLES_MASTER", "STYLES_MASTER<>fileId": "STYLES_MASTER_FILE", "STYLES_MASTER<>type": "FILE", "STYLES_MASTER<>schema<>type": "Any", "STYLES_MASTER<>exportedAs": "stylesMaster", "STYLES_MASTER<>defaultExport": false, "STYLES_MASTER<>usedIn": []}