{"current_version": 5, "versions": {"1": {"key": 1, "timestamp": 1752734524.0400233}, "2": {"key": 2, "timestamp": 1752734534.0385563}, "3": {"key": 3, "timestamp": 1752734534.3747377}, "4": {"key": 4, "timestamp": 1752734534.5570679}, "5": {"key": 5, "timestamp": 1752734534.7530773}}, "deleted_keys": {"1": ["COMPONENTS<>children"]}, "changes": {"ROOT<>parentId": {"1": null}, "ROOT<>id": {"1": "ROOT"}, "ROOT<>type": {"1": "DIRECTORY"}, "ROOT<>children<>0": {"1": "SRC"}, "ROOT<>children<>1": {"1": "PACKAGE_CONFIG"}, "ROOT<>children<>2": {"1": "EXTERNAL_COMPONENTS"}, "ROOT<>children<>3": {"1": "INDEX_HTML"}, "SRC<>name": {"1": "src"}, "SRC<>parentId": {"1": "ROOT"}, "SRC<>id": {"1": "SRC"}, "SRC<>tag": {"1": "ROOT"}, "SRC<>type": {"1": "DIRECTORY"}, "SRC<>children<>0": {"1": "STYLES"}, "SRC<>children<>1": {"1": "COMPONENTS"}, "SRC<>children<>2": {"1": "SERVICES"}, "SRC<>children<>3": {"1": "PROJECT_ROOT_FILE"}, "SRC<>children<>4": {"1": "MAIN_COMPONENT"}, "SRC<>children<>5": {"1": "ASSETS"}, "SRC<>children<>6": {"1": "ROUTE_COMPONENT"}, "SRC<>children<>7": {"1": "STORE"}, "SRC<>children<>8": {"1": "REDUX"}, "SRC<>children<>9": {"1": "CONTEXT"}, "SRC<>children<>10": {"1": "MAIN_STYLESHEET"}, "COMPONENTS<>name": {"1": "components"}, "COMPONENTS<>parentId": {"1": "SRC"}, "COMPONENTS<>id": {"1": "COMPONENTS"}, "COMPONENTS<>tag": {"1": "COMPONENTS"}, "COMPONENTS<>type": {"1": "DIRECTORY"}, "COMPONENTS<>children": {"1": []}, "STORE<>name": {"1": "store"}, "STORE<>parentId": {"1": "SRC"}, "STORE<>id": {"1": "STORE"}, "STORE<>tag": {"1": "STORE"}, "STORE<>type": {"1": "DIRECTORY"}, "STORE<>children": {"1": []}, "REDUX<>name": {"1": "redux"}, "REDUX<>parentId": {"1": "SRC"}, "REDUX<>id": {"1": "REDUX"}, "REDUX<>tag": {"1": "REDUX"}, "REDUX<>type": {"1": "DIRECTORY"}, "REDUX<>children": {"1": []}, "CONTEXT<>name": {"1": "context"}, "CONTEXT<>parentId": {"1": "SRC"}, "CONTEXT<>id": {"1": "CONTEXT"}, "CONTEXT<>tag": {"1": "CONTEXT"}, "CONTEXT<>type": {"1": "DIRECTORY"}, "CONTEXT<>children<>0": {"1": "THEME_PROVIDER_FILE"}, "THEME_PROVIDER_FILE<>name": {"1": "ThemeContext"}, "THEME_PROVIDER_FILE<>parentId": {"1": "CONTEXT"}, "THEME_PROVIDER_FILE<>id": {"1": "THEME_PROVIDER_FILE"}, "THEME_PROVIDER_FILE<>tag": {"1": "THEME_PROVIDER"}, "THEME_PROVIDER_FILE<>type": {"1": "FILE"}, "THEME_PROVIDER_FILE<>extension": {"1": "SX"}, "THEME_CSS_FILE<>name": {"1": "ThemeContext"}, "THEME_CSS_FILE<>parentId": {"1": "STYLES"}, "THEME_CSS_FILE<>id": {"1": "THEME_CSS_FILE"}, "THEME_CSS_FILE<>tag": {"1": "THEME_CSS"}, "THEME_CSS_FILE<>type": {"1": "FILE"}, "THEME_CSS_FILE<>extension": {"1": "css"}, "SERVICES<>name": {"1": "services"}, "SERVICES<>parentId": {"1": "SRC"}, "SERVICES<>id": {"1": "SERVICES"}, "SERVICES<>tag": {"1": "SERVICES"}, "SERVICES<>type": {"1": "DIRECTORY"}, "SERVICES<>children": {"1": []}, "PROJECT_ROOT_FILE<>name": {"1": "main"}, "PROJECT_ROOT_FILE<>parentId": {"1": "SRC"}, "PROJECT_ROOT_FILE<>extension": {"1": "SX"}, "PROJECT_ROOT_FILE<>id": {"1": "PROJECT_ROOT_FILE"}, "PROJECT_ROOT_FILE<>tag": {"1": "ROOT"}, "PROJECT_ROOT_FILE<>type": {"1": "FILE"}, "MAIN_STYLESHEET<>name": {"1": "index"}, "MAIN_STYLESHEET<>parentId": {"1": "SRC"}, "MAIN_STYLESHEET<>extension": {"1": "css"}, "MAIN_STYLESHEET<>id": {"1": "MAIN_STYLESHEET"}, "MAIN_STYLESHEET<>tag": {"1": "MAIN_STYLESHEET"}, "MAIN_STYLESHEET<>type": {"1": "FILE"}, "MAIN_COMPONENT<>name": {"1": "App"}, "MAIN_COMPONENT<>parentId": {"1": "SRC"}, "MAIN_COMPONENT<>extension": {"1": "SX"}, "MAIN_COMPONENT<>id": {"1": "MAIN_COMPONENT"}, "MAIN_COMPONENT<>tag": {"1": "ROOT_COMPONENT"}, "MAIN_COMPONENT<>type": {"1": "FILE"}, "ROUTE_COMPONENT<>name": {"1": "Routing"}, "ROUTE_COMPONENT<>parentId": {"1": "SRC"}, "ROUTE_COMPONENT<>extension": {"1": "SX"}, "ROUTE_COMPONENT<>id": {"1": "ROUTE_COMPONENT"}, "ROUTE_COMPONENT<>tag": {"1": "ROUTING"}, "ROUTE_COMPONENT<>type": {"1": "FILE"}, "ROUTE_COMPONENT<>wasOpen": {"1": false}, "ROUTE_COMPONENT<>isProtected": {"1": true}, "ASSETS<>name": {"1": "assets"}, "ASSETS<>parentId": {"1": "SRC"}, "ASSETS<>id": {"1": "ASSETS"}, "ASSETS<>tag": {"1": "ASSETS"}, "ASSETS<>type": {"1": "DIRECTORY"}, "ASSETS<>children<>0": {"1": "IMAGES"}, "ASSETS<>children<>1": {"1": "SVGS"}, "ASSETS<>children<>2": {"1": "FONTS"}, "IMAGES<>name": {"1": "images"}, "IMAGES<>parentId": {"1": "ASSETS"}, "IMAGES<>id": {"1": "IMAGES"}, "IMAGES<>tag": {"1": "IMAGES"}, "IMAGES<>type": {"1": "DIRECTORY"}, "IMAGES<>children": {"1": []}, "SVGS<>name": {"1": "svgs"}, "SVGS<>parentId": {"1": "ASSETS"}, "SVGS<>id": {"1": "SVGS"}, "SVGS<>tag": {"1": "SVGS"}, "SVGS<>type": {"1": "DIRECTORY"}, "SVGS<>children": {"1": []}, "FONTS<>name": {"1": "fonts"}, "FONTS<>parentId": {"1": "ASSETS"}, "FONTS<>id": {"1": "FONTS"}, "FONTS<>tag": {"1": "FONTS"}, "FONTS<>type": {"1": "DIRECTORY"}, "FONTS<>children": {"1": []}, "PACKAGE_CONFIG<>name": {"1": "package"}, "PACKAGE_CONFIG<>extension": {"1": "json"}, "PACKAGE_CONFIG<>parentId": {"1": "ROOT"}, "PACKAGE_CONFIG<>id": {"1": "PACKAGE_CONFIG"}, "PACKAGE_CONFIG<>tag": {"1": "PACKAGE_CONFIG"}, "PACKAGE_CONFIG<>type": {"1": "FILE"}, "PACKAGE_CONFIG<>isProtected": {"1": true}, "INDEX_HTML<>name": {"1": "index"}, "INDEX_HTML<>parentId": {"1": "ROOT"}, "INDEX_HTML<>extension": {"1": "html"}, "INDEX_HTML<>id": {"1": "INDEX_HTML"}, "INDEX_HTML<>tag": {"1": "INDEX_HTML"}, "INDEX_HTML<>type": {"1": "FILE"}, "STYLES<>name": {"1": "styles"}, "STYLES<>parentId": {"1": "SRC"}, "STYLES<>id": {"1": "STYLES"}, "STYLES<>tag": {"1": "STYLES"}, "STYLES<>type": {"1": "DIRECTORY"}, "STYLES<>children<>0": {"1": "THEME_CSS_FILE"}, "EXTERNAL_COMPONENTS<>name": {"1": "external_components"}, "EXTERNAL_COMPONENTS<>parentId": {"1": "ROOT"}, "EXTERNAL_COMPONENTS<>id": {"1": "EXTERNAL_COMPONENTS"}, "EXTERNAL_COMPONENTS<>children": {"1": []}, "EXTERNAL_COMPONENTS<>tag": {"1": "EXTERNAL_COMPONENTS"}, "EXTERNAL_COMPONENTS<>type": {"1": "DIRECTORY"}, "COMPONENTS<>children<>0": {"2": "dccbc3d6_abbe_422e_ac6d_391f658fe536"}, "dccbc3d6_abbe_422e_ac6d_391f658fe536<>name": {"2": "Main"}, "dccbc3d6_abbe_422e_ac6d_391f658fe536<>parentId": {"2": "COMPONENTS"}, "dccbc3d6_abbe_422e_ac6d_391f658fe536<>id": {"2": "dccbc3d6_abbe_422e_ac6d_391f658fe536"}, "dccbc3d6_abbe_422e_ac6d_391f658fe536<>tag": {"2": "COMPONENTS"}, "dccbc3d6_abbe_422e_ac6d_391f658fe536<>type": {"2": "FILE"}, "dccbc3d6_abbe_422e_ac6d_391f658fe536<>entityId": {"2": "047aec68_9c53_4410_86fa_97267d1ff143"}, "dccbc3d6_abbe_422e_ac6d_391f658fe536<>extension": {"2": "SX"}, "dccbc3d6_abbe_422e_ac6d_391f658fe536<>relative_path": {"2": "/src/components/Main.jsx"}, "MAIN_COMPONENT<>entityId": {"3": "6f417071_580c_4721_9d91_b8b8e64865b8"}, "MAIN_COMPONENT<>relative_path": {"3": "/src/App.jsx"}, "ROOT<>children<>4": {"4": "6387665d_625e_423c_9edd_68365eef5961"}, "6387665d_625e_423c_9edd_68365eef5961<>name": {"4": "vite.config"}, "6387665d_625e_423c_9edd_68365eef5961<>parentId": {"4": "ROOT"}, "6387665d_625e_423c_9edd_68365eef5961<>id": {"4": "6387665d_625e_423c_9edd_68365eef5961"}, "6387665d_625e_423c_9edd_68365eef5961<>tag": {"4": "VITE_CONFIG"}, "6387665d_625e_423c_9edd_68365eef5961<>type": {"4": "FILE"}, "6387665d_625e_423c_9edd_68365eef5961<>entityId": {"4": "04b80fbd_529b_4959_b312_4b7d9333a25b"}, "6387665d_625e_423c_9edd_68365eef5961<>extension": {"4": "js"}, "6387665d_625e_423c_9edd_68365eef5961<>relative_path": {"4": "/vite.config.js"}, "SRC<>children<>11": {"5": "STYLES_MASTER_FILE"}, "STYLES_MASTER_FILE<>name": {"5": "stylesMaster"}, "STYLES_MASTER_FILE<>parentId": {"5": "SRC"}, "STYLES_MASTER_FILE<>id": {"5": "STYLES_MASTER_FILE"}, "STYLES_MASTER_FILE<>tag": {"5": "STYLES_MASTER"}, "STYLES_MASTER_FILE<>type": {"5": "FILE"}, "STYLES_MASTER_FILE<>entityId": {"5": null}, "STYLES_MASTER_FILE<>extension": {"5": "jsx"}, "STYLES_MASTER_FILE<>relative_path": {"5": "/src/stylesMaster.jsx"}}}