{"IMPORTS<>other": [], "IMPORTS<>components": [], "BLOCK<>type": "BLOCK", "BLOCK<>noWrap": 1, "BLOCK<>id": "22b8ac0b_00ae_4b48_9fe4_fa696d953d1d", "BLOCK<>statements<>0<>type": "CUSTOM", "BLOCK<>statements<>0<>body": "import { defineConfig } from \"vite\";\n                            import react from \"@vitejs/plugin-react\";\n\n                            export default defineConfig({\n                            plugins: [react()], //change based on framework\n                            server: { \n                                host: true,\n                                hmr: {\n                                    host: \"\"\n                                },\n                                allowedHosts: []\n                            },\n                            build: {\n                                outDir: ''\n                            }\n                            });\n                        ", "BLOCK<>statements<>0<>id": "1818d76e_99e7_4314_8307_ecac22178eb0", "EXPORTS<>default": "", "EXPORTS<>others": [], "name": "vite.config"}