{"IMPORTS<>other<>0<>TYPE": "THIRD_PARTY", "IMPORTS<>other<>0<>from": "react", "IMPORTS<>other<>0<>import_entity": "React", "IMPORTS<>other<>0<>import_type": "SINGLE", "IMPORTS<>components": [], "EXPORTS<>default": "036bc8dd_72ce_424e_b479_7e2468816346", "EXPORTS<>others": [], "BLOCK<>type": "BLOCK", "BLOCK<>noWrap": 1, "BLOCK<>id": "73149b9b_9023_42ef_b56d_ea1ba4b52c03", "BLOCK<>statements<>0<>type": "REACT_COMPONENT", "BLOCK<>statements<>0<>id": "036bc8dd_72ce_424e_b479_7e2468816346", "BLOCK<>statements<>0<>name": "Main", "BLOCK<>statements<>0<>propVars<>0<>name": "prop1", "BLOCK<>statements<>0<>propVars<>0<>isRequired": false, "BLOCK<>statements<>0<>propVars<>0<>schema<>selection": "anyOf", "BLOCK<>statements<>0<>propVars<>0<>schema<>types<>0<>type": "ANY", "BLOCK<>statements<>0<>propVars<>0<>defaultValue": null, "BLOCK<>statements<>0<>propVars<>0<>description": "", "BLOCK<>statements<>0<>propVars<>0<>id": "212c7981_1739_433b_b36d_dd15c61145e7", "BLOCK<>statements<>0<>bodyConfig<>type": "BLOCK", "BLOCK<>statements<>0<>bodyConfig<>statements<>0<>type": "RETURN", "BLOCK<>statements<>0<>bodyConfig<>statements<>0<>value<>type": "Element", "BLOCK<>statements<>0<>bodyConfig<>statements<>0<>value<>tagName": "div", "BLOCK<>statements<>0<>bodyConfig<>statements<>0<>value<>attributes": {}, "BLOCK<>statements<>0<>bodyConfig<>statements<>0<>value<>elementType": "html", "BLOCK<>statements<>0<>bodyConfig<>statements<>0<>value<>children<>0<>type": "Element", "BLOCK<>statements<>0<>bodyConfig<>statements<>0<>value<>children<>0<>elementType": "TEXT", "BLOCK<>statements<>0<>bodyConfig<>statements<>0<>value<>children<>0<>value": "Hello world", "BLOCK<>statements<>0<>bodyConfig<>statements<>0<>value<>children<>0<>id": "a5477d4a_2f3f_404c_8c85_4bfde5a6d3f5", "BLOCK<>statements<>0<>bodyConfig<>statements<>0<>value<>id": "6dc453c1_7aac_4968_a67a_f0c80d3230ba", "BLOCK<>statements<>0<>bodyConfig<>statements<>0<>id": "a144e270_1fcc_4d54_9afe_9cd8f4673189", "BLOCK<>statements<>0<>bodyConfig<>id": "fcc1b2e1_9515_4f3c_926b_109cf42877cd", "BLOCK<>statements<>0<>schema<>props<>0<>name": "prop1", "BLOCK<>statements<>0<>schema<>props<>0<>isRequired": false, "BLOCK<>statements<>0<>schema<>props<>0<>schema<>selection": "anyOf", "BLOCK<>statements<>0<>schema<>props<>0<>schema<>types<>0<>type": "ANY", "BLOCK<>statements<>0<>schema<>props<>0<>defaultValue": null, "BLOCK<>statements<>0<>schema<>props<>0<>description": "", "BLOCK<>statements<>0<>schema<>props<>0<>id": "212c7981_1739_433b_b36d_dd15c61145e7", "BLOCK<>statements<>0<>schema<>hasImperativeHandling": false, "BLOCK<>statements<>0<>schema<>type": "REACT_FC", "name": "Main"}