{"IMPORTS<>other": [], "IMPORTS<>components": [], "EXPORTS<>default": "a8830374_3639_498d_8d40_d5ad6e2b2fac", "EXPORTS<>others": [], "BLOCK<>type": "BLOCK", "BLOCK<>noWrap": 1, "BLOCK<>id": "MAIN_COMPONENT", "BLOCK<>statements<>0<>type": "REACT_COMPONENT", "BLOCK<>statements<>0<>id": "a8830374_3639_498d_8d40_d5ad6e2b2fac", "BLOCK<>statements<>0<>name": "App", "BLOCK<>statements<>0<>propVars": [], "BLOCK<>statements<>0<>bodyConfig<>type": "BLOCK", "BLOCK<>statements<>0<>bodyConfig<>statements<>0<>type": "RETURN", "BLOCK<>statements<>0<>bodyConfig<>statements<>0<>value<>type": "Element", "BLOCK<>statements<>0<>bodyConfig<>statements<>0<>value<>tagName": "fragment", "BLOCK<>statements<>0<>bodyConfig<>statements<>0<>value<>attributes": {}, "BLOCK<>statements<>0<>bodyConfig<>statements<>0<>value<>elementType": "html", "BLOCK<>statements<>0<>bodyConfig<>statements<>0<>value<>children<>0<>$ref": "THEME_PROVIDER", "BLOCK<>statements<>0<>bodyConfig<>statements<>0<>value<>children<>0<>attributes": {}, "BLOCK<>statements<>0<>bodyConfig<>statements<>0<>value<>children<>0<>children<>0<>attributes": {}, "BLOCK<>statements<>0<>bodyConfig<>statements<>0<>value<>children<>0<>children<>0<>children": [], "BLOCK<>statements<>0<>bodyConfig<>statements<>0<>value<>children<>0<>children<>0<>elementType": "OUTLET", "BLOCK<>statements<>0<>bodyConfig<>statements<>0<>value<>children<>0<>children<>0<>tagName": "Outlet", "BLOCK<>statements<>0<>bodyConfig<>statements<>0<>value<>children<>0<>children<>0<>type": "Element", "BLOCK<>statements<>0<>bodyConfig<>statements<>0<>value<>children<>0<>children<>0<>id": "979433d1_b0d6_47c0_a7ba_3fb88b85cf80", "BLOCK<>statements<>0<>bodyConfig<>statements<>0<>value<>children<>0<>elementType": "COMPONENT", "BLOCK<>statements<>0<>bodyConfig<>statements<>0<>value<>children<>0<>tagName": "ThemeProvider", "BLOCK<>statements<>0<>bodyConfig<>statements<>0<>value<>children<>0<>type": "Element", "BLOCK<>statements<>0<>bodyConfig<>statements<>0<>value<>children<>0<>id": "115218de_ddb2_457c_8804_6c8f882132e7", "BLOCK<>statements<>0<>bodyConfig<>statements<>0<>value<>id": "87bd63a2_d354_421c_89e0_3d4eecec9b26", "BLOCK<>statements<>0<>bodyConfig<>statements<>0<>id": "f73ce323_434f_4dac_9c9b_1922cec645e6", "BLOCK<>statements<>0<>bodyConfig<>id": "bf30adce_81d9_432a_aa78_415d40966753", "BLOCK<>statements<>0<>schema<>props": [], "BLOCK<>statements<>0<>schema<>hasImperativeHandling": false, "BLOCK<>statements<>0<>schema<>type": "REACT_FC", "name": "App"}