{"MAIN_COMPONENT<>index": "BLOCK", "MAIN_COMPONENT<>type": "BLOCK", "MAIN_COMPONENT<>parentBlockId": null, "MAIN_COMPONENT<>parentFunctionId": null, "MAIN_COMPONENT<>parent_scope": {}, "MAIN_COMPONENT<>scope<>App": "a8830374_3639_498d_8d40_d5ad6e2b2fac", "MAIN_COMPONENT<>startIndex": 106, "MAIN_COMPONENT<>endIndex": 221, "a8830374_3639_498d_8d40_d5ad6e2b2fac<>index": "BLOCK<>statements<>0", "a8830374_3639_498d_8d40_d5ad6e2b2fac<>type": "REACT_COMPONENT", "a8830374_3639_498d_8d40_d5ad6e2b2fac<>parentBlockId": "MAIN_COMPONENT", "a8830374_3639_498d_8d40_d5ad6e2b2fac<>name": "App", "a8830374_3639_498d_8d40_d5ad6e2b2fac<>returnStatements<>0<>statement_id": "f73ce323_434f_4dac_9c9b_1922cec645e6", "a8830374_3639_498d_8d40_d5ad6e2b2fac<>returnStatements<>0<>index": "BLOCK<>statements<>0<>bodyConfig<>statements<>0", "a8830374_3639_498d_8d40_d5ad6e2b2fac<>schema<>props": [], "a8830374_3639_498d_8d40_d5ad6e2b2fac<>schema<>hasImperativeHandling": false, "a8830374_3639_498d_8d40_d5ad6e2b2fac<>schema<>type": "REACT_FC", "a8830374_3639_498d_8d40_d5ad6e2b2fac<>startIndex": 106, "a8830374_3639_498d_8d40_d5ad6e2b2fac<>endIndex": 221, "bf30adce_81d9_432a_aa78_415d40966753<>index": "BLOCK<>statements<>0<>bodyConfig", "bf30adce_81d9_432a_aa78_415d40966753<>type": "BLOCK", "bf30adce_81d9_432a_aa78_415d40966753<>parentBlockId": "MAIN_COMPONENT", "bf30adce_81d9_432a_aa78_415d40966753<>parentFunctionId": "a8830374_3639_498d_8d40_d5ad6e2b2fac", "bf30adce_81d9_432a_aa78_415d40966753<>parent_scope<>App": "a8830374_3639_498d_8d40_d5ad6e2b2fac", "bf30adce_81d9_432a_aa78_415d40966753<>scope": {}, "bf30adce_81d9_432a_aa78_415d40966753<>startIndex": 124, "bf30adce_81d9_432a_aa78_415d40966753<>endIndex": 221, "f73ce323_434f_4dac_9c9b_1922cec645e6<>index": "BLOCK<>statements<>0<>bodyConfig<>statements<>0", "f73ce323_434f_4dac_9c9b_1922cec645e6<>type": "RETURN", "f73ce323_434f_4dac_9c9b_1922cec645e6<>parentBlockId": "bf30adce_81d9_432a_aa78_415d40966753", "f73ce323_434f_4dac_9c9b_1922cec645e6<>startIndex": 128, "f73ce323_434f_4dac_9c9b_1922cec645e6<>endIndex": 214, "87bd63a2_d354_421c_89e0_3d4eecec9b26<>index": "BLOCK<>statements<>0<>bodyConfig<>statements<>0<>value", "87bd63a2_d354_421c_89e0_3d4eecec9b26<>type": "Element", "87bd63a2_d354_421c_89e0_3d4eecec9b26<>parentBlockId": "bf30adce_81d9_432a_aa78_415d40966753", "87bd63a2_d354_421c_89e0_3d4eecec9b26<>startIndex": 141, "87bd63a2_d354_421c_89e0_3d4eecec9b26<>endIndex": 214, "115218de_ddb2_457c_8804_6c8f882132e7<>index": "BLOCK<>statements<>0<>bodyConfig<>statements<>0<>value<>children<>0", "115218de_ddb2_457c_8804_6c8f882132e7<>type": "Element", "115218de_ddb2_457c_8804_6c8f882132e7<>parentBlockId": "87bd63a2_d354_421c_89e0_3d4eecec9b26", "115218de_ddb2_457c_8804_6c8f882132e7<>startIndex": 150, "115218de_ddb2_457c_8804_6c8f882132e7<>endIndex": 206, "979433d1_b0d6_47c0_a7ba_3fb88b85cf80<>index": "BLOCK<>statements<>0<>bodyConfig<>statements<>0<>value<>children<>0<>children<>0", "979433d1_b0d6_47c0_a7ba_3fb88b85cf80<>type": "Element", "979433d1_b0d6_47c0_a7ba_3fb88b85cf80<>parentBlockId": "115218de_ddb2_457c_8804_6c8f882132e7", "979433d1_b0d6_47c0_a7ba_3fb88b85cf80<>startIndex": 174, "979433d1_b0d6_47c0_a7ba_3fb88b85cf80<>endIndex": 183}