{"current_version": 1, "versions": {"1": {"key": 1, "timestamp": 1752734534.644898}}, "deleted_keys": {}, "changes": {"IMPORTS<>other": {"1": []}, "IMPORTS<>components": {"1": []}, "BLOCK<>type": {"1": "BLOCK"}, "BLOCK<>noWrap": {"1": 1}, "BLOCK<>id": {"1": "6387665d_625e_423c_9edd_68365eef5961"}, "BLOCK<>statements<>0<>type": {"1": "CUSTOM"}, "BLOCK<>statements<>0<>body": {"1": "import { defineConfig } from \"vite\";\n                            import react from \"@vitejs/plugin-react\";\n\n                            export default defineConfig({\n                            plugins: [react()], //change based on framework\n                            server: { \n                                host: true,\n                                hmr: {\n                                    host: \"\"\n                                },\n                                allowedHosts: []\n                            },\n                            build: {\n                                outDir: ''\n                            }\n                            });\n                        "}, "BLOCK<>statements<>0<>id": {"1": "f621c6a1_3d1b_41fb_a87c_a1fd702d150d"}, "EXPORTS<>default": {"1": ""}, "EXPORTS<>others": {"1": []}, "name": {"1": "vite.config"}}}