{"current_version": 1, "versions": {"1": {"key": 1, "timestamp": 1752734534.644112}}, "deleted_keys": {}, "changes": {"6387665d_625e_423c_9edd_68365eef5961<>index": {"1": "BLOCK"}, "6387665d_625e_423c_9edd_68365eef5961<>type": {"1": "BLOCK"}, "6387665d_625e_423c_9edd_68365eef5961<>parentBlockId": {"1": null}, "6387665d_625e_423c_9edd_68365eef5961<>parentFunctionId": {"1": null}, "6387665d_625e_423c_9edd_68365eef5961<>parent_scope": {"1": {}}, "6387665d_625e_423c_9edd_68365eef5961<>scope": {"1": {}}, "6387665d_625e_423c_9edd_68365eef5961<>startIndex": {"1": 0}, "6387665d_625e_423c_9edd_68365eef5961<>endIndex": {"1": 281}, "f621c6a1_3d1b_41fb_a87c_a1fd702d150d<>index": {"1": "BLOCK<>statements<>0"}, "f621c6a1_3d1b_41fb_a87c_a1fd702d150d<>type": {"1": "CUSTOM"}, "f621c6a1_3d1b_41fb_a87c_a1fd702d150d<>parentBlockId": {"1": "6387665d_625e_423c_9edd_68365eef5961"}, "f621c6a1_3d1b_41fb_a87c_a1fd702d150d<>startIndex": {"1": 0}, "f621c6a1_3d1b_41fb_a87c_a1fd702d150d<>endIndex": {"1": 281}}}