{"current_version": 1, "versions": {"1": {"key": 1, "timestamp": 1752734534.2726383}}, "deleted_keys": {}, "changes": {"dccbc3d6_abbe_422e_ac6d_391f658fe536<>index": {"1": "BLOCK"}, "dccbc3d6_abbe_422e_ac6d_391f658fe536<>type": {"1": "BLOCK"}, "dccbc3d6_abbe_422e_ac6d_391f658fe536<>parentBlockId": {"1": null}, "dccbc3d6_abbe_422e_ac6d_391f658fe536<>parentFunctionId": {"1": null}, "dccbc3d6_abbe_422e_ac6d_391f658fe536<>parent_scope": {"1": {}}, "dccbc3d6_abbe_422e_ac6d_391f658fe536<>scope<>Main": {"1": "047aec68_9c53_4410_86fa_97267d1ff143"}, "dccbc3d6_abbe_422e_ac6d_391f658fe536<>startIndex": {"1": 31}, "dccbc3d6_abbe_422e_ac6d_391f658fe536<>endIndex": {"1": 94}, "047aec68_9c53_4410_86fa_97267d1ff143<>index": {"1": "BLOCK<>statements<>0"}, "047aec68_9c53_4410_86fa_97267d1ff143<>type": {"1": "REACT_COMPONENT"}, "047aec68_9c53_4410_86fa_97267d1ff143<>parentBlockId": {"1": "dccbc3d6_abbe_422e_ac6d_391f658fe536"}, "047aec68_9c53_4410_86fa_97267d1ff143<>name": {"1": "Main"}, "047aec68_9c53_4410_86fa_97267d1ff143<>returnStatements<>0<>statement_id": {"1": "e8bcf4c8_13ce_4365_b69c_29d3393af7b4"}, "047aec68_9c53_4410_86fa_97267d1ff143<>returnStatements<>0<>index": {"1": "BLOCK<>statements<>0<>bodyConfig<>statements<>0"}, "047aec68_9c53_4410_86fa_97267d1ff143<>schema<>props<>0<>name": {"1": "prop1"}, "047aec68_9c53_4410_86fa_97267d1ff143<>schema<>props<>0<>isRequired": {"1": false}, "047aec68_9c53_4410_86fa_97267d1ff143<>schema<>props<>0<>schema<>selection": {"1": "anyOf"}, "047aec68_9c53_4410_86fa_97267d1ff143<>schema<>props<>0<>schema<>types<>0<>type": {"1": "ANY"}, "047aec68_9c53_4410_86fa_97267d1ff143<>schema<>props<>0<>defaultValue": {"1": null}, "047aec68_9c53_4410_86fa_97267d1ff143<>schema<>props<>0<>description": {"1": ""}, "047aec68_9c53_4410_86fa_97267d1ff143<>schema<>props<>0<>id": {"1": "cc4acca6_f4c8_4633_be3d_b2b330450767"}, "047aec68_9c53_4410_86fa_97267d1ff143<>schema<>hasImperativeHandling": {"1": false}, "047aec68_9c53_4410_86fa_97267d1ff143<>schema<>type": {"1": "REACT_FC"}, "047aec68_9c53_4410_86fa_97267d1ff143<>startIndex": {"1": 31}, "047aec68_9c53_4410_86fa_97267d1ff143<>endIndex": {"1": 94}, "cc4acca6_f4c8_4633_be3d_b2b330450767<>index": {"1": "BLOCK<>statements<>0<>propVars<>0"}, "cc4acca6_f4c8_4633_be3d_b2b330450767<>type": {"1": "PROP_VAR"}, "cc4acca6_f4c8_4633_be3d_b2b330450767<>parentBlockId": {"1": "dccbc3d6_abbe_422e_ac6d_391f658fe536"}, "cc4acca6_f4c8_4633_be3d_b2b330450767<>name": {"1": "prop1"}, "cc4acca6_f4c8_4633_be3d_b2b330450767<>schema<>selection": {"1": "anyOf"}, "cc4acca6_f4c8_4633_be3d_b2b330450767<>schema<>types<>0<>type": {"1": "ANY"}, "b561de41_0c84_426e_9e52_95cacdb96216<>index": {"1": "BLOCK<>statements<>0<>bodyConfig"}, "b561de41_0c84_426e_9e52_95cacdb96216<>type": {"1": "BLOCK"}, "b561de41_0c84_426e_9e52_95cacdb96216<>parentBlockId": {"1": "dccbc3d6_abbe_422e_ac6d_391f658fe536"}, "b561de41_0c84_426e_9e52_95cacdb96216<>parentFunctionId": {"1": "047aec68_9c53_4410_86fa_97267d1ff143"}, "b561de41_0c84_426e_9e52_95cacdb96216<>parent_scope<>Main": {"1": "047aec68_9c53_4410_86fa_97267d1ff143"}, "b561de41_0c84_426e_9e52_95cacdb96216<>scope<>prop1": {"1": "cc4acca6_f4c8_4633_be3d_b2b330450767"}, "b561de41_0c84_426e_9e52_95cacdb96216<>startIndex": {"1": 59}, "b561de41_0c84_426e_9e52_95cacdb96216<>endIndex": {"1": 94}, "e8bcf4c8_13ce_4365_b69c_29d3393af7b4<>index": {"1": "BLOCK<>statements<>0<>bodyConfig<>statements<>0"}, "e8bcf4c8_13ce_4365_b69c_29d3393af7b4<>type": {"1": "RETURN"}, "e8bcf4c8_13ce_4365_b69c_29d3393af7b4<>parentBlockId": {"1": "b561de41_0c84_426e_9e52_95cacdb96216"}, "e8bcf4c8_13ce_4365_b69c_29d3393af7b4<>startIndex": {"1": 63}, "e8bcf4c8_13ce_4365_b69c_29d3393af7b4<>endIndex": {"1": 91}, "2268557a_390f_4ec6_bb87_c02f2218667d<>index": {"1": "BLOCK<>statements<>0<>bodyConfig<>statements<>0<>value"}, "2268557a_390f_4ec6_bb87_c02f2218667d<>type": {"1": "Element"}, "2268557a_390f_4ec6_bb87_c02f2218667d<>parentBlockId": {"1": "b561de41_0c84_426e_9e52_95cacdb96216"}, "2268557a_390f_4ec6_bb87_c02f2218667d<>startIndex": {"1": 70}, "2268557a_390f_4ec6_bb87_c02f2218667d<>endIndex": {"1": 91}, "4a45088e_2ff9_48d6_932f_e6d3b4e587f1<>index": {"1": "BLOCK<>statements<>0<>bodyConfig<>statements<>0<>value<>children<>0"}, "4a45088e_2ff9_48d6_932f_e6d3b4e587f1<>type": {"1": "Element"}, "4a45088e_2ff9_48d6_932f_e6d3b4e587f1<>parentBlockId": {"1": "2268557a_390f_4ec6_bb87_c02f2218667d"}, "4a45088e_2ff9_48d6_932f_e6d3b4e587f1<>startIndex": {"1": 75}, "4a45088e_2ff9_48d6_932f_e6d3b4e587f1<>endIndex": {"1": 85}}}