{"current_version": 1, "versions": {"1": {"key": 1, "timestamp": 1752734534.2737272}}, "deleted_keys": {}, "changes": {"IMPORTS<>other<>0<>TYPE": {"1": "THIRD_PARTY"}, "IMPORTS<>other<>0<>from": {"1": "react"}, "IMPORTS<>other<>0<>import_entity": {"1": "React"}, "IMPORTS<>other<>0<>import_type": {"1": "SINGLE"}, "IMPORTS<>components": {"1": []}, "EXPORTS<>default": {"1": "047aec68_9c53_4410_86fa_97267d1ff143"}, "EXPORTS<>others": {"1": []}, "BLOCK<>type": {"1": "BLOCK"}, "BLOCK<>noWrap": {"1": 1}, "BLOCK<>id": {"1": "dccbc3d6_abbe_422e_ac6d_391f658fe536"}, "BLOCK<>statements<>0<>type": {"1": "REACT_COMPONENT"}, "BLOCK<>statements<>0<>id": {"1": "047aec68_9c53_4410_86fa_97267d1ff143"}, "BLOCK<>statements<>0<>name": {"1": "Main"}, "BLOCK<>statements<>0<>propVars<>0<>name": {"1": "prop1"}, "BLOCK<>statements<>0<>propVars<>0<>isRequired": {"1": false}, "BLOCK<>statements<>0<>propVars<>0<>schema<>selection": {"1": "anyOf"}, "BLOCK<>statements<>0<>propVars<>0<>schema<>types<>0<>type": {"1": "ANY"}, "BLOCK<>statements<>0<>propVars<>0<>defaultValue": {"1": null}, "BLOCK<>statements<>0<>propVars<>0<>description": {"1": ""}, "BLOCK<>statements<>0<>propVars<>0<>id": {"1": "cc4acca6_f4c8_4633_be3d_b2b330450767"}, "BLOCK<>statements<>0<>bodyConfig<>type": {"1": "BLOCK"}, "BLOCK<>statements<>0<>bodyConfig<>statements<>0<>type": {"1": "RETURN"}, "BLOCK<>statements<>0<>bodyConfig<>statements<>0<>value<>type": {"1": "Element"}, "BLOCK<>statements<>0<>bodyConfig<>statements<>0<>value<>tagName": {"1": "div"}, "BLOCK<>statements<>0<>bodyConfig<>statements<>0<>value<>attributes": {"1": {}}, "BLOCK<>statements<>0<>bodyConfig<>statements<>0<>value<>elementType": {"1": "html"}, "BLOCK<>statements<>0<>bodyConfig<>statements<>0<>value<>children<>0<>type": {"1": "Element"}, "BLOCK<>statements<>0<>bodyConfig<>statements<>0<>value<>children<>0<>elementType": {"1": "TEXT"}, "BLOCK<>statements<>0<>bodyConfig<>statements<>0<>value<>children<>0<>value": {"1": "Hello world"}, "BLOCK<>statements<>0<>bodyConfig<>statements<>0<>value<>children<>0<>id": {"1": "4a45088e_2ff9_48d6_932f_e6d3b4e587f1"}, "BLOCK<>statements<>0<>bodyConfig<>statements<>0<>value<>id": {"1": "2268557a_390f_4ec6_bb87_c02f2218667d"}, "BLOCK<>statements<>0<>bodyConfig<>statements<>0<>id": {"1": "e8bcf4c8_13ce_4365_b69c_29d3393af7b4"}, "BLOCK<>statements<>0<>bodyConfig<>id": {"1": "b561de41_0c84_426e_9e52_95cacdb96216"}, "BLOCK<>statements<>0<>schema<>props<>0<>name": {"1": "prop1"}, "BLOCK<>statements<>0<>schema<>props<>0<>isRequired": {"1": false}, "BLOCK<>statements<>0<>schema<>props<>0<>schema<>selection": {"1": "anyOf"}, "BLOCK<>statements<>0<>schema<>props<>0<>schema<>types<>0<>type": {"1": "ANY"}, "BLOCK<>statements<>0<>schema<>props<>0<>defaultValue": {"1": null}, "BLOCK<>statements<>0<>schema<>props<>0<>description": {"1": ""}, "BLOCK<>statements<>0<>schema<>props<>0<>id": {"1": "cc4acca6_f4c8_4633_be3d_b2b330450767"}, "BLOCK<>statements<>0<>schema<>hasImperativeHandling": {"1": false}, "BLOCK<>statements<>0<>schema<>type": {"1": "REACT_FC"}, "name": {"1": "Main"}}}