{"current_version": 1, "versions": {"1": {"key": 1, "timestamp": 1752734534.5446663}}, "deleted_keys": {}, "changes": {"IMPORTS<>other": {"1": []}, "IMPORTS<>components": {"1": []}, "EXPORTS<>default": {"1": "6f417071_580c_4721_9d91_b8b8e64865b8"}, "EXPORTS<>others": {"1": []}, "BLOCK<>type": {"1": "BLOCK"}, "BLOCK<>noWrap": {"1": 1}, "BLOCK<>id": {"1": "MAIN_COMPONENT"}, "BLOCK<>statements<>0<>type": {"1": "REACT_COMPONENT"}, "BLOCK<>statements<>0<>id": {"1": "6f417071_580c_4721_9d91_b8b8e64865b8"}, "BLOCK<>statements<>0<>name": {"1": "App"}, "BLOCK<>statements<>0<>propVars": {"1": []}, "BLOCK<>statements<>0<>bodyConfig<>type": {"1": "BLOCK"}, "BLOCK<>statements<>0<>bodyConfig<>statements<>0<>type": {"1": "RETURN"}, "BLOCK<>statements<>0<>bodyConfig<>statements<>0<>value<>type": {"1": "Element"}, "BLOCK<>statements<>0<>bodyConfig<>statements<>0<>value<>tagName": {"1": "fragment"}, "BLOCK<>statements<>0<>bodyConfig<>statements<>0<>value<>attributes": {"1": {}}, "BLOCK<>statements<>0<>bodyConfig<>statements<>0<>value<>elementType": {"1": "html"}, "BLOCK<>statements<>0<>bodyConfig<>statements<>0<>value<>children<>0<>$ref": {"1": "THEME_PROVIDER"}, "BLOCK<>statements<>0<>bodyConfig<>statements<>0<>value<>children<>0<>attributes": {"1": {}}, "BLOCK<>statements<>0<>bodyConfig<>statements<>0<>value<>children<>0<>children<>0<>attributes": {"1": {}}, "BLOCK<>statements<>0<>bodyConfig<>statements<>0<>value<>children<>0<>children<>0<>children": {"1": []}, "BLOCK<>statements<>0<>bodyConfig<>statements<>0<>value<>children<>0<>children<>0<>elementType": {"1": "OUTLET"}, "BLOCK<>statements<>0<>bodyConfig<>statements<>0<>value<>children<>0<>children<>0<>tagName": {"1": "Outlet"}, "BLOCK<>statements<>0<>bodyConfig<>statements<>0<>value<>children<>0<>children<>0<>type": {"1": "Element"}, "BLOCK<>statements<>0<>bodyConfig<>statements<>0<>value<>children<>0<>children<>0<>id": {"1": "642a32e2_6478_4a1d_a59b_51bbf59e2c2a"}, "BLOCK<>statements<>0<>bodyConfig<>statements<>0<>value<>children<>0<>elementType": {"1": "COMPONENT"}, "BLOCK<>statements<>0<>bodyConfig<>statements<>0<>value<>children<>0<>tagName": {"1": "ThemeProvider"}, "BLOCK<>statements<>0<>bodyConfig<>statements<>0<>value<>children<>0<>type": {"1": "Element"}, "BLOCK<>statements<>0<>bodyConfig<>statements<>0<>value<>children<>0<>id": {"1": "f1f150e5_a20f_487d_b23e_08d0c03857d2"}, "BLOCK<>statements<>0<>bodyConfig<>statements<>0<>value<>id": {"1": "9d60d499_9a04_48a2_adda_e94aa0d439dd"}, "BLOCK<>statements<>0<>bodyConfig<>statements<>0<>id": {"1": "5a200c53_5e69_4dc5_b45d_080ab3e4d797"}, "BLOCK<>statements<>0<>bodyConfig<>id": {"1": "15fc96ec_0a7a_4b17_9ffc_8901b2f30926"}, "BLOCK<>statements<>0<>schema<>props": {"1": []}, "BLOCK<>statements<>0<>schema<>hasImperativeHandling": {"1": false}, "BLOCK<>statements<>0<>schema<>type": {"1": "REACT_FC"}, "name": {"1": "App"}}}