{"current_version": 1, "versions": {"1": {"key": 1, "timestamp": 1752734534.5434616}}, "deleted_keys": {}, "changes": {"MAIN_COMPONENT<>index": {"1": "BLOCK"}, "MAIN_COMPONENT<>type": {"1": "BLOCK"}, "MAIN_COMPONENT<>parentBlockId": {"1": null}, "MAIN_COMPONENT<>parentFunctionId": {"1": null}, "MAIN_COMPONENT<>parent_scope": {"1": {}}, "MAIN_COMPONENT<>scope<>App": {"1": "6f417071_580c_4721_9d91_b8b8e64865b8"}, "MAIN_COMPONENT<>startIndex": {"1": 106}, "MAIN_COMPONENT<>endIndex": {"1": 221}, "6f417071_580c_4721_9d91_b8b8e64865b8<>index": {"1": "BLOCK<>statements<>0"}, "6f417071_580c_4721_9d91_b8b8e64865b8<>type": {"1": "REACT_COMPONENT"}, "6f417071_580c_4721_9d91_b8b8e64865b8<>parentBlockId": {"1": "MAIN_COMPONENT"}, "6f417071_580c_4721_9d91_b8b8e64865b8<>name": {"1": "App"}, "6f417071_580c_4721_9d91_b8b8e64865b8<>returnStatements<>0<>statement_id": {"1": "5a200c53_5e69_4dc5_b45d_080ab3e4d797"}, "6f417071_580c_4721_9d91_b8b8e64865b8<>returnStatements<>0<>index": {"1": "BLOCK<>statements<>0<>bodyConfig<>statements<>0"}, "6f417071_580c_4721_9d91_b8b8e64865b8<>schema<>props": {"1": []}, "6f417071_580c_4721_9d91_b8b8e64865b8<>schema<>hasImperativeHandling": {"1": false}, "6f417071_580c_4721_9d91_b8b8e64865b8<>schema<>type": {"1": "REACT_FC"}, "6f417071_580c_4721_9d91_b8b8e64865b8<>startIndex": {"1": 106}, "6f417071_580c_4721_9d91_b8b8e64865b8<>endIndex": {"1": 221}, "15fc96ec_0a7a_4b17_9ffc_8901b2f30926<>index": {"1": "BLOCK<>statements<>0<>bodyConfig"}, "15fc96ec_0a7a_4b17_9ffc_8901b2f30926<>type": {"1": "BLOCK"}, "15fc96ec_0a7a_4b17_9ffc_8901b2f30926<>parentBlockId": {"1": "MAIN_COMPONENT"}, "15fc96ec_0a7a_4b17_9ffc_8901b2f30926<>parentFunctionId": {"1": "6f417071_580c_4721_9d91_b8b8e64865b8"}, "15fc96ec_0a7a_4b17_9ffc_8901b2f30926<>parent_scope<>App": {"1": "6f417071_580c_4721_9d91_b8b8e64865b8"}, "15fc96ec_0a7a_4b17_9ffc_8901b2f30926<>scope": {"1": {}}, "15fc96ec_0a7a_4b17_9ffc_8901b2f30926<>startIndex": {"1": 124}, "15fc96ec_0a7a_4b17_9ffc_8901b2f30926<>endIndex": {"1": 221}, "5a200c53_5e69_4dc5_b45d_080ab3e4d797<>index": {"1": "BLOCK<>statements<>0<>bodyConfig<>statements<>0"}, "5a200c53_5e69_4dc5_b45d_080ab3e4d797<>type": {"1": "RETURN"}, "5a200c53_5e69_4dc5_b45d_080ab3e4d797<>parentBlockId": {"1": "15fc96ec_0a7a_4b17_9ffc_8901b2f30926"}, "5a200c53_5e69_4dc5_b45d_080ab3e4d797<>startIndex": {"1": 128}, "5a200c53_5e69_4dc5_b45d_080ab3e4d797<>endIndex": {"1": 214}, "9d60d499_9a04_48a2_adda_e94aa0d439dd<>index": {"1": "BLOCK<>statements<>0<>bodyConfig<>statements<>0<>value"}, "9d60d499_9a04_48a2_adda_e94aa0d439dd<>type": {"1": "Element"}, "9d60d499_9a04_48a2_adda_e94aa0d439dd<>parentBlockId": {"1": "15fc96ec_0a7a_4b17_9ffc_8901b2f30926"}, "9d60d499_9a04_48a2_adda_e94aa0d439dd<>startIndex": {"1": 141}, "9d60d499_9a04_48a2_adda_e94aa0d439dd<>endIndex": {"1": 214}, "f1f150e5_a20f_487d_b23e_08d0c03857d2<>index": {"1": "BLOCK<>statements<>0<>bodyConfig<>statements<>0<>value<>children<>0"}, "f1f150e5_a20f_487d_b23e_08d0c03857d2<>type": {"1": "Element"}, "f1f150e5_a20f_487d_b23e_08d0c03857d2<>parentBlockId": {"1": "9d60d499_9a04_48a2_adda_e94aa0d439dd"}, "f1f150e5_a20f_487d_b23e_08d0c03857d2<>startIndex": {"1": 150}, "f1f150e5_a20f_487d_b23e_08d0c03857d2<>endIndex": {"1": 206}, "642a32e2_6478_4a1d_a59b_51bbf59e2c2a<>index": {"1": "BLOCK<>statements<>0<>bodyConfig<>statements<>0<>value<>children<>0<>children<>0"}, "642a32e2_6478_4a1d_a59b_51bbf59e2c2a<>type": {"1": "Element"}, "642a32e2_6478_4a1d_a59b_51bbf59e2c2a<>parentBlockId": {"1": "f1f150e5_a20f_487d_b23e_08d0c03857d2"}, "642a32e2_6478_4a1d_a59b_51bbf59e2c2a<>startIndex": {"1": 174}, "642a32e2_6478_4a1d_a59b_51bbf59e2c2a<>endIndex": {"1": 183}}}