{"current_version": 13, "versions": {"1": {"key": 1, "timestamp": 1753075135.2145705}, "2": {"key": 2, "timestamp": 1753075135.7500849}, "3": {"key": 3, "timestamp": 1753075135.8457766}, "4": {"key": 4, "timestamp": 1753075135.9127114}, "5": {"key": 5, "timestamp": 1753075135.9410677}, "6": {"key": 6, "timestamp": 1753075136.0067248}, "7": {"key": 7, "timestamp": 1753075136.2315562}, "8": {"key": 8, "timestamp": 1753075136.3826532}, "9": {"key": 9, "timestamp": 1753075136.463445}, "10": {"key": 10, "timestamp": 1753075782.497778}, "11": {"key": 11, "timestamp": 1753097746.0377371}, "12": {"key": 12, "timestamp": 1753166808.829601}, "13": {"key": 13, "timestamp": 1753166808.876234}}, "deleted_keys": {"4": ["THEME_PROVIDER<>usedIn"], "6": ["6b292e23_361d_47c3_88d8_e660efdb1545<>usedIn"], "10": ["6b292e23_361d_47c3_88d8_e660efdb1545<>usedIn<>0"], "11": ["008c73fb_7b58_43b1_91b1_ea59435261be<>usedIn"]}, "changes": {"6b292e23_361d_47c3_88d8_e660efdb1545<>id": {"1": "6b292e23_361d_47c3_88d8_e660efdb1545"}, "6b292e23_361d_47c3_88d8_e660efdb1545<>fileId": {"1": "a9e504e3_25e5_48a5_95ac_23af42d5ae7a"}, "6b292e23_361d_47c3_88d8_e660efdb1545<>type": {"1": "REACT_COMPONENT"}, "6b292e23_361d_47c3_88d8_e660efdb1545<>schema<>props<>0<>name": {"1": "prop1"}, "6b292e23_361d_47c3_88d8_e660efdb1545<>schema<>props<>0<>isRequired": {"1": false}, "6b292e23_361d_47c3_88d8_e660efdb1545<>schema<>props<>0<>schema<>selection": {"1": "anyOf"}, "6b292e23_361d_47c3_88d8_e660efdb1545<>schema<>props<>0<>schema<>types<>0<>type": {"1": "ANY"}, "6b292e23_361d_47c3_88d8_e660efdb1545<>schema<>props<>0<>defaultValue": {"1": null}, "6b292e23_361d_47c3_88d8_e660efdb1545<>schema<>props<>0<>description": {"1": ""}, "6b292e23_361d_47c3_88d8_e660efdb1545<>schema<>props<>0<>id": {"1": "b3ddcabf_888f_45a3_82d3_3ce57403866a"}, "6b292e23_361d_47c3_88d8_e660efdb1545<>schema<>hasImperativeHandling": {"1": false}, "6b292e23_361d_47c3_88d8_e660efdb1545<>schema<>type": {"1": "REACT_FC"}, "6b292e23_361d_47c3_88d8_e660efdb1545<>exportedAs": {"1": "Main"}, "6b292e23_361d_47c3_88d8_e660efdb1545<>defaultExport": {"1": true}, "6b292e23_361d_47c3_88d8_e660efdb1545<>usedIn": {"1": [], "11": []}, "THEME_PROVIDER<>id": {"2": "THEME_PROVIDER"}, "THEME_PROVIDER<>fileId": {"2": "THEME_PROVIDER_FILE"}, "THEME_PROVIDER<>type": {"2": "REACT_COMPONENT"}, "THEME_PROVIDER<>schema<>type": {"2": "ThemeProvider"}, "THEME_PROVIDER<>exportedAs": {"2": "ThemeProvider"}, "THEME_PROVIDER<>defaultExport": {"2": false}, "THEME_PROVIDER<>usedIn": {"2": []}, "THEME_PROVIDER<>tag": {"2": "PROVIDER_WRAPPER"}, "THEME_HOOK<>id": {"3": "THEME_HOOK"}, "THEME_HOOK<>fileId": {"3": "THEME_PROVIDER_FILE"}, "THEME_HOOK<>type": {"3": "FUNCTION"}, "THEME_HOOK<>schema<>isAsync": {"3": false}, "THEME_HOOK<>schema<>parameters": {"3": []}, "THEME_HOOK<>schema<>returnType<>id": {"3": "$ThemeContextReturn"}, "THEME_HOOK<>schema<>returnType<>type": {"3": "OBJECT"}, "THEME_HOOK<>schema<>returnType<>properties<>themeName<>id": {"3": "themeName"}, "THEME_HOOK<>schema<>returnType<>properties<>themeName<>name": {"3": "themeName"}, "THEME_HOOK<>schema<>returnType<>properties<>themeName<>type": {"3": "STRING"}, "THEME_HOOK<>schema<>returnType<>properties<>mode<>id": {"3": "mode"}, "THEME_HOOK<>schema<>returnType<>properties<>mode<>name": {"3": "mode"}, "THEME_HOOK<>schema<>returnType<>properties<>mode<>type": {"3": "STRING"}, "THEME_HOOK<>schema<>returnType<>properties<>setTheme<>id": {"3": "setTheme"}, "THEME_HOOK<>schema<>returnType<>properties<>setTheme<>name": {"3": "setTheme"}, "THEME_HOOK<>schema<>returnType<>properties<>setTheme<>type": {"3": "FUNCTION"}, "THEME_HOOK<>schema<>returnType<>properties<>setTheme<>parameters<>0<>name": {"3": "themeName"}, "THEME_HOOK<>schema<>returnType<>properties<>setTheme<>parameters<>0<>type": {"3": "STRING"}, "THEME_HOOK<>schema<>returnType<>properties<>setTheme<>isAsync": {"3": false}, "THEME_HOOK<>schema<>returnType<>properties<>setTheme<>returnType<>type": {"3": "VOID"}, "THEME_HOOK<>schema<>returnType<>properties<>toggleMode<>id": {"3": "toggleMode"}, "THEME_HOOK<>schema<>returnType<>properties<>toggleMode<>name": {"3": "toggleMode"}, "THEME_HOOK<>schema<>returnType<>properties<>toggleMode<>type": {"3": "FUNCTION"}, "THEME_HOOK<>schema<>returnType<>properties<>toggleMode<>parameters": {"3": []}, "THEME_HOOK<>schema<>returnType<>properties<>toggleMode<>isAsync": {"3": false}, "THEME_HOOK<>schema<>returnType<>properties<>toggleMode<>returnType<>type": {"3": "VOID"}, "THEME_HOOK<>schema<>type": {"3": "FUNCTION"}, "THEME_HOOK<>exportedAs": {"3": "useThemeContext"}, "THEME_HOOK<>defaultExport": {"3": false}, "THEME_HOOK<>usedIn": {"3": []}, "THEME_CSS<>id": {"4": "THEME_CSS"}, "THEME_CSS<>fileId": {"4": "THEME_CSS_FILE"}, "THEME_CSS<>type": {"4": "FILE"}, "THEME_CSS<>schema<>type": {"4": "ThemeProvider"}, "THEME_CSS<>exportedAs": {"4": "ThemeContext"}, "THEME_CSS<>defaultExport": {"4": false}, "THEME_CSS<>usedIn": {"4": []}, "THEME_PROVIDER<>usedIn<>0": {"5": "MAIN_COMPONENT"}, "16c10f7f_c150_4ef7_b53a_c99a232410c8<>id": {"6": "16c10f7f_c150_4ef7_b53a_c99a232410c8"}, "16c10f7f_c150_4ef7_b53a_c99a232410c8<>fileId": {"6": "MAIN_COMPONENT"}, "16c10f7f_c150_4ef7_b53a_c99a232410c8<>type": {"6": "REACT_COMPONENT"}, "16c10f7f_c150_4ef7_b53a_c99a232410c8<>schema<>props": {"6": []}, "16c10f7f_c150_4ef7_b53a_c99a232410c8<>schema<>hasImperativeHandling": {"6": false}, "16c10f7f_c150_4ef7_b53a_c99a232410c8<>schema<>type": {"6": "REACT_FC"}, "16c10f7f_c150_4ef7_b53a_c99a232410c8<>exportedAs": {"6": "App"}, "16c10f7f_c150_4ef7_b53a_c99a232410c8<>defaultExport": {"6": true}, "16c10f7f_c150_4ef7_b53a_c99a232410c8<>usedIn": {"6": []}, "6b292e23_361d_47c3_88d8_e660efdb1545<>usedIn<>0": {"7": "ROUTE_COMPONENT"}, "PROJECT_ROUTER<>id": {"8": "PROJECT_ROUTER"}, "PROJECT_ROUTER<>fileId": {"8": "ROUTE_COMPONENT"}, "PROJECT_ROUTER<>type": {"8": "FILE"}, "PROJECT_ROUTER<>schema<>type": {"8": "ANY"}, "PROJECT_ROUTER<>exportedAs": {"8": "router"}, "PROJECT_ROUTER<>defaultExport": {"8": true}, "PROJECT_ROUTER<>usedIn": {"8": []}, "STYLES_MASTER<>id": {"9": "STYLES_MASTER"}, "STYLES_MASTER<>fileId": {"9": "STYLES_MASTER_FILE"}, "STYLES_MASTER<>type": {"9": "FILE"}, "STYLES_MASTER<>schema<>type": {"9": "Any"}, "STYLES_MASTER<>exportedAs": {"9": "stylesMaster"}, "STYLES_MASTER<>defaultExport": {"9": false}, "STYLES_MASTER<>usedIn": {"9": []}, "008c73fb_7b58_43b1_91b1_ea59435261be<>id": {"10": "008c73fb_7b58_43b1_91b1_ea59435261be"}, "008c73fb_7b58_43b1_91b1_ea59435261be<>fileId": {"10": "b66676bd_79db_41b5_89ee_03736445d2ed"}, "008c73fb_7b58_43b1_91b1_ea59435261be<>type": {"10": "SERVICE"}, "008c73fb_7b58_43b1_91b1_ea59435261be<>schema<>type": {"10": "FUNCTION"}, "008c73fb_7b58_43b1_91b1_ea59435261be<>schema<>isAsync": {"10": true}, "008c73fb_7b58_43b1_91b1_ea59435261be<>schema<>parameters": {"10": []}, "008c73fb_7b58_43b1_91b1_ea59435261be<>schema<>returnType<>type": {"10": "ARRAY"}, "008c73fb_7b58_43b1_91b1_ea59435261be<>schema<>returnType<>templateInputs<>0<>selection": {"10": "anyOf"}, "008c73fb_7b58_43b1_91b1_ea59435261be<>schema<>returnType<>templateInputs<>0<>types<>0<>$ref": {"10": "374d8a71_579c_4425_a903_98dc97233047"}, "008c73fb_7b58_43b1_91b1_ea59435261be<>exportedAs": {"10": "getProfiles"}, "008c73fb_7b58_43b1_91b1_ea59435261be<>defaultExport": {"10": false}, "008c73fb_7b58_43b1_91b1_ea59435261be<>usedIn": {"10": []}, "008c73fb_7b58_43b1_91b1_ea59435261be<>usedIn<>0": {"12": "ed2a11b0_a8ce_4608_9899_1e73c0765b88"}, "3c563cba_91c6_4f3d_a7a8_a8c37a6455b1<>id": {"13": "3c563cba_91c6_4f3d_a7a8_a8c37a6455b1"}, "3c563cba_91c6_4f3d_a7a8_a8c37a6455b1<>fileId": {"13": "ed2a11b0_a8ce_4608_9899_1e73c0765b88"}, "3c563cba_91c6_4f3d_a7a8_a8c37a6455b1<>type": {"13": "REACT_COMPONENT"}, "3c563cba_91c6_4f3d_a7a8_a8c37a6455b1<>schema<>props": {"13": []}, "3c563cba_91c6_4f3d_a7a8_a8c37a6455b1<>schema<>hasImperativeHandling": {"13": false}, "3c563cba_91c6_4f3d_a7a8_a8c37a6455b1<>schema<>type": {"13": "REACT_FC"}, "3c563cba_91c6_4f3d_a7a8_a8c37a6455b1<>exportedAs": {"13": "Createcontactinfo"}, "3c563cba_91c6_4f3d_a7a8_a8c37a6455b1<>defaultExport": {"13": true}, "3c563cba_91c6_4f3d_a7a8_a8c37a6455b1<>usedIn": {"13": []}}}