{"f07b5a31_6938_4f41_acef_6edf18871f41": {"type": "OBJECT", "properties": {"cc28b956_603f_4569_9c3e_c5578370764f": {"selection": "anyOf", "types": [{"type": "STRING", "format": "uuid", "example": "550e8400-e29b-41d4-a716-446655440000"}], "name": "id", "id": "cc28b956_603f_4569_9c3e_c5578370764f"}, "2273ec05_42ed_45ba_8785_23cbc9a358c1": {"selection": "anyOf", "types": [{"type": "STRING", "example": "Thakur Sahab"}], "name": "name", "id": "2273ec05_42ed_45ba_8785_23cbc9a358c1"}, "3237dba2_aea1_4cb6_8359_c3a9b2f7586e": {"selection": "anyOf", "types": [{"type": "NUMERIC", "minimum": 18, "maximum": 100}], "name": "age", "id": "3237dba2_aea1_4cb6_8359_c3a9b2f7586e"}, "2690e971_912b_4b26_864f_438a8eb56138": {"selection": "anyOf", "types": [{"type": "BOOLEAN"}], "name": "isActive", "id": "2690e971_912b_4b26_864f_438a8eb56138"}, "8b395138_ff52_4905_bdd5_42fb95934161": {"selection": "anyOf", "types": [{"$ref": "e4f6e22f_6188_4b84_ae09_03fa4154eb37"}], "name": "contact", "id": "8b395138_ff52_4905_bdd5_42fb95934161"}, "2c3d6937_7da8_469f_9224_d83502b908df": {"selection": "anyOf", "types": [{"$ref": "ca91f7a0_3af0_4915_a4fa_2dbb9d175103"}], "name": "preferences", "id": "2c3d6937_7da8_469f_9224_d83502b908df"}, "92edda22_0d08_41aa_a8cb_44d7f906cdf1": {"selection": "anyOf", "types": [{"$ref": "ecfa8523_1062_40f3_ac38_f9b0a49d8687"}], "name": "account", "id": "92edda22_0d08_41aa_a8cb_44d7f906cdf1"}, "13a3aafc_b070_490a_ad4e_0d35fb4d66d3": {"type": "ARRAY", "templateInputs": [{"selection": "anyOf", "types": [{"type": "STRING"}]}], "name": "tags", "id": "13a3aafc_b070_490a_ad4e_0d35fb4d66d3"}, "1f8dfcd6_b5be_4900_b81e_652df6255b14": {"type": "ARRAY", "templateInputs": [{"selection": "anyOf", "types": [{"$ref": "26cba5fe_8470_473b_90e6_540ff16aca03"}]}], "name": "history", "id": "1f8dfcd6_b5be_4900_b81e_652df6255b14"}}, "required": ["id", "name", "contact", "preferences", "account"], "schemaType": "modals", "id": "f07b5a31_6938_4f41_acef_6edf18871f41", "name": "UserProfile"}, "e4f6e22f_6188_4b84_ae09_03fa4154eb37": {"type": "OBJECT", "properties": {"557ecfb3_fda1_4bd9_bad6_96bfa26769c9": {"selection": "anyOf", "types": [{"type": "STRING", "format": "email"}], "name": "email", "id": "557ecfb3_fda1_4bd9_bad6_96bfa26769c9"}, "ddc5c930_026e_42df_b011_1fd16bdf5361": {"selection": "anyOf", "types": [{"type": "STRING", "pattern": "^[0-9]{10}$"}], "name": "phone", "id": "ddc5c930_026e_42df_b011_1fd16bdf5361"}, "ddc4abe9_0b25_45ae_bc43_e30cf7f09569": {"selection": "anyOf", "types": [{"$ref": "be26045b_c1df_4ffe_b5aa_f7df9ab9bd78"}], "name": "address", "id": "ddc4abe9_0b25_45ae_bc43_e30cf7f09569"}}, "required": ["email"], "schemaType": "modals", "id": "e4f6e22f_6188_4b84_ae09_03fa4154eb37", "name": "ContactInfo"}, "be26045b_c1df_4ffe_b5aa_f7df9ab9bd78": {"type": "OBJECT", "properties": {"576fee92_7879_4f82_9960_a816ee10a8d7": {"selection": "anyOf", "types": [{"type": "STRING"}], "name": "line1", "id": "576fee92_7879_4f82_9960_a816ee10a8d7"}, "fbcadec8_a7e3_42f5_bc76_5db885f3155e": {"selection": "anyOf", "types": [{"type": "STRING"}], "name": "line2", "id": "fbcadec8_a7e3_42f5_bc76_5db885f3155e"}, "5393230f_a813_496b_b34b_1292406557a1": {"selection": "anyOf", "types": [{"type": "STRING"}], "name": "city", "id": "5393230f_a813_496b_b34b_1292406557a1"}, "aef544bf_9925_4729_b24d_d566bd7e348b": {"selection": "anyOf", "types": [{"type": "STRING"}], "name": "state", "id": "aef544bf_9925_4729_b24d_d566bd7e348b"}, "b5f980d5_e9d1_43a2_afe4_b9dbf723a186": {"selection": "anyOf", "types": [{"type": "STRING"}], "name": "zip", "id": "b5f980d5_e9d1_43a2_afe4_b9dbf723a186"}, "45356537_0921_48a6_a88a_bbfc53f7fdd4": {"selection": "anyOf", "types": [{"type": "STRING", "example": "India"}], "name": "country", "id": "45356537_0921_48a6_a88a_bbfc53f7fdd4"}, "5d5ba410_0d3b_4887_ae4e_8774602c3110": {"selection": "anyOf", "types": [{"$ref": "33445a0a_4e6e_40af_8212_672f2195d1c2"}], "name": "coordinates", "id": "5d5ba410_0d3b_4887_ae4e_8774602c3110"}}, "required": [], "schemaType": "modals", "id": "be26045b_c1df_4ffe_b5aa_f7df9ab9bd78", "name": "Address"}, "33445a0a_4e6e_40af_8212_672f2195d1c2": {"type": "OBJECT", "properties": {"aec4c4c0_05f9_4395_9ef1_67a67f092410": {"selection": "anyOf", "types": [{"type": "NUMERIC", "format": "float"}], "name": "lat", "id": "aec4c4c0_05f9_4395_9ef1_67a67f092410"}, "b7653fb2_7a1a_4c1f_801d_7c8bb7f4cc55": {"selection": "anyOf", "types": [{"type": "NUMERIC", "format": "float"}], "name": "lng", "id": "b7653fb2_7a1a_4c1f_801d_7c8bb7f4cc55"}}, "required": [], "schemaType": "modals", "id": "33445a0a_4e6e_40af_8212_672f2195d1c2", "name": "GeoCoordinates"}, "ca91f7a0_3af0_4915_a4fa_2dbb9d175103": {"type": "OBJECT", "properties": {"23c372ec_b46c_481c_bf90_919b360fac9c": {"selection": "anyOf", "types": [{"type": "STRING", "enum": ["light", "dark"]}], "name": "theme", "id": "23c372ec_b46c_481c_bf90_919b360fac9c"}, "f3fa5276_4f08_4926_9950_d74bd5d4b53f": {"selection": "anyOf", "types": [{"type": "STRING", "enum": ["en", "hi", "fr"]}], "name": "language", "id": "f3fa5276_4f08_4926_9950_d74bd5d4b53f"}, "e823e2b8_eca3_4113_a5e0_98b3381aa78c": {"selection": "anyOf", "types": [{"type": "OBJECT", "properties": {"email": {"selection": "anyOf", "types": [{"type": "BOOLEAN"}]}, "sms": {"selection": "anyOf", "types": [{"type": "BOOLEAN"}]}, "push": {"selection": "anyOf", "types": [{"type": "BOOLEAN"}]}}, "required": [], "id": "ca91f7a0_3af0_4915_a4fa_2dbb9d175103"}], "name": "notifications", "id": "e823e2b8_eca3_4113_a5e0_98b3381aa78c", "isUnresolved": true}}, "required": [], "schemaType": "modals", "id": "ca91f7a0_3af0_4915_a4fa_2dbb9d175103", "name": "UserPreferences", "isUnresolved": true}, "ecfa8523_1062_40f3_ac38_f9b0a49d8687": {"type": "OBJECT", "properties": {"37733bef_461a_474d_9e60_01865fe27143": {"selection": "anyOf", "types": [{"type": "STRING"}], "name": "username", "id": "37733bef_461a_474d_9e60_01865fe27143"}, "9df5c612_c2b2_47df_8989_241959f95eb1": {"selection": "anyOf", "types": [{"type": "STRING", "format": "date-time"}], "name": "createdAt", "id": "9df5c612_c2b2_47df_8989_241959f95eb1"}, "f3df84cd_d028_4dbb_87f8_5768c649a260": {"type": "ARRAY", "templateInputs": [{"selection": "anyOf", "types": [{"type": "STRING", "enum": ["admin", "user", "moderator"]}]}], "name": "roles", "id": "f3df84cd_d028_4dbb_87f8_5768c649a260"}}, "required": [], "schemaType": "modals", "id": "ecfa8523_1062_40f3_ac38_f9b0a49d8687", "name": "AccountDetails"}, "26cba5fe_8470_473b_90e6_540ff16aca03": {"type": "OBJECT", "properties": {"414d27a7_c1e4_4a89_8f53_233384ca2a1d": {"selection": "anyOf", "types": [{"type": "STRING"}], "name": "action", "id": "414d27a7_c1e4_4a89_8f53_233384ca2a1d"}, "1f344486_6b7a_4a1b_80fc_034436c8501d": {"selection": "anyOf", "types": [{"type": "STRING", "format": "date-time"}], "name": "timestamp", "id": "1f344486_6b7a_4a1b_80fc_034436c8501d"}, "ad5becd2_98d3_4022_ac22_19af9b60a3c9": {"selection": "anyOf", "types": [{"type": "OBJECT", "properties": {}, "additionalProperties": {"selection": "anyOf", "types": [{"type": "STRING"}]}, "id": "26cba5fe_8470_473b_90e6_540ff16aca03"}], "name": "metadata", "id": "ad5becd2_98d3_4022_ac22_19af9b60a3c9", "isUnresolved": true}}, "required": [], "schemaType": "modals", "id": "26cba5fe_8470_473b_90e6_540ff16aca03", "name": "ActionLog", "isUnresolved": true}}