{"current_version": 6, "versions": {"1": {"key": 1, "timestamp": 1752057527.51618}, "2": {"key": 2, "timestamp": 1752057546.997505}, "3": {"key": 3, "timestamp": 1752057547.1381233}, "4": {"key": 4, "timestamp": 1752057547.2527986}, "5": {"key": 5, "timestamp": 1752057628.3247519}, "6": {"key": 6, "timestamp": 1752844769.4579275}}, "deleted_keys": {"1": ["COMPONENTS<>children"], "4": ["SERVICES<>children"], "5": ["COMPONENTS<>children"]}, "changes": {"ROOT<>parentId": {"1": null}, "ROOT<>id": {"1": "ROOT"}, "ROOT<>type": {"1": "DIRECTORY"}, "ROOT<>children<>0": {"1": "SRC"}, "ROOT<>children<>1": {"1": "PACKAGE_CONFIG"}, "ROOT<>children<>2": {"1": "EXTERNAL_COMPONENTS"}, "ROOT<>children<>3": {"1": "INDEX_HTML"}, "SRC<>name": {"1": "src"}, "SRC<>parentId": {"1": "ROOT"}, "SRC<>id": {"1": "SRC"}, "SRC<>tag": {"1": "ROOT"}, "SRC<>type": {"1": "DIRECTORY"}, "SRC<>children<>0": {"1": "STYLES"}, "SRC<>children<>1": {"1": "COMPONENTS"}, "SRC<>children<>2": {"1": "SERVICES"}, "SRC<>children<>3": {"1": "PROJECT_ROOT_FILE"}, "SRC<>children<>4": {"1": "MAIN_COMPONENT"}, "SRC<>children<>5": {"1": "ASSETS"}, "SRC<>children<>6": {"1": "ROUTE_COMPONENT"}, "SRC<>children<>7": {"1": "STORE"}, "SRC<>children<>8": {"1": "REDUX"}, "SRC<>children<>9": {"1": "CONTEXT"}, "SRC<>children<>10": {"1": "MAIN_STYLESHEET"}, "COMPONENTS<>name": {"1": "components"}, "COMPONENTS<>parentId": {"1": "SRC"}, "COMPONENTS<>id": {"1": "COMPONENTS"}, "COMPONENTS<>tag": {"1": "COMPONENTS"}, "COMPONENTS<>type": {"1": "DIRECTORY"}, "COMPONENTS<>children": {"1": []}, "STORE<>name": {"1": "store"}, "STORE<>parentId": {"1": "SRC"}, "STORE<>id": {"1": "STORE"}, "STORE<>tag": {"1": "STORE"}, "STORE<>type": {"1": "DIRECTORY"}, "STORE<>children": {"1": []}, "REDUX<>name": {"1": "redux"}, "REDUX<>parentId": {"1": "SRC"}, "REDUX<>id": {"1": "REDUX"}, "REDUX<>tag": {"1": "REDUX"}, "REDUX<>type": {"1": "DIRECTORY"}, "REDUX<>children": {"1": []}, "CONTEXT<>name": {"1": "context"}, "CONTEXT<>parentId": {"1": "SRC"}, "CONTEXT<>id": {"1": "CONTEXT"}, "CONTEXT<>tag": {"1": "CONTEXT"}, "CONTEXT<>type": {"1": "DIRECTORY"}, "CONTEXT<>children<>0": {"1": "THEME_PROVIDER_FILE"}, "THEME_PROVIDER_FILE<>name": {"1": "ThemeContext"}, "THEME_PROVIDER_FILE<>parentId": {"1": "CONTEXT"}, "THEME_PROVIDER_FILE<>id": {"1": "THEME_PROVIDER_FILE"}, "THEME_PROVIDER_FILE<>tag": {"1": "THEME_PROVIDER"}, "THEME_PROVIDER_FILE<>type": {"1": "FILE"}, "THEME_PROVIDER_FILE<>extension": {"1": "SX"}, "THEME_CSS_FILE<>name": {"1": "ThemeContext"}, "THEME_CSS_FILE<>parentId": {"1": "STYLES"}, "THEME_CSS_FILE<>id": {"1": "THEME_CSS_FILE"}, "THEME_CSS_FILE<>tag": {"1": "THEME_CSS"}, "THEME_CSS_FILE<>type": {"1": "FILE"}, "THEME_CSS_FILE<>extension": {"1": "css"}, "SERVICES<>name": {"1": "services"}, "SERVICES<>parentId": {"1": "SRC"}, "SERVICES<>id": {"1": "SERVICES"}, "SERVICES<>tag": {"1": "SERVICES"}, "SERVICES<>type": {"1": "DIRECTORY"}, "SERVICES<>children": {"1": []}, "PROJECT_ROOT_FILE<>name": {"1": "main"}, "PROJECT_ROOT_FILE<>parentId": {"1": "SRC"}, "PROJECT_ROOT_FILE<>extension": {"1": "SX"}, "PROJECT_ROOT_FILE<>id": {"1": "PROJECT_ROOT_FILE"}, "PROJECT_ROOT_FILE<>tag": {"1": "ROOT"}, "PROJECT_ROOT_FILE<>type": {"1": "FILE"}, "MAIN_STYLESHEET<>name": {"1": "index"}, "MAIN_STYLESHEET<>parentId": {"1": "SRC"}, "MAIN_STYLESHEET<>extension": {"1": "css"}, "MAIN_STYLESHEET<>id": {"1": "MAIN_STYLESHEET"}, "MAIN_STYLESHEET<>tag": {"1": "MAIN_STYLESHEET"}, "MAIN_STYLESHEET<>type": {"1": "FILE"}, "MAIN_COMPONENT<>name": {"1": "App"}, "MAIN_COMPONENT<>parentId": {"1": "SRC"}, "MAIN_COMPONENT<>extension": {"1": "SX"}, "MAIN_COMPONENT<>id": {"1": "MAIN_COMPONENT"}, "MAIN_COMPONENT<>tag": {"1": "ROOT_COMPONENT"}, "MAIN_COMPONENT<>type": {"1": "FILE"}, "ROUTE_COMPONENT<>name": {"1": "Routing"}, "ROUTE_COMPONENT<>parentId": {"1": "SRC"}, "ROUTE_COMPONENT<>extension": {"1": "SX"}, "ROUTE_COMPONENT<>id": {"1": "ROUTE_COMPONENT"}, "ROUTE_COMPONENT<>tag": {"1": "ROUTING"}, "ROUTE_COMPONENT<>type": {"1": "FILE"}, "ROUTE_COMPONENT<>wasOpen": {"1": false}, "ROUTE_COMPONENT<>isProtected": {"1": true}, "ASSETS<>name": {"1": "assets"}, "ASSETS<>parentId": {"1": "SRC"}, "ASSETS<>id": {"1": "ASSETS"}, "ASSETS<>tag": {"1": "ASSETS"}, "ASSETS<>type": {"1": "DIRECTORY"}, "ASSETS<>children<>0": {"1": "IMAGES"}, "ASSETS<>children<>1": {"1": "SVGS"}, "ASSETS<>children<>2": {"1": "FONTS"}, "IMAGES<>name": {"1": "images"}, "IMAGES<>parentId": {"1": "ASSETS"}, "IMAGES<>id": {"1": "IMAGES"}, "IMAGES<>tag": {"1": "IMAGES"}, "IMAGES<>type": {"1": "DIRECTORY"}, "IMAGES<>children": {"1": []}, "SVGS<>name": {"1": "svgs"}, "SVGS<>parentId": {"1": "ASSETS"}, "SVGS<>id": {"1": "SVGS"}, "SVGS<>tag": {"1": "SVGS"}, "SVGS<>type": {"1": "DIRECTORY"}, "SVGS<>children": {"1": []}, "FONTS<>name": {"1": "fonts"}, "FONTS<>parentId": {"1": "ASSETS"}, "FONTS<>id": {"1": "FONTS"}, "FONTS<>tag": {"1": "FONTS"}, "FONTS<>type": {"1": "DIRECTORY"}, "FONTS<>children": {"1": []}, "PACKAGE_CONFIG<>name": {"1": "package"}, "PACKAGE_CONFIG<>extension": {"1": "json"}, "PACKAGE_CONFIG<>parentId": {"1": "ROOT"}, "PACKAGE_CONFIG<>id": {"1": "PACKAGE_CONFIG"}, "PACKAGE_CONFIG<>tag": {"1": "PACKAGE_CONFIG"}, "PACKAGE_CONFIG<>type": {"1": "FILE"}, "PACKAGE_CONFIG<>isProtected": {"1": true}, "INDEX_HTML<>name": {"1": "index"}, "INDEX_HTML<>parentId": {"1": "ROOT"}, "INDEX_HTML<>extension": {"1": "html"}, "INDEX_HTML<>id": {"1": "INDEX_HTML"}, "INDEX_HTML<>tag": {"1": "INDEX_HTML"}, "INDEX_HTML<>type": {"1": "FILE"}, "STYLES<>name": {"1": "styles"}, "STYLES<>parentId": {"1": "SRC"}, "STYLES<>id": {"1": "STYLES"}, "STYLES<>tag": {"1": "STYLES"}, "STYLES<>type": {"1": "DIRECTORY"}, "STYLES<>children<>0": {"1": "THEME_CSS_FILE"}, "EXTERNAL_COMPONENTS<>name": {"1": "external_components"}, "EXTERNAL_COMPONENTS<>parentId": {"1": "ROOT"}, "EXTERNAL_COMPONENTS<>id": {"1": "EXTERNAL_COMPONENTS"}, "EXTERNAL_COMPONENTS<>children": {"1": []}, "EXTERNAL_COMPONENTS<>tag": {"1": "EXTERNAL_COMPONENTS"}, "EXTERNAL_COMPONENTS<>type": {"1": "DIRECTORY"}, "COMPONENTS<>children<>0": {"2": "54ac9a5c_ee6a_4802_94cb_9e35c921c680", "6": "e0ca29a9_37b0_4304_ab0c_ed461739459b"}, "54ac9a5c_ee6a_4802_94cb_9e35c921c680<>name": {"2": "Main"}, "54ac9a5c_ee6a_4802_94cb_9e35c921c680<>parentId": {"2": "COMPONENTS"}, "54ac9a5c_ee6a_4802_94cb_9e35c921c680<>id": {"2": "54ac9a5c_ee6a_4802_94cb_9e35c921c680"}, "54ac9a5c_ee6a_4802_94cb_9e35c921c680<>tag": {"2": "COMPONENTS"}, "54ac9a5c_ee6a_4802_94cb_9e35c921c680<>type": {"2": "FILE"}, "54ac9a5c_ee6a_4802_94cb_9e35c921c680<>entityId": {"2": "79416ca4_e608_4f9f_b53e_8b28a3197f15"}, "54ac9a5c_ee6a_4802_94cb_9e35c921c680<>extension": {"2": "SX"}, "54ac9a5c_ee6a_4802_94cb_9e35c921c680<>relative_path": {"2": "/src/components/Main.jsx"}, "MAIN_COMPONENT<>entityId": {"3": "ae0bfa52_c799_471f_9fec_9dc8c68541fc"}, "MAIN_COMPONENT<>relative_path": {"3": "/src/App.jsx"}, "ROOT<>children<>4": {"4": "2d94ecf5_9f69_4ec9_95c8_35a51b7ca7dd"}, "2d94ecf5_9f69_4ec9_95c8_35a51b7ca7dd<>name": {"4": "vite.config"}, "2d94ecf5_9f69_4ec9_95c8_35a51b7ca7dd<>parentId": {"4": "ROOT"}, "2d94ecf5_9f69_4ec9_95c8_35a51b7ca7dd<>id": {"4": "2d94ecf5_9f69_4ec9_95c8_35a51b7ca7dd"}, "2d94ecf5_9f69_4ec9_95c8_35a51b7ca7dd<>tag": {"4": "VITE_CONFIG"}, "2d94ecf5_9f69_4ec9_95c8_35a51b7ca7dd<>type": {"4": "FILE"}, "2d94ecf5_9f69_4ec9_95c8_35a51b7ca7dd<>entityId": {"4": "950be848_eaa1_47ec_833e_13daf8219337"}, "2d94ecf5_9f69_4ec9_95c8_35a51b7ca7dd<>extension": {"4": "js"}, "2d94ecf5_9f69_4ec9_95c8_35a51b7ca7dd<>relative_path": {"4": "/vite.config.js"}, "SERVICES<>children<>0": {"5": "c407ff11_059d_425c_930b_a2bbe56a2e0b"}, "SERVICES<>children<>1": {"5": "GLOBAL_INTERCEPTOR"}, "c407ff11_059d_425c_930b_a2bbe56a2e0b<>name": {"5": "Big Schema Example API"}, "c407ff11_059d_425c_930b_a2bbe56a2e0b<>parentId": {"5": "SERVICES"}, "c407ff11_059d_425c_930b_a2bbe56a2e0b<>id": {"5": "c407ff11_059d_425c_930b_a2bbe56a2e0b"}, "c407ff11_059d_425c_930b_a2bbe56a2e0b<>tag": {"5": "SERVICES"}, "c407ff11_059d_425c_930b_a2bbe56a2e0b<>type": {"5": "DIRECTORY"}, "c407ff11_059d_425c_930b_a2bbe56a2e0b<>entityId": {"5": "c407ff11_059d_425c_930b_a2bbe56a2e0b"}, "c407ff11_059d_425c_930b_a2bbe56a2e0b<>children<>0": {"5": "f784a465_62a5_436b_a576_e5c80ed57f11"}, "c407ff11_059d_425c_930b_a2bbe56a2e0b<>children<>1": {"5": "bfb387d9_5090_495a_8cb4_c094a060b67f"}, "c407ff11_059d_425c_930b_a2bbe56a2e0b<>relative_path": {"5": "/src/services/Big Schema Example API"}, "GLOBAL_INTERCEPTOR<>name": {"5": "interceptors"}, "GLOBAL_INTERCEPTOR<>parentId": {"5": "SERVICES"}, "GLOBAL_INTERCEPTOR<>id": {"5": "GLOBAL_INTERCEPTOR"}, "GLOBAL_INTERCEPTOR<>tag": {"5": "SERVICES"}, "GLOBAL_INTERCEPTOR<>type": {"5": "FILE"}, "GLOBAL_INTERCEPTOR<>entityId": {"5": "GLOBAL_INTERCEPTOR"}, "GLOBAL_INTERCEPTOR<>extension": {"5": "SX"}, "GLOBAL_INTERCEPTOR<>relative_path": {"5": "/src/services/interceptors.jsx"}, "f784a465_62a5_436b_a576_e5c80ed57f11<>name": {"5": "interceptors"}, "f784a465_62a5_436b_a576_e5c80ed57f11<>parentId": {"5": "c407ff11_059d_425c_930b_a2bbe56a2e0b"}, "f784a465_62a5_436b_a576_e5c80ed57f11<>id": {"5": "f784a465_62a5_436b_a576_e5c80ed57f11"}, "f784a465_62a5_436b_a576_e5c80ed57f11<>tag": {"5": "SERVICES"}, "f784a465_62a5_436b_a576_e5c80ed57f11<>type": {"5": "FILE"}, "f784a465_62a5_436b_a576_e5c80ed57f11<>entityId": {"5": "f784a465_62a5_436b_a576_e5c80ed57f11"}, "f784a465_62a5_436b_a576_e5c80ed57f11<>extension": {"5": "SX"}, "f784a465_62a5_436b_a576_e5c80ed57f11<>relative_path": {"5": "/src/services/Big Schema Example API/interceptors.jsx"}, "bfb387d9_5090_495a_8cb4_c094a060b67f<>name": {"5": "default"}, "bfb387d9_5090_495a_8cb4_c094a060b67f<>parentId": {"5": "c407ff11_059d_425c_930b_a2bbe56a2e0b"}, "bfb387d9_5090_495a_8cb4_c094a060b67f<>id": {"5": "bfb387d9_5090_495a_8cb4_c094a060b67f"}, "bfb387d9_5090_495a_8cb4_c094a060b67f<>tag": {"5": "SERVICES"}, "bfb387d9_5090_495a_8cb4_c094a060b67f<>type": {"5": "FILE"}, "bfb387d9_5090_495a_8cb4_c094a060b67f<>entityId": {"5": "bfb387d9_5090_495a_8cb4_c094a060b67f"}, "bfb387d9_5090_495a_8cb4_c094a060b67f<>extension": {"5": "SX"}, "bfb387d9_5090_495a_8cb4_c094a060b67f<>relative_path": {"5": "/src/services/Big Schema Example API/default.jsx"}, "e0ca29a9_37b0_4304_ab0c_ed461739459b<>name": {"6": "dfh"}, "e0ca29a9_37b0_4304_ab0c_ed461739459b<>parentId": {"6": "COMPONENTS"}, "e0ca29a9_37b0_4304_ab0c_ed461739459b<>id": {"6": "e0ca29a9_37b0_4304_ab0c_ed461739459b"}, "e0ca29a9_37b0_4304_ab0c_ed461739459b<>tag": {"6": "COMPONENTS"}, "e0ca29a9_37b0_4304_ab0c_ed461739459b<>type": {"6": "FILE"}, "e0ca29a9_37b0_4304_ab0c_ed461739459b<>entityId": {"6": "f3d6be82_f14f_4649_a7ca_588da55581af"}, "e0ca29a9_37b0_4304_ab0c_ed461739459b<>extension": {"6": "SX"}, "e0ca29a9_37b0_4304_ab0c_ed461739459b<>relative_path": {"6": "/src/components/dfh.jsx"}}}