{"current_version": 10, "versions": {"1": {"key": 1, "timestamp": 1752057547.0097432}, "2": {"key": 2, "timestamp": 1752057547.0540633}, "3": {"key": 3, "timestamp": 1752057547.0739622}, "4": {"key": 4, "timestamp": 1752057547.129513}, "5": {"key": 5, "timestamp": 1752057547.1560133}, "6": {"key": 6, "timestamp": 1752057547.1961854}, "7": {"key": 7, "timestamp": 1752057547.3097708}, "8": {"key": 8, "timestamp": 1752057547.393604}, "9": {"key": 9, "timestamp": 1752057628.32688}, "10": {"key": 10, "timestamp": 1752844769.510946}}, "deleted_keys": {"4": ["THEME_PROVIDER<>usedIn"], "6": ["79416ca4_e608_4f9f_b53e_8b28a3197f15<>usedIn"]}, "changes": {"79416ca4_e608_4f9f_b53e_8b28a3197f15<>id": {"1": "79416ca4_e608_4f9f_b53e_8b28a3197f15"}, "79416ca4_e608_4f9f_b53e_8b28a3197f15<>fileId": {"1": "54ac9a5c_ee6a_4802_94cb_9e35c921c680"}, "79416ca4_e608_4f9f_b53e_8b28a3197f15<>type": {"1": "REACT_COMPONENT"}, "79416ca4_e608_4f9f_b53e_8b28a3197f15<>schema<>props<>0<>name": {"1": "prop1"}, "79416ca4_e608_4f9f_b53e_8b28a3197f15<>schema<>props<>0<>isRequired": {"1": false}, "79416ca4_e608_4f9f_b53e_8b28a3197f15<>schema<>props<>0<>schema<>selection": {"1": "anyOf"}, "79416ca4_e608_4f9f_b53e_8b28a3197f15<>schema<>props<>0<>schema<>types<>0<>type": {"1": "ANY"}, "79416ca4_e608_4f9f_b53e_8b28a3197f15<>schema<>props<>0<>defaultValue": {"1": null}, "79416ca4_e608_4f9f_b53e_8b28a3197f15<>schema<>props<>0<>description": {"1": ""}, "79416ca4_e608_4f9f_b53e_8b28a3197f15<>schema<>props<>0<>id": {"1": "93adc196_e97f_4f64_bb2d_8a0041b391f0"}, "79416ca4_e608_4f9f_b53e_8b28a3197f15<>schema<>hasImperativeHandling": {"1": false}, "79416ca4_e608_4f9f_b53e_8b28a3197f15<>schema<>type": {"1": "REACT_FC"}, "79416ca4_e608_4f9f_b53e_8b28a3197f15<>exportedAs": {"1": "Main"}, "79416ca4_e608_4f9f_b53e_8b28a3197f15<>defaultExport": {"1": true}, "79416ca4_e608_4f9f_b53e_8b28a3197f15<>usedIn": {"1": []}, "THEME_PROVIDER<>id": {"2": "THEME_PROVIDER"}, "THEME_PROVIDER<>fileId": {"2": "THEME_PROVIDER_FILE"}, "THEME_PROVIDER<>type": {"2": "REACT_COMPONENT"}, "THEME_PROVIDER<>schema<>type": {"2": "ThemeProvider"}, "THEME_PROVIDER<>exportedAs": {"2": "ThemeProvider"}, "THEME_PROVIDER<>defaultExport": {"2": false}, "THEME_PROVIDER<>usedIn": {"2": []}, "THEME_PROVIDER<>tag": {"2": "PROVIDER_WRAPPER"}, "THEME_HOOK<>id": {"3": "THEME_HOOK"}, "THEME_HOOK<>fileId": {"3": "THEME_PROVIDER_FILE"}, "THEME_HOOK<>type": {"3": "FUNCTION"}, "THEME_HOOK<>schema<>isAsync": {"3": false}, "THEME_HOOK<>schema<>parameters": {"3": []}, "THEME_HOOK<>schema<>returnType<>id": {"3": "$ThemeContextReturn"}, "THEME_HOOK<>schema<>returnType<>type": {"3": "OBJECT"}, "THEME_HOOK<>schema<>returnType<>properties<>themeName<>id": {"3": "themeName"}, "THEME_HOOK<>schema<>returnType<>properties<>themeName<>name": {"3": "themeName"}, "THEME_HOOK<>schema<>returnType<>properties<>themeName<>type": {"3": "STRING"}, "THEME_HOOK<>schema<>returnType<>properties<>mode<>id": {"3": "mode"}, "THEME_HOOK<>schema<>returnType<>properties<>mode<>name": {"3": "mode"}, "THEME_HOOK<>schema<>returnType<>properties<>mode<>type": {"3": "STRING"}, "THEME_HOOK<>schema<>returnType<>properties<>setTheme<>id": {"3": "setTheme"}, "THEME_HOOK<>schema<>returnType<>properties<>setTheme<>name": {"3": "setTheme"}, "THEME_HOOK<>schema<>returnType<>properties<>setTheme<>type": {"3": "FUNCTION"}, "THEME_HOOK<>schema<>returnType<>properties<>setTheme<>parameters<>0<>name": {"3": "themeName"}, "THEME_HOOK<>schema<>returnType<>properties<>setTheme<>parameters<>0<>type": {"3": "STRING"}, "THEME_HOOK<>schema<>returnType<>properties<>setTheme<>isAsync": {"3": false}, "THEME_HOOK<>schema<>returnType<>properties<>setTheme<>returnType<>type": {"3": "VOID"}, "THEME_HOOK<>schema<>returnType<>properties<>toggleMode<>id": {"3": "toggleMode"}, "THEME_HOOK<>schema<>returnType<>properties<>toggleMode<>name": {"3": "toggleMode"}, "THEME_HOOK<>schema<>returnType<>properties<>toggleMode<>type": {"3": "FUNCTION"}, "THEME_HOOK<>schema<>returnType<>properties<>toggleMode<>parameters": {"3": []}, "THEME_HOOK<>schema<>returnType<>properties<>toggleMode<>isAsync": {"3": false}, "THEME_HOOK<>schema<>returnType<>properties<>toggleMode<>returnType<>type": {"3": "VOID"}, "THEME_HOOK<>schema<>type": {"3": "FUNCTION"}, "THEME_HOOK<>exportedAs": {"3": "useThemeContext"}, "THEME_HOOK<>defaultExport": {"3": false}, "THEME_HOOK<>usedIn": {"3": []}, "THEME_CSS<>id": {"4": "THEME_CSS"}, "THEME_CSS<>fileId": {"4": "THEME_CSS_FILE"}, "THEME_CSS<>type": {"4": "FILE"}, "THEME_CSS<>schema<>type": {"4": "ThemeProvider"}, "THEME_CSS<>exportedAs": {"4": "ThemeContext"}, "THEME_CSS<>defaultExport": {"4": false}, "THEME_CSS<>usedIn": {"4": []}, "THEME_PROVIDER<>usedIn<>0": {"5": "MAIN_COMPONENT"}, "ae0bfa52_c799_471f_9fec_9dc8c68541fc<>id": {"6": "ae0bfa52_c799_471f_9fec_9dc8c68541fc"}, "ae0bfa52_c799_471f_9fec_9dc8c68541fc<>fileId": {"6": "MAIN_COMPONENT"}, "ae0bfa52_c799_471f_9fec_9dc8c68541fc<>type": {"6": "REACT_COMPONENT"}, "ae0bfa52_c799_471f_9fec_9dc8c68541fc<>schema<>props": {"6": []}, "ae0bfa52_c799_471f_9fec_9dc8c68541fc<>schema<>hasImperativeHandling": {"6": false}, "ae0bfa52_c799_471f_9fec_9dc8c68541fc<>schema<>type": {"6": "REACT_FC"}, "ae0bfa52_c799_471f_9fec_9dc8c68541fc<>exportedAs": {"6": "App"}, "ae0bfa52_c799_471f_9fec_9dc8c68541fc<>defaultExport": {"6": true}, "ae0bfa52_c799_471f_9fec_9dc8c68541fc<>usedIn": {"6": []}, "79416ca4_e608_4f9f_b53e_8b28a3197f15<>usedIn<>0": {"7": "ROUTE_COMPONENT"}, "PROJECT_ROUTER<>id": {"8": "PROJECT_ROUTER"}, "PROJECT_ROUTER<>fileId": {"8": "ROUTE_COMPONENT"}, "PROJECT_ROUTER<>type": {"8": "FILE"}, "PROJECT_ROUTER<>schema<>type": {"8": "ANY"}, "PROJECT_ROUTER<>exportedAs": {"8": "router"}, "PROJECT_ROUTER<>defaultExport": {"8": true}, "PROJECT_ROUTER<>usedIn": {"8": []}, "c033cb21_3cc0_421b_8871_e02878ab75ca<>id": {"9": "c033cb21_3cc0_421b_8871_e02878ab75ca"}, "c033cb21_3cc0_421b_8871_e02878ab75ca<>fileId": {"9": "bfb387d9_5090_495a_8cb4_c094a060b67f"}, "c033cb21_3cc0_421b_8871_e02878ab75ca<>type": {"9": "SERVICE"}, "c033cb21_3cc0_421b_8871_e02878ab75ca<>schema<>type": {"9": "FUNCTION"}, "c033cb21_3cc0_421b_8871_e02878ab75ca<>schema<>isAsync": {"9": true}, "c033cb21_3cc0_421b_8871_e02878ab75ca<>schema<>parameters": {"9": []}, "c033cb21_3cc0_421b_8871_e02878ab75ca<>schema<>returnType<>type": {"9": "ARRAY"}, "c033cb21_3cc0_421b_8871_e02878ab75ca<>schema<>returnType<>templateInputs<>0<>selection": {"9": "anyOf"}, "c033cb21_3cc0_421b_8871_e02878ab75ca<>schema<>returnType<>templateInputs<>0<>types<>0<>$ref": {"9": "f07b5a31_6938_4f41_acef_6edf18871f41"}, "c033cb21_3cc0_421b_8871_e02878ab75ca<>exportedAs": {"9": "getProfiles"}, "c033cb21_3cc0_421b_8871_e02878ab75ca<>defaultExport": {"9": false}, "c033cb21_3cc0_421b_8871_e02878ab75ca<>usedIn": {"9": []}, "f3d6be82_f14f_4649_a7ca_588da55581af<>id": {"10": "f3d6be82_f14f_4649_a7ca_588da55581af"}, "f3d6be82_f14f_4649_a7ca_588da55581af<>fileId": {"10": "e0ca29a9_37b0_4304_ab0c_ed461739459b"}, "f3d6be82_f14f_4649_a7ca_588da55581af<>type": {"10": "REACT_COMPONENT"}, "f3d6be82_f14f_4649_a7ca_588da55581af<>schema<>props": {"10": []}, "f3d6be82_f14f_4649_a7ca_588da55581af<>schema<>hasImperativeHandling": {"10": false}, "f3d6be82_f14f_4649_a7ca_588da55581af<>schema<>type": {"10": "REACT_FC"}, "f3d6be82_f14f_4649_a7ca_588da55581af<>exportedAs": {"10": "Dfh"}, "f3d6be82_f14f_4649_a7ca_588da55581af<>defaultExport": {"10": true}, "f3d6be82_f14f_4649_a7ca_588da55581af<>usedIn": {"10": []}}}