{"374d8a71_579c_4425_a903_98dc97233047": {"type": "OBJECT", "properties": {"a74efc89_9772_48cc_8704_d20016a2ef52": {"selection": "anyOf", "types": [{"type": "STRING", "format": "uuid", "example": "550e8400-e29b-41d4-a716-446655440000"}], "name": "id", "id": "a74efc89_9772_48cc_8704_d20016a2ef52"}, "266b785a_a5b2_433a_a073_2f5f89cdd100": {"selection": "anyOf", "types": [{"type": "STRING", "example": "Thakur Sahab"}], "name": "name", "id": "266b785a_a5b2_433a_a073_2f5f89cdd100"}, "56071b3e_c7b4_4355_9e62_c492b529f88b": {"selection": "anyOf", "types": [{"type": "NUMERIC", "minimum": 18, "maximum": 100}], "name": "age", "id": "56071b3e_c7b4_4355_9e62_c492b529f88b"}, "59c2e7f7_c8e9_458d_b1ce_fcc90816de94": {"selection": "anyOf", "types": [{"type": "BOOLEAN"}], "name": "isActive", "id": "59c2e7f7_c8e9_458d_b1ce_fcc90816de94"}, "4236ac4a_8feb_42ab_9870_f5f82b579666": {"selection": "anyOf", "types": [{"$ref": "66fae3a2_c1ad_4f2d_84c7_741ac681e45a"}], "name": "contact", "id": "4236ac4a_8feb_42ab_9870_f5f82b579666"}, "6bd54a04_fafb_4749_ab6c_2e7c8d683b19": {"selection": "anyOf", "types": [{"$ref": "9191157f_ea4b_4f0b_8d66_84e6f2f5adbc"}], "name": "preferences", "id": "6bd54a04_fafb_4749_ab6c_2e7c8d683b19"}, "11bb8daf_498b_4ee5_a93a_27b986ab4240": {"selection": "anyOf", "types": [{"$ref": "4680acf0_7e81_4ed9_8811_05cf1f9e4d94"}], "name": "account", "id": "11bb8daf_498b_4ee5_a93a_27b986ab4240"}, "430a105f_78d0_4481_a2d2_7b36b8c72990": {"type": "ARRAY", "templateInputs": [{"selection": "anyOf", "types": [{"type": "STRING"}]}], "name": "tags", "id": "430a105f_78d0_4481_a2d2_7b36b8c72990"}, "8160624a_6ee7_4ccb_9c7f_cbae4e20219f": {"type": "ARRAY", "templateInputs": [{"selection": "anyOf", "types": [{"$ref": "ade8b40b_ae45_4e4f_8732_a7a08f68d8e3"}]}], "name": "history", "id": "8160624a_6ee7_4ccb_9c7f_cbae4e20219f"}}, "required": ["id", "name", "contact", "preferences", "account"], "schemaType": "modals", "id": "374d8a71_579c_4425_a903_98dc97233047", "name": "UserProfile"}, "66fae3a2_c1ad_4f2d_84c7_741ac681e45a": {"type": "OBJECT", "properties": {"47f2dca9_f380_4ffc_991e_ac704682147c": {"selection": "anyOf", "types": [{"type": "STRING", "format": "email"}], "name": "email", "id": "47f2dca9_f380_4ffc_991e_ac704682147c"}, "0e7f187d_5dd5_49d8_a0c1_bca945bd2c07": {"selection": "anyOf", "types": [{"type": "STRING", "pattern": "^[0-9]{10}$"}], "name": "phone", "id": "0e7f187d_5dd5_49d8_a0c1_bca945bd2c07"}, "2279dda1_4a35_42a3_8363_cf2a3987b010": {"selection": "anyOf", "types": [{"$ref": "c394a2b4_6e07_4a95_bc5d_459a908ea568"}], "name": "address", "id": "2279dda1_4a35_42a3_8363_cf2a3987b010"}}, "required": ["email"], "schemaType": "modals", "id": "66fae3a2_c1ad_4f2d_84c7_741ac681e45a", "name": "ContactInfo"}, "c394a2b4_6e07_4a95_bc5d_459a908ea568": {"type": "OBJECT", "properties": {"8285c9a1_aaee_4ade_93ea_b8e792ed12db": {"selection": "anyOf", "types": [{"type": "STRING"}], "name": "line1", "id": "8285c9a1_aaee_4ade_93ea_b8e792ed12db"}, "03bdd90b_e5df_40e4_9edc_3b288c0739c4": {"selection": "anyOf", "types": [{"type": "STRING"}], "name": "line2", "id": "03bdd90b_e5df_40e4_9edc_3b288c0739c4"}, "241271ce_86e2_4ec6_b464_b629deb049e1": {"selection": "anyOf", "types": [{"type": "STRING"}], "name": "city", "id": "241271ce_86e2_4ec6_b464_b629deb049e1"}, "e9b187dd_036c_431e_affa_352ff4567df6": {"selection": "anyOf", "types": [{"type": "STRING"}], "name": "state", "id": "e9b187dd_036c_431e_affa_352ff4567df6"}, "35b08079_5104_4b7d_9d59_eec35397a0f3": {"selection": "anyOf", "types": [{"type": "STRING"}], "name": "zip", "id": "35b08079_5104_4b7d_9d59_eec35397a0f3"}, "b2228e01_1f1e_49c5_afb5_41c400b1bc9b": {"selection": "anyOf", "types": [{"type": "STRING", "example": "India"}], "name": "country", "id": "b2228e01_1f1e_49c5_afb5_41c400b1bc9b"}, "d3835af5_1aa1_4183_9d12_b2f075085988": {"selection": "anyOf", "types": [{"$ref": "7eb1e9a1_7445_4a19_b679_79d6276649f7"}], "name": "coordinates", "id": "d3835af5_1aa1_4183_9d12_b2f075085988"}}, "required": [], "schemaType": "modals", "id": "c394a2b4_6e07_4a95_bc5d_459a908ea568", "name": "Address"}, "7eb1e9a1_7445_4a19_b679_79d6276649f7": {"type": "OBJECT", "properties": {"69b6d993_5efa_44d5_9428_5f4410bcf635": {"selection": "anyOf", "types": [{"type": "NUMERIC", "format": "float"}], "name": "lat", "id": "69b6d993_5efa_44d5_9428_5f4410bcf635"}, "4743c7f8_df6b_45c1_83bf_8f6adab6f148": {"selection": "anyOf", "types": [{"type": "NUMERIC", "format": "float"}], "name": "lng", "id": "4743c7f8_df6b_45c1_83bf_8f6adab6f148"}}, "required": [], "schemaType": "modals", "id": "7eb1e9a1_7445_4a19_b679_79d6276649f7", "name": "GeoCoordinates"}, "9191157f_ea4b_4f0b_8d66_84e6f2f5adbc": {"type": "OBJECT", "properties": {"f811427b_587a_493c_8a93_8d86454608b3": {"selection": "anyOf", "types": [{"type": "STRING", "enum": ["light", "dark"]}], "name": "theme", "id": "f811427b_587a_493c_8a93_8d86454608b3"}, "d5a17ce4_2434_470d_bfdd_6bbdd2c6ac0c": {"selection": "anyOf", "types": [{"type": "STRING", "enum": ["en", "hi", "fr"]}], "name": "language", "id": "d5a17ce4_2434_470d_bfdd_6bbdd2c6ac0c"}, "d0707143_9690_4eb1_839a_ded702f002c2": {"selection": "anyOf", "types": [{"type": "OBJECT", "properties": {"email": {"selection": "anyOf", "types": [{"type": "BOOLEAN"}]}, "sms": {"selection": "anyOf", "types": [{"type": "BOOLEAN"}]}, "push": {"selection": "anyOf", "types": [{"type": "BOOLEAN"}]}}, "required": [], "id": "9191157f_ea4b_4f0b_8d66_84e6f2f5adbc"}], "name": "notifications", "id": "d0707143_9690_4eb1_839a_ded702f002c2", "isUnresolved": true}}, "required": [], "schemaType": "modals", "id": "9191157f_ea4b_4f0b_8d66_84e6f2f5adbc", "name": "UserPreferences", "isUnresolved": true}, "4680acf0_7e81_4ed9_8811_05cf1f9e4d94": {"type": "OBJECT", "properties": {"ac3438ea_0d9e_4615_9a7c_e31f64876696": {"selection": "anyOf", "types": [{"type": "STRING"}], "name": "username", "id": "ac3438ea_0d9e_4615_9a7c_e31f64876696"}, "ae28ed5f_6398_442b_a818_5f26525d9310": {"selection": "anyOf", "types": [{"type": "STRING", "format": "date-time"}], "name": "createdAt", "id": "ae28ed5f_6398_442b_a818_5f26525d9310"}, "9f88cc19_ba5d_4804_b5fc_9b6b7410710c": {"type": "ARRAY", "templateInputs": [{"selection": "anyOf", "types": [{"type": "STRING", "enum": ["admin", "user", "moderator"]}]}], "name": "roles", "id": "9f88cc19_ba5d_4804_b5fc_9b6b7410710c"}}, "required": [], "schemaType": "modals", "id": "4680acf0_7e81_4ed9_8811_05cf1f9e4d94", "name": "AccountDetails"}, "ade8b40b_ae45_4e4f_8732_a7a08f68d8e3": {"type": "OBJECT", "properties": {"27c7311e_7099_40a8_b49b_6c684b88d383": {"selection": "anyOf", "types": [{"type": "STRING"}], "name": "action", "id": "27c7311e_7099_40a8_b49b_6c684b88d383"}, "08386e42_e344_493a_877d_8da937179ff0": {"selection": "anyOf", "types": [{"type": "STRING", "format": "date-time"}], "name": "timestamp", "id": "08386e42_e344_493a_877d_8da937179ff0"}, "824983bc_2286_463a_940e_7c1d812f8b8a": {"selection": "anyOf", "types": [{"type": "OBJECT", "properties": {}, "additionalProperties": {"selection": "anyOf", "types": [{"type": "STRING"}]}, "id": "ade8b40b_ae45_4e4f_8732_a7a08f68d8e3"}], "name": "metadata", "id": "824983bc_2286_463a_940e_7c1d812f8b8a", "isUnresolved": true}}, "required": [], "schemaType": "modals", "id": "ade8b40b_ae45_4e4f_8732_a7a08f68d8e3", "name": "ActionLog", "isUnresolved": true}}