{"PROJECT_ROUTER<>defaultExport": true, "PROJECT_ROUTER<>exportedAs": "router", "PROJECT_ROUTER<>fileId": "ROUTE_COMPONENT", "PROJECT_ROUTER<>id": "PROJECT_ROUTER", "PROJECT_ROUTER<>schema<>type": "ANY", "PROJECT_ROUTER<>type": "FILE", "PROJECT_ROUTER<>usedIn": [], "THEME_CSS<>defaultExport": false, "THEME_CSS<>exportedAs": "ThemeContext", "THEME_CSS<>fileId": "THEME_CSS_FILE", "THEME_CSS<>id": "THEME_CSS", "THEME_CSS<>schema<>type": "ThemeProvider", "THEME_CSS<>type": "FILE", "THEME_CSS<>usedIn": [], "THEME_HOOK<>defaultExport": false, "THEME_HOOK<>exportedAs": "useThemeContext", "THEME_HOOK<>fileId": "THEME_PROVIDER_FILE", "THEME_HOOK<>id": "THEME_HOOK", "THEME_HOOK<>schema<>isAsync": false, "THEME_HOOK<>schema<>parameters": [], "THEME_HOOK<>schema<>returnType<>id": "$ThemeContextReturn", "THEME_HOOK<>schema<>returnType<>properties<>mode<>id": "mode", "THEME_HOOK<>schema<>returnType<>properties<>mode<>name": "mode", "THEME_HOOK<>schema<>returnType<>properties<>mode<>type": "STRING", "THEME_HOOK<>schema<>returnType<>properties<>setTheme<>id": "setTheme", "THEME_HOOK<>schema<>returnType<>properties<>setTheme<>isAsync": false, "THEME_HOOK<>schema<>returnType<>properties<>setTheme<>name": "setTheme", "THEME_HOOK<>schema<>returnType<>properties<>setTheme<>parameters<>0<>name": "themeName", "THEME_HOOK<>schema<>returnType<>properties<>setTheme<>parameters<>0<>type": "STRING", "THEME_HOOK<>schema<>returnType<>properties<>setTheme<>returnType<>type": "VOID", "THEME_HOOK<>schema<>returnType<>properties<>setTheme<>type": "FUNCTION", "THEME_HOOK<>schema<>returnType<>properties<>themeName<>id": "themeName", "THEME_HOOK<>schema<>returnType<>properties<>themeName<>name": "themeName", "THEME_HOOK<>schema<>returnType<>properties<>themeName<>type": "STRING", "THEME_HOOK<>schema<>returnType<>properties<>toggleMode<>id": "toggleMode", "THEME_HOOK<>schema<>returnType<>properties<>toggleMode<>isAsync": false, "THEME_HOOK<>schema<>returnType<>properties<>toggleMode<>name": "toggleMode", "THEME_HOOK<>schema<>returnType<>properties<>toggleMode<>parameters": [], "THEME_HOOK<>schema<>returnType<>properties<>toggleMode<>returnType<>type": "VOID", "THEME_HOOK<>schema<>returnType<>properties<>toggleMode<>type": "FUNCTION", "THEME_HOOK<>schema<>returnType<>type": "OBJECT", "THEME_HOOK<>schema<>type": "FUNCTION", "THEME_HOOK<>type": "FUNCTION", "THEME_HOOK<>usedIn": [], "THEME_PROVIDER<>defaultExport": false, "THEME_PROVIDER<>exportedAs": "ThemeProvider", "THEME_PROVIDER<>fileId": "THEME_PROVIDER_FILE", "THEME_PROVIDER<>id": "THEME_PROVIDER", "THEME_PROVIDER<>schema<>type": "ThemeProvider", "THEME_PROVIDER<>tag": "PROVIDER_WRAPPER", "THEME_PROVIDER<>type": "REACT_COMPONENT", "THEME_PROVIDER<>usedIn<>0": "MAIN_COMPONENT", "ae0bfa52_c799_471f_9fec_9dc8c68541fc<>defaultExport": true, "ae0bfa52_c799_471f_9fec_9dc8c68541fc<>exportedAs": "App", "ae0bfa52_c799_471f_9fec_9dc8c68541fc<>fileId": "MAIN_COMPONENT", "ae0bfa52_c799_471f_9fec_9dc8c68541fc<>id": "ae0bfa52_c799_471f_9fec_9dc8c68541fc", "ae0bfa52_c799_471f_9fec_9dc8c68541fc<>schema<>hasImperativeHandling": false, "ae0bfa52_c799_471f_9fec_9dc8c68541fc<>schema<>props": [], "ae0bfa52_c799_471f_9fec_9dc8c68541fc<>schema<>type": "REACT_FC", "ae0bfa52_c799_471f_9fec_9dc8c68541fc<>type": "REACT_COMPONENT", "ae0bfa52_c799_471f_9fec_9dc8c68541fc<>usedIn": [], "c033cb21_3cc0_421b_8871_e02878ab75ca<>defaultExport": false, "c033cb21_3cc0_421b_8871_e02878ab75ca<>exportedAs": "getProfiles", "c033cb21_3cc0_421b_8871_e02878ab75ca<>fileId": "bfb387d9_5090_495a_8cb4_c094a060b67f", "c033cb21_3cc0_421b_8871_e02878ab75ca<>id": "c033cb21_3cc0_421b_8871_e02878ab75ca", "c033cb21_3cc0_421b_8871_e02878ab75ca<>schema<>isAsync": true, "c033cb21_3cc0_421b_8871_e02878ab75ca<>schema<>parameters": [], "c033cb21_3cc0_421b_8871_e02878ab75ca<>schema<>returnType<>templateInputs<>0<>selection": "anyOf", "c033cb21_3cc0_421b_8871_e02878ab75ca<>schema<>returnType<>templateInputs<>0<>types<>0<>$ref": "f07b5a31_6938_4f41_acef_6edf18871f41", "c033cb21_3cc0_421b_8871_e02878ab75ca<>schema<>returnType<>type": "ARRAY", "c033cb21_3cc0_421b_8871_e02878ab75ca<>schema<>type": "FUNCTION", "c033cb21_3cc0_421b_8871_e02878ab75ca<>type": "SERVICE", "c033cb21_3cc0_421b_8871_e02878ab75ca<>usedIn": [], "f3d6be82_f14f_4649_a7ca_588da55581af<>id": "f3d6be82_f14f_4649_a7ca_588da55581af", "f3d6be82_f14f_4649_a7ca_588da55581af<>fileId": "e0ca29a9_37b0_4304_ab0c_ed461739459b", "f3d6be82_f14f_4649_a7ca_588da55581af<>type": "REACT_COMPONENT", "f3d6be82_f14f_4649_a7ca_588da55581af<>schema<>props": [], "f3d6be82_f14f_4649_a7ca_588da55581af<>schema<>hasImperativeHandling": false, "f3d6be82_f14f_4649_a7ca_588da55581af<>schema<>type": "REACT_FC", "f3d6be82_f14f_4649_a7ca_588da55581af<>exportedAs": "Dfh", "f3d6be82_f14f_4649_a7ca_588da55581af<>defaultExport": true, "f3d6be82_f14f_4649_a7ca_588da55581af<>usedIn": []}