{"BLOCK<>id": "71184d34_cb34_4c8f_a9f0_6979a765838b", "BLOCK<>noWrap": 1, "BLOCK<>statements<>0<>id": "bfd825a6_a961_40db_a2d1_9a0d0c1fb5d0", "BLOCK<>statements<>0<>type": "REACT_COMPONENT", "BLOCK<>statements<>0<>name": "Main", "BLOCK<>statements<>0<>isArrowFunciton": true, "BLOCK<>statements<>0<>description": "", "BLOCK<>statements<>0<>schema<>props<>0<>id": "45664bef_e949_43c6_a076_5d228faf7583", "BLOCK<>statements<>0<>schema<>props<>0<>name": "prop1", "BLOCK<>statements<>0<>schema<>props<>0<>isRequired": true, "BLOCK<>statements<>0<>schema<>props<>0<>schema<>selection": "anyOf", "BLOCK<>statements<>0<>schema<>props<>0<>schema<>inferedTypes<>0<>type": "ANY", "BLOCK<>statements<>0<>schema<>props<>0<>schema<>types<>0<>type": "ANY", "BLOCK<>statements<>0<>schema<>props<>0<>defaultValue": null, "BLOCK<>statements<>0<>schema<>props<>0<>description": "", "BLOCK<>statements<>0<>schema<>hasImperativeHandling": false, "BLOCK<>statements<>0<>schema<>type": "REACT_FC", "BLOCK<>statements<>0<>bodyConfig<>type": "BLOCK", "BLOCK<>statements<>0<>bodyConfig<>statements<>0<>varName": "sd", "BLOCK<>statements<>0<>bodyConfig<>statements<>0<>schema<>selection": "anyOf", "BLOCK<>statements<>0<>bodyConfig<>statements<>0<>schema<>types<>0<>type": "STRING", "BLOCK<>statements<>0<>bodyConfig<>statements<>0<>schema<>inferredTypes<>0": "STRING", "BLOCK<>statements<>0<>bodyConfig<>statements<>0<>value<>type": "STRING", "BLOCK<>statements<>0<>bodyConfig<>statements<>0<>value<>value": "fw", "BLOCK<>statements<>0<>bodyConfig<>statements<>0<>description": "", "BLOCK<>statements<>0<>bodyConfig<>statements<>0<>type": "DECLARATION", "BLOCK<>statements<>0<>bodyConfig<>statements<>0<>declarationType": "const", "BLOCK<>statements<>0<>bodyConfig<>statements<>0<>id": "fa885898_0688_4c61_9384_3b7737bc6801", "BLOCK<>statements<>0<>bodyConfig<>statements<>1<>type": "COMMENT", "BLOCK<>statements<>0<>bodyConfig<>statements<>1<>text": "I WAS HERE", "BLOCK<>statements<>0<>bodyConfig<>statements<>1<>id": "0f16534c_51ad_480d_ad48_32a2bcaa1955", "BLOCK<>statements<>0<>bodyConfig<>statements<>2<>id": "038cd70e_e615_4cb4_b6d2_d3e8575da8a1", "BLOCK<>statements<>0<>bodyConfig<>statements<>2<>type": "FUNCTION", "BLOCK<>statements<>0<>bodyConfig<>statements<>2<>name": "handleSubmit", "BLOCK<>statements<>0<>bodyConfig<>statements<>2<>isAsync": false, "BLOCK<>statements<>0<>bodyConfig<>statements<>2<>isAnonymous": false, "BLOCK<>statements<>0<>bodyConfig<>statements<>2<>isArrowFunciton": true, "BLOCK<>statements<>0<>bodyConfig<>statements<>2<>description": "", "BLOCK<>statements<>0<>bodyConfig<>statements<>2<>schema<>type": "FUNCTION", "BLOCK<>statements<>0<>bodyConfig<>statements<>2<>schema<>returnType<>selection": "anyOf", "BLOCK<>statements<>0<>bodyConfig<>statements<>2<>schema<>returnType<>types<>0<>type": "VOID", "BLOCK<>statements<>0<>bodyConfig<>statements<>2<>schema<>parameters": [], "BLOCK<>statements<>0<>bodyConfig<>statements<>2<>schema<>inferedTypes<>0<>type": "VOID", "BLOCK<>statements<>0<>bodyConfig<>statements<>2<>bodyConfig<>type": "BLOCK", "BLOCK<>statements<>0<>bodyConfig<>statements<>2<>bodyConfig<>statements": [], "BLOCK<>statements<>0<>bodyConfig<>statements<>2<>bodyConfig<>id": "d44c590f_0776_497f_84b4_82e3cf1484d3", "BLOCK<>statements<>0<>bodyConfig<>statements<>3<>varName": "ab", "BLOCK<>statements<>0<>bodyConfig<>statements<>3<>schema<>selection": "anyOf", "BLOCK<>statements<>0<>bodyConfig<>statements<>3<>schema<>types<>0<>type": "ANY", "BLOCK<>statements<>0<>bodyConfig<>statements<>3<>schema<>inferredTypes<>0": "NUMERIC", "BLOCK<>statements<>0<>bodyConfig<>statements<>3<>value<>type": "NUMERIC", "BLOCK<>statements<>0<>bodyConfig<>statements<>3<>value<>value": 10, "BLOCK<>statements<>0<>bodyConfig<>statements<>3<>description": "", "BLOCK<>statements<>0<>bodyConfig<>statements<>3<>type": "DECLARATION", "BLOCK<>statements<>0<>bodyConfig<>statements<>3<>declarationType": "const", "BLOCK<>statements<>0<>bodyConfig<>statements<>3<>id": "72e2c279_dec2_4f76_9c58_b1dbcc67b948", "BLOCK<>statements<>0<>bodyConfig<>statements<>4<>id": "51059842_f3dc_403f_aa8d_4741242ae68a", "BLOCK<>statements<>0<>bodyConfig<>statements<>4<>setterId": "32437d68_216f_48fd_b9f9_8a1833abb0b5", "BLOCK<>statements<>0<>bodyConfig<>statements<>4<>type": "REACT_USE_STATE", "BLOCK<>statements<>0<>bodyConfig<>statements<>4<>varName": "rer", "BLOCK<>statements<>0<>bodyConfig<>statements<>4<>schema<>selection": "anyOf", "BLOCK<>statements<>0<>bodyConfig<>statements<>4<>schema<>types<>0<>type": "ANY", "BLOCK<>statements<>0<>bodyConfig<>statements<>4<>defaultValue<>type": "OBJECT", "BLOCK<>statements<>0<>bodyConfig<>statements<>4<>defaultValue<>properties<>0<>value<>type": "CUSTOM", "BLOCK<>statements<>0<>bodyConfig<>statements<>4<>defaultValue<>properties<>0<>value<>value": "prop1", "BLOCK<>statements<>0<>bodyConfig<>statements<>4<>defaultValue<>properties<>0<>keyValue": "", "BLOCK<>statements<>0<>bodyConfig<>statements<>4<>defaultValue<>properties<>0<>propertyType": "NAMED", "BLOCK<>statements<>0<>bodyConfig<>statements<>4<>defaultValue<>properties<>0<>name": "line1", "BLOCK<>statements<>0<>bodyConfig<>statements<>4<>defaultValue<>properties<>1<>value<>type": "CUSTOM", "BLOCK<>statements<>0<>bodyConfig<>statements<>4<>defaultValue<>properties<>1<>value<>value": "AnkPS", "BLOCK<>statements<>0<>bodyConfig<>statements<>4<>defaultValue<>properties<>1<>keyValue": "", "BLOCK<>statements<>0<>bodyConfig<>statements<>4<>defaultValue<>properties<>1<>propertyType": "NAMED", "BLOCK<>statements<>0<>bodyConfig<>statements<>4<>defaultValue<>properties<>1<>name": "line2", "BLOCK<>statements<>0<>bodyConfig<>statements<>4<>defaultValue<>properties<>2<>value<>type": "SCOPE_VAR", "BLOCK<>statements<>0<>bodyConfig<>statements<>4<>defaultValue<>properties<>2<>value<>$ref": "72e2c279_dec2_4f76_9c58_b1dbcc67b948", "BLOCK<>statements<>0<>bodyConfig<>statements<>4<>defaultValue<>properties<>2<>value<>label": "ab", "BLOCK<>statements<>0<>bodyConfig<>statements<>4<>defaultValue<>properties<>2<>keyValue": "", "BLOCK<>statements<>0<>bodyConfig<>statements<>4<>defaultValue<>properties<>2<>propertyType": "NAMED", "BLOCK<>statements<>0<>bodyConfig<>statements<>4<>defaultValue<>properties<>2<>name": "city", "BLOCK<>statements<>0<>bodyConfig<>statements<>4<>defaultValue<>properties<>3<>value<>type": "SCOPE_VAR", "BLOCK<>statements<>0<>bodyConfig<>statements<>4<>defaultValue<>properties<>3<>value<>$ref": "72e2c279_dec2_4f76_9c58_b1dbcc67b948", "BLOCK<>statements<>0<>bodyConfig<>statements<>4<>defaultValue<>properties<>3<>value<>label": "ab", "BLOCK<>statements<>0<>bodyConfig<>statements<>4<>defaultValue<>properties<>3<>keyValue": "", "BLOCK<>statements<>0<>bodyConfig<>statements<>4<>defaultValue<>properties<>3<>propertyType": "NAMED", "BLOCK<>statements<>0<>bodyConfig<>statements<>4<>defaultValue<>properties<>3<>name": "state", "BLOCK<>statements<>0<>bodyConfig<>statements<>4<>defaultValue<>properties<>4<>value<>type": "SCOPE_VAR", "BLOCK<>statements<>0<>bodyConfig<>statements<>4<>defaultValue<>properties<>4<>value<>$ref": "72e2c279_dec2_4f76_9c58_b1dbcc67b948", "BLOCK<>statements<>0<>bodyConfig<>statements<>4<>defaultValue<>properties<>4<>value<>label": "ab", "BLOCK<>statements<>0<>bodyConfig<>statements<>4<>defaultValue<>properties<>4<>keyValue": "", "BLOCK<>statements<>0<>bodyConfig<>statements<>4<>defaultValue<>properties<>4<>propertyType": "NAMED", "BLOCK<>statements<>0<>bodyConfig<>statements<>4<>defaultValue<>properties<>4<>name": "zip", "BLOCK<>statements<>0<>bodyConfig<>statements<>4<>defaultValue<>properties<>5<>value<>type": "CUSTOM", "BLOCK<>statements<>0<>bodyConfig<>statements<>4<>defaultValue<>properties<>5<>value<>value": "router", "BLOCK<>statements<>0<>bodyConfig<>statements<>4<>defaultValue<>properties<>5<>keyValue": "", "BLOCK<>statements<>0<>bodyConfig<>statements<>4<>defaultValue<>properties<>5<>propertyType": "NAMED", "BLOCK<>statements<>0<>bodyConfig<>statements<>4<>defaultValue<>properties<>5<>name": "country", "BLOCK<>statements<>0<>bodyConfig<>statements<>4<>defaultValue<>properties<>6<>value<>type": "CUSTOM", "BLOCK<>statements<>0<>bodyConfig<>statements<>4<>defaultValue<>properties<>6<>value<>value": "FormData", "BLOCK<>statements<>0<>bodyConfig<>statements<>4<>defaultValue<>properties<>6<>keyValue": "", "BLOCK<>statements<>0<>bodyConfig<>statements<>4<>defaultValue<>properties<>6<>propertyType": "NAMED", "BLOCK<>statements<>0<>bodyConfig<>statements<>4<>defaultValue<>properties<>6<>name": "coordinates", "BLOCK<>statements<>0<>bodyConfig<>statements<>4<>description": "", "BLOCK<>statements<>0<>bodyConfig<>statements<>5<>varName": "k", "BLOCK<>statements<>0<>bodyConfig<>statements<>5<>schema<>selection": "anyOf", "BLOCK<>statements<>0<>bodyConfig<>statements<>5<>schema<>types<>0<>type": "ANY", "BLOCK<>statements<>0<>bodyConfig<>statements<>5<>schema<>inferredTypes<>0": null, "BLOCK<>statements<>0<>bodyConfig<>statements<>5<>value<>type": "CUSTOM", "BLOCK<>statements<>0<>bodyConfig<>statements<>5<>value<>value": "rer.city", "BLOCK<>statements<>0<>bodyConfig<>statements<>5<>description": "", "BLOCK<>statements<>0<>bodyConfig<>statements<>5<>type": "DECLARATION", "BLOCK<>statements<>0<>bodyConfig<>statements<>5<>declarationType": "const", "BLOCK<>statements<>0<>bodyConfig<>statements<>5<>id": "4fbf4801_2a6a_46d9_96b1_c0ecf0daf879", "BLOCK<>statements<>0<>bodyConfig<>statements<>6<>varName": "fe", "BLOCK<>statements<>0<>bodyConfig<>statements<>6<>schema<>selection": "anyOf", "BLOCK<>statements<>0<>bodyConfig<>statements<>6<>schema<>types<>0<>type": "STRING", "BLOCK<>statements<>0<>bodyConfig<>statements<>6<>schema<>inferredTypes<>0": null, "BLOCK<>statements<>0<>bodyConfig<>statements<>6<>value<>type": "CUSTOM", "BLOCK<>statements<>0<>bodyConfig<>statements<>6<>value<>value": "rer.state", "BLOCK<>statements<>0<>bodyConfig<>statements<>6<>description": "", "BLOCK<>statements<>0<>bodyConfig<>statements<>6<>type": "DECLARATION", "BLOCK<>statements<>0<>bodyConfig<>statements<>6<>declarationType": "const", "BLOCK<>statements<>0<>bodyConfig<>statements<>6<>id": "4d800d52_9276_4c6f_a33e_a6a7e6cad49d", "BLOCK<>statements<>0<>bodyConfig<>statements<>7<>varName": "b", "BLOCK<>statements<>0<>bodyConfig<>statements<>7<>schema<>selection": "anyOf", "BLOCK<>statements<>0<>bodyConfig<>statements<>7<>schema<>types<>0<>type": "ANY", "BLOCK<>statements<>0<>bodyConfig<>statements<>7<>schema<>inferredTypes<>0": "NUMERIC", "BLOCK<>statements<>0<>bodyConfig<>statements<>7<>value<>type": "NUMERIC", "BLOCK<>statements<>0<>bodyConfig<>statements<>7<>value<>value": 11, "BLOCK<>statements<>0<>bodyConfig<>statements<>7<>description": "", "BLOCK<>statements<>0<>bodyConfig<>statements<>7<>type": "DECLARATION", "BLOCK<>statements<>0<>bodyConfig<>statements<>7<>declarationType": "const", "BLOCK<>statements<>0<>bodyConfig<>statements<>7<>id": "075e0b35_edf5_4d0a_abcb_a017a37cc799", "BLOCK<>statements<>0<>bodyConfig<>statements<>8<>varName": "m", "BLOCK<>statements<>0<>bodyConfig<>statements<>8<>schema<>selection": "anyOf", "BLOCK<>statements<>0<>bodyConfig<>statements<>8<>schema<>types<>0<>type": "ANY", "BLOCK<>statements<>0<>bodyConfig<>statements<>8<>schema<>inferredTypes<>0": null, "BLOCK<>statements<>0<>bodyConfig<>statements<>8<>value<>type": "CUSTOM", "BLOCK<>statements<>0<>bodyConfig<>statements<>8<>value<>value": "rer.city", "BLOCK<>statements<>0<>bodyConfig<>statements<>8<>description": "", "BLOCK<>statements<>0<>bodyConfig<>statements<>8<>type": "DECLARATION", "BLOCK<>statements<>0<>bodyConfig<>statements<>8<>declarationType": "const", "BLOCK<>statements<>0<>bodyConfig<>statements<>8<>id": "44c8dd0f_9541_4db0_8664_5c764b4e2007", "BLOCK<>statements<>0<>bodyConfig<>statements<>9<>id": "4a7ccca0_7162_4b54_80a5_d386fee995a0", "BLOCK<>statements<>0<>bodyConfig<>statements<>9<>type": "FUNCTION", "BLOCK<>statements<>0<>bodyConfig<>statements<>9<>name": "sub", "BLOCK<>statements<>0<>bodyConfig<>statements<>9<>isAsync": true, "BLOCK<>statements<>0<>bodyConfig<>statements<>9<>isAnonymous": false, "BLOCK<>statements<>0<>bodyConfig<>statements<>9<>isArrowFunciton": true, "BLOCK<>statements<>0<>bodyConfig<>statements<>9<>description": "", "BLOCK<>statements<>0<>bodyConfig<>statements<>9<>schema<>type": "FUNCTION", "BLOCK<>statements<>0<>bodyConfig<>statements<>9<>schema<>returnType<>selection": "anyOf", "BLOCK<>statements<>0<>bodyConfig<>statements<>9<>schema<>returnType<>types<>0<>type": "VOID", "BLOCK<>statements<>0<>bodyConfig<>statements<>9<>schema<>parameters": [], "BLOCK<>statements<>0<>bodyConfig<>statements<>9<>schema<>inferedTypes<>0<>type": "ANY", "BLOCK<>statements<>0<>bodyConfig<>statements<>9<>bodyConfig<>type": "BLOCK", "BLOCK<>statements<>0<>bodyConfig<>statements<>9<>bodyConfig<>statements<>0<>varName": "res", "BLOCK<>statements<>0<>bodyConfig<>statements<>9<>bodyConfig<>statements<>0<>schema<>selection": "anyOf", "BLOCK<>statements<>0<>bodyConfig<>statements<>9<>bodyConfig<>statements<>0<>schema<>types<>0<>type": "ANY", "BLOCK<>statements<>0<>bodyConfig<>statements<>9<>bodyConfig<>statements<>0<>schema<>inferredTypes<>0": "ANY", "BLOCK<>statements<>0<>bodyConfig<>statements<>9<>bodyConfig<>statements<>0<>value<>$ref": "05c06c2b_2759_4a67_a2e0_aa4db1c3624e", "BLOCK<>statements<>0<>bodyConfig<>statements<>9<>bodyConfig<>statements<>0<>value<>label": "getProfiles()", "BLOCK<>statements<>0<>bodyConfig<>statements<>9<>bodyConfig<>statements<>0<>value<>parameters": [], "BLOCK<>statements<>0<>bodyConfig<>statements<>9<>bodyConfig<>statements<>0<>value<>refType": "ENTITY", "BLOCK<>statements<>0<>bodyConfig<>statements<>9<>bodyConfig<>statements<>0<>value<>schema<>isAsync": true, "BLOCK<>statements<>0<>bodyConfig<>statements<>9<>bodyConfig<>statements<>0<>value<>schema<>parameters": [], "BLOCK<>statements<>0<>bodyConfig<>statements<>9<>bodyConfig<>statements<>0<>value<>schema<>returnType<>templateInputs<>0<>selection": "anyOf", "BLOCK<>statements<>0<>bodyConfig<>statements<>9<>bodyConfig<>statements<>0<>value<>schema<>returnType<>templateInputs<>0<>types<>0<>$ref": "86a5a245_9d3d_4e40_b782_5df9287ba74f", "BLOCK<>statements<>0<>bodyConfig<>statements<>9<>bodyConfig<>statements<>0<>value<>schema<>returnType<>type": "ARRAY", "BLOCK<>statements<>0<>bodyConfig<>statements<>9<>bodyConfig<>statements<>0<>value<>schema<>type": "FUNCTION", "BLOCK<>statements<>0<>bodyConfig<>statements<>9<>bodyConfig<>statements<>0<>value<>type": "FUNCTION_CALL", "BLOCK<>statements<>0<>bodyConfig<>statements<>9<>bodyConfig<>statements<>0<>value<>id": "f16a65ef_3aa9_48f1_ad41_5072915b9c72", "BLOCK<>statements<>0<>bodyConfig<>statements<>9<>bodyConfig<>statements<>0<>description": "", "BLOCK<>statements<>0<>bodyConfig<>statements<>9<>bodyConfig<>statements<>0<>type": "DECLARATION", "BLOCK<>statements<>0<>bodyConfig<>statements<>9<>bodyConfig<>statements<>0<>declarationType": "const", "BLOCK<>statements<>0<>bodyConfig<>statements<>9<>bodyConfig<>statements<>0<>id": "6158cfd5_de4e_4fca_b92b_d8c9e90e4ab7", "BLOCK<>statements<>0<>bodyConfig<>statements<>9<>bodyConfig<>id": "a3f1d953_9682_451e_ae06_01504458a3ad", "BLOCK<>statements<>0<>bodyConfig<>statements<>10<>id": "5df1e59f_2406_4231_97d5_eecc7a24f41e", "BLOCK<>statements<>0<>bodyConfig<>statements<>10<>type": "FUNCTION", "BLOCK<>statements<>0<>bodyConfig<>statements<>10<>name": "temp", "BLOCK<>statements<>0<>bodyConfig<>statements<>10<>isAsync": true, "BLOCK<>statements<>0<>bodyConfig<>statements<>10<>isAnonymous": false, "BLOCK<>statements<>0<>bodyConfig<>statements<>10<>isArrowFunciton": true, "BLOCK<>statements<>0<>bodyConfig<>statements<>10<>description": "", "BLOCK<>statements<>0<>bodyConfig<>statements<>10<>schema<>type": "FUNCTION", "BLOCK<>statements<>0<>bodyConfig<>statements<>10<>schema<>returnType<>selection": "anyOf", "BLOCK<>statements<>0<>bodyConfig<>statements<>10<>schema<>returnType<>types<>0<>type": "VOID", "BLOCK<>statements<>0<>bodyConfig<>statements<>10<>schema<>parameters": [], "BLOCK<>statements<>0<>bodyConfig<>statements<>10<>schema<>inferedTypes<>0<>type": "ANY", "BLOCK<>statements<>0<>bodyConfig<>statements<>10<>bodyConfig<>type": "BLOCK", "BLOCK<>statements<>0<>bodyConfig<>statements<>10<>bodyConfig<>statements<>0<>$ref": "05c06c2b_2759_4a67_a2e0_aa4db1c3624e", "BLOCK<>statements<>0<>bodyConfig<>statements<>10<>bodyConfig<>statements<>0<>label": "getProfiles()", "BLOCK<>statements<>0<>bodyConfig<>statements<>10<>bodyConfig<>statements<>0<>parameters": [], "BLOCK<>statements<>0<>bodyConfig<>statements<>10<>bodyConfig<>statements<>0<>refType": "ENTITY", "BLOCK<>statements<>0<>bodyConfig<>statements<>10<>bodyConfig<>statements<>0<>schema<>isAsync": true, "BLOCK<>statements<>0<>bodyConfig<>statements<>10<>bodyConfig<>statements<>0<>schema<>parameters": [], "BLOCK<>statements<>0<>bodyConfig<>statements<>10<>bodyConfig<>statements<>0<>schema<>returnType<>templateInputs<>0<>selection": "anyOf", "BLOCK<>statements<>0<>bodyConfig<>statements<>10<>bodyConfig<>statements<>0<>schema<>returnType<>templateInputs<>0<>types<>0<>$ref": "86a5a245_9d3d_4e40_b782_5df9287ba74f", "BLOCK<>statements<>0<>bodyConfig<>statements<>10<>bodyConfig<>statements<>0<>schema<>returnType<>type": "ARRAY", "BLOCK<>statements<>0<>bodyConfig<>statements<>10<>bodyConfig<>statements<>0<>schema<>type": "FUNCTION", "BLOCK<>statements<>0<>bodyConfig<>statements<>10<>bodyConfig<>statements<>0<>type": "FUNCTION_CALL", "BLOCK<>statements<>0<>bodyConfig<>statements<>10<>bodyConfig<>statements<>0<>id": "1bd5fc29_4b4f_425a_8b84_426b77479281", "BLOCK<>statements<>0<>bodyConfig<>statements<>10<>bodyConfig<>id": "8cade911_51fd_4337_8a74_b8359ca634a0", "BLOCK<>statements<>0<>bodyConfig<>statements<>11<>type": "RETURN", "BLOCK<>statements<>0<>bodyConfig<>statements<>11<>value<>type": "Element", "BLOCK<>statements<>0<>bodyConfig<>statements<>11<>value<>tagName": "div", "BLOCK<>statements<>0<>bodyConfig<>statements<>11<>value<>elementType": "html", "BLOCK<>statements<>0<>bodyConfig<>statements<>11<>value<>attributes<>id<>type": "CUSTOM", "BLOCK<>statements<>0<>bodyConfig<>statements<>11<>value<>attributes<>id<>value": "rer.city", "BLOCK<>statements<>0<>bodyConfig<>statements<>11<>value<>children<>0<>type": "Element", "BLOCK<>statements<>0<>bodyConfig<>statements<>11<>value<>children<>0<>tagName": "form", "BLOCK<>statements<>0<>bodyConfig<>statements<>11<>value<>children<>0<>elementType": "html", "BLOCK<>statements<>0<>bodyConfig<>statements<>11<>value<>children<>0<>attributes": {}, "BLOCK<>statements<>0<>bodyConfig<>statements<>11<>value<>children<>0<>children<>0<>type": "Element", "BLOCK<>statements<>0<>bodyConfig<>statements<>11<>value<>children<>0<>children<>0<>tagName": "div", "BLOCK<>statements<>0<>bodyConfig<>statements<>11<>value<>children<>0<>children<>0<>elementType": "html", "BLOCK<>statements<>0<>bodyConfig<>statements<>11<>value<>children<>0<>children<>0<>attributes<>id<>type": "STRING", "BLOCK<>statements<>0<>bodyConfig<>statements<>11<>value<>children<>0<>children<>0<>attributes<>id<>value": "Main", "BLOCK<>statements<>0<>bodyConfig<>statements<>11<>value<>children<>0<>children<>0<>children<>0<>type": "Element", "BLOCK<>statements<>0<>bodyConfig<>statements<>11<>value<>children<>0<>children<>0<>children<>0<>elementType": "TEXT", "BLOCK<>statements<>0<>bodyConfig<>statements<>11<>value<>children<>0<>children<>0<>children<>0<>textType": "text", "BLOCK<>statements<>0<>bodyConfig<>statements<>11<>value<>children<>0<>children<>0<>children<>0<>value": "Main\n          ", "BLOCK<>statements<>0<>bodyConfig<>statements<>11<>value<>children<>0<>children<>0<>children<>0<>children": [], "BLOCK<>statements<>0<>bodyConfig<>statements<>11<>value<>children<>0<>children<>0<>children<>0<>id": "73fa2198_08e3_49b1_95ac_853029e34bed", "BLOCK<>statements<>0<>bodyConfig<>statements<>11<>value<>children<>0<>children<>0<>children<>1<>type": "Element", "BLOCK<>statements<>0<>bodyConfig<>statements<>11<>value<>children<>0<>children<>0<>children<>1<>tagName": "div", "BLOCK<>statements<>0<>bodyConfig<>statements<>11<>value<>children<>0<>children<>0<>children<>1<>elementType": "html", "BLOCK<>statements<>0<>bodyConfig<>statements<>11<>value<>children<>0<>children<>0<>children<>1<>attributes": {}, "BLOCK<>statements<>0<>bodyConfig<>statements<>11<>value<>children<>0<>children<>0<>children<>1<>children<>0<>type": "Element", "BLOCK<>statements<>0<>bodyConfig<>statements<>11<>value<>children<>0<>children<>0<>children<>1<>children<>0<>tagName": "label", "BLOCK<>statements<>0<>bodyConfig<>statements<>11<>value<>children<>0<>children<>0<>children<>1<>children<>0<>elementType": "html", "BLOCK<>statements<>0<>bodyConfig<>statements<>11<>value<>children<>0<>children<>0<>children<>1<>children<>0<>attributes": {}, "BLOCK<>statements<>0<>bodyConfig<>statements<>11<>value<>children<>0<>children<>0<>children<>1<>children<>0<>children<>0<>type": "Element", "BLOCK<>statements<>0<>bodyConfig<>statements<>11<>value<>children<>0<>children<>0<>children<>1<>children<>0<>children<>0<>elementType": "TEXT", "BLOCK<>statements<>0<>bodyConfig<>statements<>11<>value<>children<>0<>children<>0<>children<>1<>children<>0<>children<>0<>textType": "text", "BLOCK<>statements<>0<>bodyConfig<>statements<>11<>value<>children<>0<>children<>0<>children<>1<>children<>0<>children<>0<>value": "text", "BLOCK<>statements<>0<>bodyConfig<>statements<>11<>value<>children<>0<>children<>0<>children<>1<>children<>0<>children<>0<>children": [], "BLOCK<>statements<>0<>bodyConfig<>statements<>11<>value<>children<>0<>children<>0<>children<>1<>children<>0<>children<>0<>id": "59831db8_3941_4f4f_8538_010bb17cfa7d", "BLOCK<>statements<>0<>bodyConfig<>statements<>11<>value<>children<>0<>children<>0<>children<>1<>children<>0<>library": "", "BLOCK<>statements<>0<>bodyConfig<>statements<>11<>value<>children<>0<>children<>0<>children<>1<>children<>0<>id": "b15dc81d_4605_429f_bd61_90b9d2ad82cd", "BLOCK<>statements<>0<>bodyConfig<>statements<>11<>value<>children<>0<>children<>0<>children<>1<>children<>1<>type": "Element", "BLOCK<>statements<>0<>bodyConfig<>statements<>11<>value<>children<>0<>children<>0<>children<>1<>children<>1<>tagName": "input", "BLOCK<>statements<>0<>bodyConfig<>statements<>11<>value<>children<>0<>children<>0<>children<>1<>children<>1<>elementType": "html", "BLOCK<>statements<>0<>bodyConfig<>statements<>11<>value<>children<>0<>children<>0<>children<>1<>children<>1<>attributes<>type<>type": "STRING", "BLOCK<>statements<>0<>bodyConfig<>statements<>11<>value<>children<>0<>children<>0<>children<>1<>children<>1<>attributes<>type<>value": "text", "BLOCK<>statements<>0<>bodyConfig<>statements<>11<>value<>children<>0<>children<>0<>children<>1<>children<>1<>attributes<>value<>type": "STRING", "BLOCK<>statements<>0<>bodyConfig<>statements<>11<>value<>children<>0<>children<>0<>children<>1<>children<>1<>attributes<>value<>value": "formData.contact.email", "BLOCK<>statements<>0<>bodyConfig<>statements<>11<>value<>children<>0<>children<>0<>children<>1<>children<>1<>library": "", "BLOCK<>statements<>0<>bodyConfig<>statements<>11<>value<>children<>0<>children<>0<>children<>1<>children<>1<>id": "d49470f0_e2c2_4059_aeab_7bb79f9855a4", "BLOCK<>statements<>0<>bodyConfig<>statements<>11<>value<>children<>0<>children<>0<>children<>1<>library": "", "BLOCK<>statements<>0<>bodyConfig<>statements<>11<>value<>children<>0<>children<>0<>children<>1<>id": "7669d60b_7c1e_4cbc_a792_20e609b0d55f", "BLOCK<>statements<>0<>bodyConfig<>statements<>11<>value<>children<>0<>children<>0<>children<>2<>type": "Element", "BLOCK<>statements<>0<>bodyConfig<>statements<>11<>value<>children<>0<>children<>0<>children<>2<>tagName": "button", "BLOCK<>statements<>0<>bodyConfig<>statements<>11<>value<>children<>0<>children<>0<>children<>2<>elementType": "html", "BLOCK<>statements<>0<>bodyConfig<>statements<>11<>value<>children<>0<>children<>0<>children<>2<>attributes<>type<>type": "STRING", "BLOCK<>statements<>0<>bodyConfig<>statements<>11<>value<>children<>0<>children<>0<>children<>2<>attributes<>type<>value": "submit", "BLOCK<>statements<>0<>bodyConfig<>statements<>11<>value<>children<>0<>children<>0<>children<>2<>children<>0<>type": "Element", "BLOCK<>statements<>0<>bodyConfig<>statements<>11<>value<>children<>0<>children<>0<>children<>2<>children<>0<>elementType": "TEXT", "BLOCK<>statements<>0<>bodyConfig<>statements<>11<>value<>children<>0<>children<>0<>children<>2<>children<>0<>textType": "text", "BLOCK<>statements<>0<>bodyConfig<>statements<>11<>value<>children<>0<>children<>0<>children<>2<>children<>0<>value": "Submit", "BLOCK<>statements<>0<>bodyConfig<>statements<>11<>value<>children<>0<>children<>0<>children<>2<>children<>0<>children": [], "BLOCK<>statements<>0<>bodyConfig<>statements<>11<>value<>children<>0<>children<>0<>children<>2<>children<>0<>id": "db3209a2_fdaf_4cb0_b8c7_4307510973e9", "BLOCK<>statements<>0<>bodyConfig<>statements<>11<>value<>children<>0<>children<>0<>children<>2<>library": "", "BLOCK<>statements<>0<>bodyConfig<>statements<>11<>value<>children<>0<>children<>0<>children<>2<>id": "bdb44950_8f64_4f98_9192_7387e7e247bf", "BLOCK<>statements<>0<>bodyConfig<>statements<>11<>value<>children<>0<>children<>0<>library": "", "BLOCK<>statements<>0<>bodyConfig<>statements<>11<>value<>children<>0<>children<>0<>id": "62dbee5b_0df5_4b0f_a6e4_7324a482e8ac", "BLOCK<>statements<>0<>bodyConfig<>statements<>11<>value<>children<>0<>library": "", "BLOCK<>statements<>0<>bodyConfig<>statements<>11<>value<>children<>0<>id": "9d3c528f_f911_4dc0_bb85_3d7114839019", "BLOCK<>statements<>0<>bodyConfig<>statements<>11<>value<>children<>1<>type": "Element", "BLOCK<>statements<>0<>bodyConfig<>statements<>11<>value<>children<>1<>tagName": "form", "BLOCK<>statements<>0<>bodyConfig<>statements<>11<>value<>children<>1<>elementType": "html", "BLOCK<>statements<>0<>bodyConfig<>statements<>11<>value<>children<>1<>attributes": {}, "BLOCK<>statements<>0<>bodyConfig<>statements<>11<>value<>children<>1<>children<>0<>type": "Element", "BLOCK<>statements<>0<>bodyConfig<>statements<>11<>value<>children<>1<>children<>0<>tagName": "div", "BLOCK<>statements<>0<>bodyConfig<>statements<>11<>value<>children<>1<>children<>0<>elementType": "html", "BLOCK<>statements<>0<>bodyConfig<>statements<>11<>value<>children<>1<>children<>0<>attributes<>id<>type": "STRING", "BLOCK<>statements<>0<>bodyConfig<>statements<>11<>value<>children<>1<>children<>0<>attributes<>id<>value": "Main", "BLOCK<>statements<>0<>bodyConfig<>statements<>11<>value<>children<>1<>children<>0<>children<>0<>type": "Element", "BLOCK<>statements<>0<>bodyConfig<>statements<>11<>value<>children<>1<>children<>0<>children<>0<>elementType": "TEXT", "BLOCK<>statements<>0<>bodyConfig<>statements<>11<>value<>children<>1<>children<>0<>children<>0<>textType": "text", "BLOCK<>statements<>0<>bodyConfig<>statements<>11<>value<>children<>1<>children<>0<>children<>0<>value": "Main\n          ", "BLOCK<>statements<>0<>bodyConfig<>statements<>11<>value<>children<>1<>children<>0<>children<>0<>children": [], "BLOCK<>statements<>0<>bodyConfig<>statements<>11<>value<>children<>1<>children<>0<>children<>0<>id": "5858d0c1_8cd3_482c_a78d_f8d20e2e910b", "BLOCK<>statements<>0<>bodyConfig<>statements<>11<>value<>children<>1<>children<>0<>children<>1<>type": "Element", "BLOCK<>statements<>0<>bodyConfig<>statements<>11<>value<>children<>1<>children<>0<>children<>1<>tagName": "div", "BLOCK<>statements<>0<>bodyConfig<>statements<>11<>value<>children<>1<>children<>0<>children<>1<>elementType": "html", "BLOCK<>statements<>0<>bodyConfig<>statements<>11<>value<>children<>1<>children<>0<>children<>1<>attributes": {}, "BLOCK<>statements<>0<>bodyConfig<>statements<>11<>value<>children<>1<>children<>0<>children<>1<>children<>0<>type": "Element", "BLOCK<>statements<>0<>bodyConfig<>statements<>11<>value<>children<>1<>children<>0<>children<>1<>children<>0<>tagName": "label", "BLOCK<>statements<>0<>bodyConfig<>statements<>11<>value<>children<>1<>children<>0<>children<>1<>children<>0<>elementType": "html", "BLOCK<>statements<>0<>bodyConfig<>statements<>11<>value<>children<>1<>children<>0<>children<>1<>children<>0<>attributes": {}, "BLOCK<>statements<>0<>bodyConfig<>statements<>11<>value<>children<>1<>children<>0<>children<>1<>children<>0<>children<>0<>type": "Element", "BLOCK<>statements<>0<>bodyConfig<>statements<>11<>value<>children<>1<>children<>0<>children<>1<>children<>0<>children<>0<>elementType": "TEXT", "BLOCK<>statements<>0<>bodyConfig<>statements<>11<>value<>children<>1<>children<>0<>children<>1<>children<>0<>children<>0<>textType": "text", "BLOCK<>statements<>0<>bodyConfig<>statements<>11<>value<>children<>1<>children<>0<>children<>1<>children<>0<>children<>0<>value": "text", "BLOCK<>statements<>0<>bodyConfig<>statements<>11<>value<>children<>1<>children<>0<>children<>1<>children<>0<>children<>0<>children": [], "BLOCK<>statements<>0<>bodyConfig<>statements<>11<>value<>children<>1<>children<>0<>children<>1<>children<>0<>children<>0<>id": "f84dab3e_3ba1_489f_95d2_147ea510d52a", "BLOCK<>statements<>0<>bodyConfig<>statements<>11<>value<>children<>1<>children<>0<>children<>1<>children<>0<>library": "", "BLOCK<>statements<>0<>bodyConfig<>statements<>11<>value<>children<>1<>children<>0<>children<>1<>children<>0<>id": "0e0c75f6_dbff_4d60_a2e5_0d3440ff332b", "BLOCK<>statements<>0<>bodyConfig<>statements<>11<>value<>children<>1<>children<>0<>children<>1<>children<>1<>type": "Element", "BLOCK<>statements<>0<>bodyConfig<>statements<>11<>value<>children<>1<>children<>0<>children<>1<>children<>1<>tagName": "input", "BLOCK<>statements<>0<>bodyConfig<>statements<>11<>value<>children<>1<>children<>0<>children<>1<>children<>1<>elementType": "html", "BLOCK<>statements<>0<>bodyConfig<>statements<>11<>value<>children<>1<>children<>0<>children<>1<>children<>1<>attributes<>type<>type": "CUSTOM", "BLOCK<>statements<>0<>bodyConfig<>statements<>11<>value<>children<>1<>children<>0<>children<>1<>children<>1<>attributes<>type<>value": "text", "BLOCK<>statements<>0<>bodyConfig<>statements<>11<>value<>children<>1<>children<>0<>children<>1<>children<>1<>attributes<>value<>type": "CUSTOM", "BLOCK<>statements<>0<>bodyConfig<>statements<>11<>value<>children<>1<>children<>0<>children<>1<>children<>1<>attributes<>value<>value": "formData.address.city", "BLOCK<>statements<>0<>bodyConfig<>statements<>11<>value<>children<>1<>children<>0<>children<>1<>children<>1<>library": "", "BLOCK<>statements<>0<>bodyConfig<>statements<>11<>value<>children<>1<>children<>0<>children<>1<>children<>1<>id": "37614daf_36ae_4084_9f4d_2e5c38982635", "BLOCK<>statements<>0<>bodyConfig<>statements<>11<>value<>children<>1<>children<>0<>children<>1<>library": "", "BLOCK<>statements<>0<>bodyConfig<>statements<>11<>value<>children<>1<>children<>0<>children<>1<>id": "681c8d78_1180_43a0_93ec_2a5596fe8f3e", "BLOCK<>statements<>0<>bodyConfig<>statements<>11<>value<>children<>1<>children<>0<>children<>2<>type": "Element", "BLOCK<>statements<>0<>bodyConfig<>statements<>11<>value<>children<>1<>children<>0<>children<>2<>tagName": "button", "BLOCK<>statements<>0<>bodyConfig<>statements<>11<>value<>children<>1<>children<>0<>children<>2<>elementType": "html", "BLOCK<>statements<>0<>bodyConfig<>statements<>11<>value<>children<>1<>children<>0<>children<>2<>attributes<>onClick<>type": "CUSTOM", "BLOCK<>statements<>0<>bodyConfig<>statements<>11<>value<>children<>1<>children<>0<>children<>2<>attributes<>onClick<>value": "getProfile", "BLOCK<>statements<>0<>bodyConfig<>statements<>11<>value<>children<>1<>children<>0<>children<>2<>attributes<>type<>type": "STRING", "BLOCK<>statements<>0<>bodyConfig<>statements<>11<>value<>children<>1<>children<>0<>children<>2<>attributes<>type<>value": "submit", "BLOCK<>statements<>0<>bodyConfig<>statements<>11<>value<>children<>1<>children<>0<>children<>2<>children<>0<>type": "Element", "BLOCK<>statements<>0<>bodyConfig<>statements<>11<>value<>children<>1<>children<>0<>children<>2<>children<>0<>elementType": "TEXT", "BLOCK<>statements<>0<>bodyConfig<>statements<>11<>value<>children<>1<>children<>0<>children<>2<>children<>0<>textType": "text", "BLOCK<>statements<>0<>bodyConfig<>statements<>11<>value<>children<>1<>children<>0<>children<>2<>children<>0<>value": "Submit\n          ", "BLOCK<>statements<>0<>bodyConfig<>statements<>11<>value<>children<>1<>children<>0<>children<>2<>children<>0<>children": [], "BLOCK<>statements<>0<>bodyConfig<>statements<>11<>value<>children<>1<>children<>0<>children<>2<>children<>0<>id": "4911940e_ab51_44b0_a58f_0c5aa80d9360", "BLOCK<>statements<>0<>bodyConfig<>statements<>11<>value<>children<>1<>children<>0<>children<>2<>library": "", "BLOCK<>statements<>0<>bodyConfig<>statements<>11<>value<>children<>1<>children<>0<>children<>2<>id": "8c7bee9d_7501_4929_9c71_e9892cd0dd0e", "BLOCK<>statements<>0<>bodyConfig<>statements<>11<>value<>children<>1<>children<>0<>library": "", "BLOCK<>statements<>0<>bodyConfig<>statements<>11<>value<>children<>1<>children<>0<>id": "635f736a_49b8_466c_999a_a484bdd1519e", "BLOCK<>statements<>0<>bodyConfig<>statements<>11<>value<>children<>1<>library": "", "BLOCK<>statements<>0<>bodyConfig<>statements<>11<>value<>children<>1<>id": "22cd100f_242b_4b42_aa4c_98ce956cb11a", "BLOCK<>statements<>0<>bodyConfig<>statements<>11<>value<>library": "", "BLOCK<>statements<>0<>bodyConfig<>statements<>11<>value<>id": "07c21e5b_2556_46cc_97b8_5779268dc770", "BLOCK<>statements<>0<>bodyConfig<>statements<>11<>id": "bcae91f2_0bc3_4187_b248_90dd5d07f4eb", "BLOCK<>statements<>0<>bodyConfig<>statements<>12<>id": "443f8dde_230b_4fc5_96e1_d0cb8af8a8aa", "BLOCK<>statements<>0<>bodyConfig<>statements<>12<>setterId": "f3285a95_1812_43ef_939d_3e61978fd341", "BLOCK<>statements<>0<>bodyConfig<>statements<>12<>type": "REACT_USE_STATE", "BLOCK<>statements<>0<>bodyConfig<>statements<>12<>varName": "FormData", "BLOCK<>statements<>0<>bodyConfig<>statements<>12<>schema<>selection": "anyOf", "BLOCK<>statements<>0<>bodyConfig<>statements<>12<>schema<>types<>0<>type": "ANY", "BLOCK<>statements<>0<>bodyConfig<>statements<>12<>defaultValue<>type": "ANY", "BLOCK<>statements<>0<>bodyConfig<>statements<>12<>defaultValue<>value": null, "BLOCK<>statements<>0<>bodyConfig<>statements<>12<>description": "", "BLOCK<>statements<>0<>bodyConfig<>statements<>13<>id": "c286268a_3b33_4546_9cd5_e48fb45be9f2", "BLOCK<>statements<>0<>bodyConfig<>statements<>13<>setterId": "ebd9e04d_2607_4b38_8f47_069b1fedd7c8", "BLOCK<>statements<>0<>bodyConfig<>statements<>13<>type": "REACT_USE_STATE", "BLOCK<>statements<>0<>bodyConfig<>statements<>13<>varName": "AnkPS", "BLOCK<>statements<>0<>bodyConfig<>statements<>13<>schema<>selection": "anyOf", "BLOCK<>statements<>0<>bodyConfig<>statements<>13<>schema<>types<>0<>type": "ANY", "BLOCK<>statements<>0<>bodyConfig<>statements<>13<>defaultValue<>type": "ANY", "BLOCK<>statements<>0<>bodyConfig<>statements<>13<>defaultValue<>value": null, "BLOCK<>statements<>0<>bodyConfig<>statements<>13<>description": "", "BLOCK<>statements<>0<>bodyConfig<>id": "33c9060c_df71_4488_85d0_09ed84d4442f", "BLOCK<>statements<>0<>propVars<>0<>id": "45664bef_e949_43c6_a076_5d228faf7583", "BLOCK<>statements<>0<>propVars<>0<>name": "prop1", "BLOCK<>statements<>0<>propVars<>0<>isRequired": true, "BLOCK<>statements<>0<>propVars<>0<>schema<>selection": "anyOf", "BLOCK<>statements<>0<>propVars<>0<>schema<>inferedTypes<>0<>type": "ANY", "BLOCK<>statements<>0<>propVars<>0<>schema<>types<>0<>type": "ANY", "BLOCK<>statements<>0<>propVars<>0<>defaultValue": null, "BLOCK<>statements<>0<>propVars<>0<>description": "", "BLOCK<>type": "BLOCK", "EXPORTS<>default": "bfd825a6_a961_40db_a2d1_9a0d0c1fb5d0", "EXPORTS<>others": [], "IMPORTS<>components": [], "IMPORTS<>other<>0<>TYPE": "THIRD_PARTY", "IMPORTS<>other<>0<>from": "react", "IMPORTS<>other<>0<>import_entity": "React", "IMPORTS<>other<>0<>import_type": "SINGLE", "name": "Main"}