{"IMPORTS<>other": [], "IMPORTS<>components": [], "BLOCK<>type": "BLOCK", "BLOCK<>noWrap": 1, "BLOCK<>id": "9d537790_febe_4294_b72c_4074d0b6a747", "BLOCK<>statements<>0<>type": "CUSTOM", "BLOCK<>statements<>0<>body": "import { defineConfig } from \"vite\";\n                            import react from \"@vitejs/plugin-react\";\n\n                            export default defineConfig({\n                            plugins: [react()], //change based on framework\n                            server: { \n                                host: true,\n                                hmr: {\n                                    host: \"\"\n                                },\n                                allowedHosts: []\n                            },\n                            build: {\n                                outDir: ''\n                            }\n                            });\n                        ", "BLOCK<>statements<>0<>id": "d1756ccf_bf17_4768_a09f_5ff237b4cd20", "EXPORTS<>default": "", "EXPORTS<>others": [], "name": "vite.config"}