{"MAIN_COMPONENT<>index": "BLOCK", "MAIN_COMPONENT<>type": "BLOCK", "MAIN_COMPONENT<>parentBlockId": null, "MAIN_COMPONENT<>parentFunctionId": null, "MAIN_COMPONENT<>parent_scope": {}, "MAIN_COMPONENT<>scope<>App": "433aa9ec_f825_4ce1_8a7f_94f6b237d688", "MAIN_COMPONENT<>startIndex": 106, "MAIN_COMPONENT<>endIndex": 221, "433aa9ec_f825_4ce1_8a7f_94f6b237d688<>index": "BLOCK<>statements<>0", "433aa9ec_f825_4ce1_8a7f_94f6b237d688<>type": "REACT_COMPONENT", "433aa9ec_f825_4ce1_8a7f_94f6b237d688<>parentBlockId": "MAIN_COMPONENT", "433aa9ec_f825_4ce1_8a7f_94f6b237d688<>name": "App", "433aa9ec_f825_4ce1_8a7f_94f6b237d688<>returnStatements<>0<>statement_id": "4a0b5027_da1b_4ea7_9192_f0ea7b69e3aa", "433aa9ec_f825_4ce1_8a7f_94f6b237d688<>returnStatements<>0<>index": "BLOCK<>statements<>0<>bodyConfig<>statements<>0", "433aa9ec_f825_4ce1_8a7f_94f6b237d688<>schema<>props": [], "433aa9ec_f825_4ce1_8a7f_94f6b237d688<>schema<>hasImperativeHandling": false, "433aa9ec_f825_4ce1_8a7f_94f6b237d688<>schema<>type": "REACT_FC", "433aa9ec_f825_4ce1_8a7f_94f6b237d688<>startIndex": 106, "433aa9ec_f825_4ce1_8a7f_94f6b237d688<>endIndex": 221, "4562c89e_6bc8_4deb_87b9_c3c420dad8fa<>index": "BLOCK<>statements<>0<>bodyConfig", "4562c89e_6bc8_4deb_87b9_c3c420dad8fa<>type": "BLOCK", "4562c89e_6bc8_4deb_87b9_c3c420dad8fa<>parentBlockId": "MAIN_COMPONENT", "4562c89e_6bc8_4deb_87b9_c3c420dad8fa<>parentFunctionId": "433aa9ec_f825_4ce1_8a7f_94f6b237d688", "4562c89e_6bc8_4deb_87b9_c3c420dad8fa<>parent_scope<>App": "433aa9ec_f825_4ce1_8a7f_94f6b237d688", "4562c89e_6bc8_4deb_87b9_c3c420dad8fa<>scope": {}, "4562c89e_6bc8_4deb_87b9_c3c420dad8fa<>startIndex": 124, "4562c89e_6bc8_4deb_87b9_c3c420dad8fa<>endIndex": 221, "4a0b5027_da1b_4ea7_9192_f0ea7b69e3aa<>index": "BLOCK<>statements<>0<>bodyConfig<>statements<>0", "4a0b5027_da1b_4ea7_9192_f0ea7b69e3aa<>type": "RETURN", "4a0b5027_da1b_4ea7_9192_f0ea7b69e3aa<>parentBlockId": "4562c89e_6bc8_4deb_87b9_c3c420dad8fa", "4a0b5027_da1b_4ea7_9192_f0ea7b69e3aa<>startIndex": 128, "4a0b5027_da1b_4ea7_9192_f0ea7b69e3aa<>endIndex": 214, "66a3b5ce_d264_48fd_a61c_999b2c24898d<>index": "BLOCK<>statements<>0<>bodyConfig<>statements<>0<>value", "66a3b5ce_d264_48fd_a61c_999b2c24898d<>type": "Element", "66a3b5ce_d264_48fd_a61c_999b2c24898d<>parentBlockId": "4562c89e_6bc8_4deb_87b9_c3c420dad8fa", "66a3b5ce_d264_48fd_a61c_999b2c24898d<>startIndex": 141, "66a3b5ce_d264_48fd_a61c_999b2c24898d<>endIndex": 214, "6386f9ef_c8fe_4475_84d7_f9a56f66db13<>index": "BLOCK<>statements<>0<>bodyConfig<>statements<>0<>value<>children<>0", "6386f9ef_c8fe_4475_84d7_f9a56f66db13<>type": "Element", "6386f9ef_c8fe_4475_84d7_f9a56f66db13<>parentBlockId": "66a3b5ce_d264_48fd_a61c_999b2c24898d", "6386f9ef_c8fe_4475_84d7_f9a56f66db13<>startIndex": 150, "6386f9ef_c8fe_4475_84d7_f9a56f66db13<>endIndex": 206, "52418321_0cff_484b_8475_d5942ce75fd2<>index": "BLOCK<>statements<>0<>bodyConfig<>statements<>0<>value<>children<>0<>children<>0", "52418321_0cff_484b_8475_d5942ce75fd2<>type": "Element", "52418321_0cff_484b_8475_d5942ce75fd2<>parentBlockId": "6386f9ef_c8fe_4475_84d7_f9a56f66db13", "52418321_0cff_484b_8475_d5942ce75fd2<>startIndex": 174, "52418321_0cff_484b_8475_d5942ce75fd2<>endIndex": 183}