{"IMPORTS<>other": [], "IMPORTS<>components": [], "EXPORTS<>default": "433aa9ec_f825_4ce1_8a7f_94f6b237d688", "EXPORTS<>others": [], "BLOCK<>type": "BLOCK", "BLOCK<>noWrap": 1, "BLOCK<>id": "MAIN_COMPONENT", "BLOCK<>statements<>0<>type": "REACT_COMPONENT", "BLOCK<>statements<>0<>id": "433aa9ec_f825_4ce1_8a7f_94f6b237d688", "BLOCK<>statements<>0<>name": "App", "BLOCK<>statements<>0<>propVars": [], "BLOCK<>statements<>0<>bodyConfig<>type": "BLOCK", "BLOCK<>statements<>0<>bodyConfig<>statements<>0<>type": "RETURN", "BLOCK<>statements<>0<>bodyConfig<>statements<>0<>value<>type": "Element", "BLOCK<>statements<>0<>bodyConfig<>statements<>0<>value<>tagName": "fragment", "BLOCK<>statements<>0<>bodyConfig<>statements<>0<>value<>attributes": {}, "BLOCK<>statements<>0<>bodyConfig<>statements<>0<>value<>elementType": "html", "BLOCK<>statements<>0<>bodyConfig<>statements<>0<>value<>children<>0<>$ref": "THEME_PROVIDER", "BLOCK<>statements<>0<>bodyConfig<>statements<>0<>value<>children<>0<>attributes": {}, "BLOCK<>statements<>0<>bodyConfig<>statements<>0<>value<>children<>0<>children<>0<>attributes": {}, "BLOCK<>statements<>0<>bodyConfig<>statements<>0<>value<>children<>0<>children<>0<>children": [], "BLOCK<>statements<>0<>bodyConfig<>statements<>0<>value<>children<>0<>children<>0<>elementType": "OUTLET", "BLOCK<>statements<>0<>bodyConfig<>statements<>0<>value<>children<>0<>children<>0<>tagName": "Outlet", "BLOCK<>statements<>0<>bodyConfig<>statements<>0<>value<>children<>0<>children<>0<>type": "Element", "BLOCK<>statements<>0<>bodyConfig<>statements<>0<>value<>children<>0<>children<>0<>id": "52418321_0cff_484b_8475_d5942ce75fd2", "BLOCK<>statements<>0<>bodyConfig<>statements<>0<>value<>children<>0<>elementType": "COMPONENT", "BLOCK<>statements<>0<>bodyConfig<>statements<>0<>value<>children<>0<>tagName": "ThemeProvider", "BLOCK<>statements<>0<>bodyConfig<>statements<>0<>value<>children<>0<>type": "Element", "BLOCK<>statements<>0<>bodyConfig<>statements<>0<>value<>children<>0<>id": "6386f9ef_c8fe_4475_84d7_f9a56f66db13", "BLOCK<>statements<>0<>bodyConfig<>statements<>0<>value<>id": "66a3b5ce_d264_48fd_a61c_999b2c24898d", "BLOCK<>statements<>0<>bodyConfig<>statements<>0<>id": "4a0b5027_da1b_4ea7_9192_f0ea7b69e3aa", "BLOCK<>statements<>0<>bodyConfig<>id": "4562c89e_6bc8_4deb_87b9_c3c420dad8fa", "BLOCK<>statements<>0<>schema<>props": [], "BLOCK<>statements<>0<>schema<>hasImperativeHandling": false, "BLOCK<>statements<>0<>schema<>type": "REACT_FC", "name": "App"}