{"78e4bbd3_02b3_41bd_8451_d8546470d460": {"type": "OBJECT", "properties": {"d82ab845_cdd2_408d_b938_a0af989fd759": {"selection": "anyOf", "types": [{"type": "STRING"}], "name": "name", "id": "d82ab845_cdd2_408d_b938_a0af989fd759"}, "a28a639b_3ecf_462d_b991_eb656e87f119": {"selection": "anyOf", "types": [{"type": "STRING", "format": "email"}], "name": "email", "id": "a28a639b_3ecf_462d_b991_eb656e87f119"}, "7d6e2deb_494b_446c_ba98_3314120d930a": {"selection": "anyOf", "types": [{"type": "STRING"}], "name": "password", "id": "7d6e2deb_494b_446c_ba98_3314120d930a"}, "40cf0f82_99cc_4453_ba53_8ef709869d7c": {"selection": "anyOf", "types": [{"type": "STRING"}], "name": "description", "id": "40cf0f82_99cc_4453_ba53_8ef709869d7c"}}, "required": ["name", "email", "password"], "schemaType": "modals", "id": "78e4bbd3_02b3_41bd_8451_d8546470d460", "name": "RegisterRequest"}, "7e7ed089_e8cb_44fb_b763_ab013fd27f5b": {"type": "OBJECT", "properties": {"3efe9583_d68f_4b44_860b_6a7e57f8e724": {"selection": "anyOf", "types": [{"type": "STRING", "format": "email"}], "name": "email", "id": "3efe9583_d68f_4b44_860b_6a7e57f8e724"}, "9891dbd7_2a81_45c3_8dcc_da5bdfdb5c66": {"selection": "anyOf", "types": [{"type": "STRING"}], "name": "password", "id": "9891dbd7_2a81_45c3_8dcc_da5bdfdb5c66"}}, "required": ["email", "password"], "schemaType": "modals", "id": "7e7ed089_e8cb_44fb_b763_ab013fd27f5b", "name": "LoginRequest"}, "91322a3b_6df5_4e3c_ae82_44266fdc40d4": {"type": "OBJECT", "properties": {"99a7d810_20a8_472a_8d86_cb8ab4add1fe": {"selection": "anyOf", "types": [{"type": "STRING"}], "name": "token", "id": "99a7d810_20a8_472a_8d86_cb8ab4add1fe"}}, "required": [], "schemaType": "modals", "id": "91322a3b_6df5_4e3c_ae82_44266fdc40d4", "name": "AuthResponse"}, "e59a221f_08e0_47ec_abb5_6506f7dc0cda": {"type": "OBJECT", "properties": {"599d4a13_7b93_4c7e_8ab6_d298fcfd938c": {"selection": "anyOf", "types": [{"type": "STRING"}], "name": "name", "id": "599d4a13_7b93_4c7e_8ab6_d298fcfd938c"}, "28edcb23_62aa_49d7_8438_4725b7061286": {"selection": "anyOf", "types": [{"type": "STRING"}], "name": "email", "id": "28edcb23_62aa_49d7_8438_4725b7061286"}, "07c197f4_7089_4c2a_a068_7d6e7e9493ad": {"selection": "anyOf", "types": [{"type": "STRING"}], "name": "description", "id": "07c197f4_7089_4c2a_a068_7d6e7e9493ad"}, "03e333b8_ec4b_4b94_9711_e61561ed5322": {"selection": "anyOf", "types": [{"type": "STRING"}], "name": "role", "id": "03e333b8_ec4b_4b94_9711_e61561ed5322"}, "c90328a6_ee55_4236_b2d9_241420f57180": {"selection": "anyOf", "types": [{"type": "STRING"}], "name": "status", "id": "c90328a6_ee55_4236_b2d9_241420f57180"}, "2f96630d_af06_4e2a_8410_e51219adbc82": {"selection": "anyOf", "types": [{"type": "NUMERIC"}], "name": "loginCount", "id": "2f96630d_af06_4e2a_8410_e51219adbc82"}, "ba07e3b2_8b0a_41ea_b056_fd71ebfcda12": {"selection": "anyOf", "types": [{"type": "STRING"}], "name": "lastLogin", "id": "ba07e3b2_8b0a_41ea_b056_fd71ebfcda12"}, "e9e1cc36_a501_4124_b42c_adc72fc9742b": {"selection": "anyOf", "types": [{"type": "STRING"}], "name": "registeredAt", "id": "e9e1cc36_a501_4124_b42c_adc72fc9742b"}}, "required": [], "schemaType": "modals", "id": "e59a221f_08e0_47ec_abb5_6506f7dc0cda", "name": "Profile"}, "e2baf5e8_019c_4fd0_90c5_295d8d1beea8": {"type": "OBJECT", "properties": {"1e873f58_6415_408c_a982_7915af643c42": {"selection": "anyOf", "types": [{"type": "NUMERIC"}], "name": "totalUsers", "id": "1e873f58_6415_408c_a982_7915af643c42"}, "ee425c52_33f0_4efb_bf72_fa0b5264c817": {"selection": "anyOf", "types": [{"type": "NUMERIC"}], "name": "registeredToday", "id": "ee425c52_33f0_4efb_bf72_fa0b5264c817"}, "ebf9c0fe_f595_4291_be9d_baa152768d1d": {"selection": "anyOf", "types": [{"type": "NUMERIC"}], "name": "registeredThisWeek", "id": "ebf9c0fe_f595_4291_be9d_baa152768d1d"}, "1e79cf11_4160_4ca0_b7c5_077432f5e7f0": {"selection": "anyOf", "types": [{"type": "OBJECT", "properties": {}, "additionalProperties": {"selection": "anyOf", "types": [{"type": "NUMERIC"}]}, "id": "e2baf5e8_019c_4fd0_90c5_295d8d1beea8"}], "name": "registrationsByDay", "id": "1e79cf11_4160_4ca0_b7c5_077432f5e7f0", "isUnresolved": true}, "33075a7b_d805_4da4_8c40_4ada504d0fba": {"type": "ARRAY", "templateInputs": [{"selection": "anyOf", "types": [{"type": "OBJECT", "properties": {"date": {"selection": "anyOf", "types": [{"type": "STRING"}]}, "count": {"selection": "anyOf", "types": [{"type": "NUMERIC"}]}}, "required": []}], "isUnresolved": true}], "name": "topRegistrationDays", "id": "33075a7b_d805_4da4_8c40_4ada504d0fba", "isUnresolved": true}, "8adfe5a2_1949_4461_8e71_776799176617": {"selection": "anyOf", "types": [{"type": "NUMERIC"}], "name": "uniqueEmailDomains", "id": "8adfe5a2_1949_4461_8e71_776799176617"}, "3c73046c_c609_4f8d_8537_53ec9b0d348f": {"selection": "anyOf", "types": [{"type": "OBJECT", "properties": {}, "additionalProperties": {"selection": "anyOf", "types": [{"type": "NUMERIC"}]}, "id": "e2baf5e8_019c_4fd0_90c5_295d8d1beea8"}], "name": "emailDomains", "id": "3c73046c_c609_4f8d_8537_53ec9b0d348f", "isUnresolved": true}, "c365c07d_a6af_4cf9_bcff_9a9b57bab0ef": {"selection": "anyOf", "types": [{"$ref": "e59a221f_08e0_47ec_abb5_6506f7dc0cda"}], "name": "earliestUser", "id": "c365c07d_a6af_4cf9_bcff_9a9b57bab0ef"}, "50fc6f8f_ed3a_49b1_8505_15844a3d711d": {"selection": "anyOf", "types": [{"$ref": "e59a221f_08e0_47ec_abb5_6506f7dc0cda"}], "name": "latestUser", "id": "50fc6f8f_ed3a_49b1_8505_15844a3d711d"}, "0640c25c_40d6_43f0_8bd9_4a92a5a584f3": {"type": "ARRAY", "templateInputs": [{"selection": "anyOf", "types": [{"type": "OBJECT", "properties": {"name": {"selection": "anyOf", "types": [{"type": "STRING"}]}, "email": {"selection": "anyOf", "types": [{"type": "STRING"}]}, "registeredAt": {"selection": "anyOf", "types": [{"type": "STRING"}]}}, "required": []}], "isUnresolved": true}], "name": "latestUsers", "id": "0640c25c_40d6_43f0_8bd9_4a92a5a584f3", "isUnresolved": true}}, "required": [], "schemaType": "modals", "id": "e2baf5e8_019c_4fd0_90c5_295d8d1beea8", "name": "StatsResponse", "isUnresolved": true}, "d76d9524_3745_4681_86a7_8d5e865aad5e": {"type": "OBJECT", "properties": {"6acfde66_df35_4c14_9ca3_4b36f1489284": {"selection": "anyOf", "types": [{"type": "STRING"}], "name": "name", "id": "6acfde66_df35_4c14_9ca3_4b36f1489284"}, "5c3f22d7_3632_4bcc_b08d_80a357bfc504": {"selection": "anyOf", "types": [{"type": "STRING"}], "name": "email", "id": "5c3f22d7_3632_4bcc_b08d_80a357bfc504"}, "ebf134b2_df8c_4a91_9483_b6d6f1283ca2": {"selection": "anyOf", "types": [{"type": "STRING"}], "name": "registeredAt", "id": "ebf134b2_df8c_4a91_9483_b6d6f1283ca2"}}, "required": [], "schemaType": "modals", "id": "d76d9524_3745_4681_86a7_8d5e865aad5e", "name": "UserSummary"}, "2b88dfbc_bfd5_44cb_b5e5_2ce8bf758d95": {"type": "OBJECT", "properties": {"0b4844f4_489f_425e_98a4_92978ad4cfe2": {"selection": "anyOf", "types": [{"type": "STRING"}], "name": "name", "id": "0b4844f4_489f_425e_98a4_92978ad4cfe2"}, "43a0f0e9_82bd_4a92_98ba_d547cedb327a": {"selection": "anyOf", "types": [{"type": "STRING"}], "name": "description", "id": "43a0f0e9_82bd_4a92_98ba_d547cedb327a"}, "791db619_416a_4737_939f_3b987bfeeff4": {"selection": "anyOf", "types": [{"type": "STRING"}], "name": "role", "id": "791db619_416a_4737_939f_3b987bfeeff4"}, "055352e0_007f_4f38_a657_362999377c68": {"selection": "anyOf", "types": [{"type": "STRING"}], "name": "status", "id": "055352e0_007f_4f38_a657_362999377c68"}}, "required": [], "schemaType": "modals", "id": "2b88dfbc_bfd5_44cb_b5e5_2ce8bf758d95", "name": "UpdateUser"}}