{"current_version": 19, "versions": {"1": {"key": 1, "timestamp": 1755667327.1004653}, "2": {"key": 2, "timestamp": 1755667327.2366798}, "3": {"key": 3, "timestamp": 1755667327.2611835}, "4": {"key": 4, "timestamp": 1755667327.289348}, "5": {"key": 5, "timestamp": 1755667327.308454}, "6": {"key": 6, "timestamp": 1755667327.3453875}, "7": {"key": 7, "timestamp": 1755667327.4384599}, "8": {"key": 8, "timestamp": 1755667327.5807998}, "9": {"key": 9, "timestamp": 1755667327.655913}, "10": {"key": 10, "timestamp": 1755667624.257677}, "11": {"key": 11, "timestamp": 1755756743.2747262}, "12": {"key": 12, "timestamp": 1755756823.8930624}, "13": {"key": 13, "timestamp": 1755756837.0416682}, "14": {"key": 14, "timestamp": 1755757042.1488223}, "15": {"key": 15, "timestamp": 1755810841.4908829}, "16": {"key": 16, "timestamp": 1755843644.4373522}, "17": {"key": 17, "timestamp": 1755858870.0157351}, "18": {"key": 18, "timestamp": 1756122266.988417}, "19": {"key": 19, "timestamp": 1756122367.004864}}, "deleted_keys": {"4": ["THEME_PROVIDER<>usedIn"], "6": ["810bd717_b77a_4c81_9fec_7a10a0ec07f1<>usedIn"], "14": ["PROJECT_ROUTER<>usedIn"]}, "changes": {"810bd717_b77a_4c81_9fec_7a10a0ec07f1<>id": {"1": "810bd717_b77a_4c81_9fec_7a10a0ec07f1"}, "810bd717_b77a_4c81_9fec_7a10a0ec07f1<>fileId": {"1": "71184d34_cb34_4c8f_a9f0_6979a765838b"}, "810bd717_b77a_4c81_9fec_7a10a0ec07f1<>type": {"1": "REACT_COMPONENT"}, "810bd717_b77a_4c81_9fec_7a10a0ec07f1<>schema<>props<>0<>name": {"1": "prop1"}, "810bd717_b77a_4c81_9fec_7a10a0ec07f1<>schema<>props<>0<>isRequired": {"1": false}, "810bd717_b77a_4c81_9fec_7a10a0ec07f1<>schema<>props<>0<>schema<>selection": {"1": "anyOf"}, "810bd717_b77a_4c81_9fec_7a10a0ec07f1<>schema<>props<>0<>schema<>types<>0<>type": {"1": "ANY"}, "810bd717_b77a_4c81_9fec_7a10a0ec07f1<>schema<>props<>0<>defaultValue": {"1": null}, "810bd717_b77a_4c81_9fec_7a10a0ec07f1<>schema<>props<>0<>description": {"1": ""}, "810bd717_b77a_4c81_9fec_7a10a0ec07f1<>schema<>props<>0<>id": {"1": "ea2daab3_fc57_42e1_a0e6_d7c330226b64"}, "810bd717_b77a_4c81_9fec_7a10a0ec07f1<>schema<>hasImperativeHandling": {"1": false}, "810bd717_b77a_4c81_9fec_7a10a0ec07f1<>schema<>type": {"1": "REACT_FC"}, "810bd717_b77a_4c81_9fec_7a10a0ec07f1<>exportedAs": {"1": "Main"}, "810bd717_b77a_4c81_9fec_7a10a0ec07f1<>defaultExport": {"1": true}, "810bd717_b77a_4c81_9fec_7a10a0ec07f1<>usedIn": {"1": []}, "THEME_PROVIDER<>id": {"2": "THEME_PROVIDER"}, "THEME_PROVIDER<>fileId": {"2": "THEME_PROVIDER_FILE"}, "THEME_PROVIDER<>type": {"2": "REACT_COMPONENT"}, "THEME_PROVIDER<>schema<>type": {"2": "ThemeProvider"}, "THEME_PROVIDER<>exportedAs": {"2": "ThemeProvider"}, "THEME_PROVIDER<>defaultExport": {"2": false}, "THEME_PROVIDER<>usedIn": {"2": []}, "THEME_PROVIDER<>tag": {"2": "PROVIDER_WRAPPER"}, "THEME_HOOK<>id": {"3": "THEME_HOOK"}, "THEME_HOOK<>fileId": {"3": "THEME_PROVIDER_FILE"}, "THEME_HOOK<>type": {"3": "FUNCTION"}, "THEME_HOOK<>schema<>isAsync": {"3": false}, "THEME_HOOK<>schema<>parameters": {"3": []}, "THEME_HOOK<>schema<>returnType<>id": {"3": "$ThemeContextReturn"}, "THEME_HOOK<>schema<>returnType<>type": {"3": "OBJECT"}, "THEME_HOOK<>schema<>returnType<>properties<>themeName<>id": {"3": "themeName"}, "THEME_HOOK<>schema<>returnType<>properties<>themeName<>name": {"3": "themeName"}, "THEME_HOOK<>schema<>returnType<>properties<>themeName<>type": {"3": "STRING"}, "THEME_HOOK<>schema<>returnType<>properties<>mode<>id": {"3": "mode"}, "THEME_HOOK<>schema<>returnType<>properties<>mode<>name": {"3": "mode"}, "THEME_HOOK<>schema<>returnType<>properties<>mode<>type": {"3": "STRING"}, "THEME_HOOK<>schema<>returnType<>properties<>setTheme<>id": {"3": "setTheme"}, "THEME_HOOK<>schema<>returnType<>properties<>setTheme<>name": {"3": "setTheme"}, "THEME_HOOK<>schema<>returnType<>properties<>setTheme<>type": {"3": "FUNCTION"}, "THEME_HOOK<>schema<>returnType<>properties<>setTheme<>parameters<>0<>name": {"3": "themeName"}, "THEME_HOOK<>schema<>returnType<>properties<>setTheme<>parameters<>0<>type": {"3": "STRING"}, "THEME_HOOK<>schema<>returnType<>properties<>setTheme<>isAsync": {"3": false}, "THEME_HOOK<>schema<>returnType<>properties<>setTheme<>returnType<>type": {"3": "VOID"}, "THEME_HOOK<>schema<>returnType<>properties<>toggleMode<>id": {"3": "toggleMode"}, "THEME_HOOK<>schema<>returnType<>properties<>toggleMode<>name": {"3": "toggleMode"}, "THEME_HOOK<>schema<>returnType<>properties<>toggleMode<>type": {"3": "FUNCTION"}, "THEME_HOOK<>schema<>returnType<>properties<>toggleMode<>parameters": {"3": []}, "THEME_HOOK<>schema<>returnType<>properties<>toggleMode<>isAsync": {"3": false}, "THEME_HOOK<>schema<>returnType<>properties<>toggleMode<>returnType<>type": {"3": "VOID"}, "THEME_HOOK<>schema<>type": {"3": "FUNCTION"}, "THEME_HOOK<>exportedAs": {"3": "useThemeContext"}, "THEME_HOOK<>defaultExport": {"3": false}, "THEME_HOOK<>usedIn": {"3": []}, "THEME_CSS<>id": {"4": "THEME_CSS"}, "THEME_CSS<>fileId": {"4": "THEME_CSS_FILE"}, "THEME_CSS<>type": {"4": "FILE"}, "THEME_CSS<>schema<>type": {"4": "ThemeProvider"}, "THEME_CSS<>exportedAs": {"4": "ThemeContext"}, "THEME_CSS<>defaultExport": {"4": false}, "THEME_CSS<>usedIn": {"4": []}, "THEME_PROVIDER<>usedIn<>0": {"5": "MAIN_COMPONENT"}, "433aa9ec_f825_4ce1_8a7f_94f6b237d688<>id": {"6": "433aa9ec_f825_4ce1_8a7f_94f6b237d688"}, "433aa9ec_f825_4ce1_8a7f_94f6b237d688<>fileId": {"6": "MAIN_COMPONENT"}, "433aa9ec_f825_4ce1_8a7f_94f6b237d688<>type": {"6": "REACT_COMPONENT"}, "433aa9ec_f825_4ce1_8a7f_94f6b237d688<>schema<>props": {"6": []}, "433aa9ec_f825_4ce1_8a7f_94f6b237d688<>schema<>hasImperativeHandling": {"6": false}, "433aa9ec_f825_4ce1_8a7f_94f6b237d688<>schema<>type": {"6": "REACT_FC"}, "433aa9ec_f825_4ce1_8a7f_94f6b237d688<>exportedAs": {"6": "App"}, "433aa9ec_f825_4ce1_8a7f_94f6b237d688<>defaultExport": {"6": true}, "433aa9ec_f825_4ce1_8a7f_94f6b237d688<>usedIn": {"6": []}, "810bd717_b77a_4c81_9fec_7a10a0ec07f1<>usedIn<>0": {"7": "ROUTE_COMPONENT"}, "PROJECT_ROUTER<>id": {"8": "PROJECT_ROUTER"}, "PROJECT_ROUTER<>fileId": {"8": "ROUTE_COMPONENT"}, "PROJECT_ROUTER<>type": {"8": "FILE"}, "PROJECT_ROUTER<>schema<>type": {"8": "ANY"}, "PROJECT_ROUTER<>exportedAs": {"8": "router"}, "PROJECT_ROUTER<>defaultExport": {"8": true}, "PROJECT_ROUTER<>usedIn": {"8": []}, "STYLES_MASTER<>id": {"9": "STYLES_MASTER"}, "STYLES_MASTER<>fileId": {"9": "STYLES_MASTER_FILE"}, "STYLES_MASTER<>type": {"9": "FILE"}, "STYLES_MASTER<>schema<>type": {"9": "Any"}, "STYLES_MASTER<>exportedAs": {"9": "stylesMaster"}, "STYLES_MASTER<>defaultExport": {"9": false}, "STYLES_MASTER<>usedIn": {"9": []}, "05c06c2b_2759_4a67_a2e0_aa4db1c3624e<>id": {"10": "05c06c2b_2759_4a67_a2e0_aa4db1c3624e"}, "05c06c2b_2759_4a67_a2e0_aa4db1c3624e<>fileId": {"10": "4aa10304_84cd_4d3e_bd28_295aee2c51e5"}, "05c06c2b_2759_4a67_a2e0_aa4db1c3624e<>type": {"10": "SERVICE"}, "05c06c2b_2759_4a67_a2e0_aa4db1c3624e<>schema<>type": {"10": "FUNCTION"}, "05c06c2b_2759_4a67_a2e0_aa4db1c3624e<>schema<>isAsync": {"10": true}, "05c06c2b_2759_4a67_a2e0_aa4db1c3624e<>schema<>parameters": {"10": []}, "05c06c2b_2759_4a67_a2e0_aa4db1c3624e<>schema<>returnType<>type": {"10": "ARRAY"}, "05c06c2b_2759_4a67_a2e0_aa4db1c3624e<>schema<>returnType<>templateInputs<>0<>selection": {"10": "anyOf"}, "05c06c2b_2759_4a67_a2e0_aa4db1c3624e<>schema<>returnType<>templateInputs<>0<>types<>0<>$ref": {"10": "86a5a245_9d3d_4e40_b782_5df9287ba74f"}, "05c06c2b_2759_4a67_a2e0_aa4db1c3624e<>exportedAs": {"10": "getProfiles"}, "05c06c2b_2759_4a67_a2e0_aa4db1c3624e<>defaultExport": {"10": false}, "05c06c2b_2759_4a67_a2e0_aa4db1c3624e<>usedIn": {"10": []}, "a5c44a7d_3fcc_44d4_a033_dfa04df865c0<>id": {"11": "a5c44a7d_3fcc_44d4_a033_dfa04df865c0"}, "a5c44a7d_3fcc_44d4_a033_dfa04df865c0<>fileId": {"11": "71184d34_cb34_4c8f_a9f0_6979a765838b"}, "a5c44a7d_3fcc_44d4_a033_dfa04df865c0<>type": {"11": "REACT_COMPONENT"}, "a5c44a7d_3fcc_44d4_a033_dfa04df865c0<>schema<>props<>0<>id": {"11": "ec6eccfb_d617_4a12_91bd_215d5ac17ce3"}, "a5c44a7d_3fcc_44d4_a033_dfa04df865c0<>schema<>props<>0<>name": {"11": "prop1"}, "a5c44a7d_3fcc_44d4_a033_dfa04df865c0<>schema<>props<>0<>isRequired": {"11": true}, "a5c44a7d_3fcc_44d4_a033_dfa04df865c0<>schema<>props<>0<>schema<>selection": {"11": "anyOf"}, "a5c44a7d_3fcc_44d4_a033_dfa04df865c0<>schema<>props<>0<>schema<>inferedTypes<>0<>type": {"11": "ANY"}, "a5c44a7d_3fcc_44d4_a033_dfa04df865c0<>schema<>props<>0<>schema<>types<>0<>type": {"11": "ANY"}, "a5c44a7d_3fcc_44d4_a033_dfa04df865c0<>schema<>props<>0<>defaultValue": {"11": null}, "a5c44a7d_3fcc_44d4_a033_dfa04df865c0<>schema<>props<>0<>description": {"11": ""}, "a5c44a7d_3fcc_44d4_a033_dfa04df865c0<>schema<>hasImperativeHandling": {"11": false}, "a5c44a7d_3fcc_44d4_a033_dfa04df865c0<>schema<>type": {"11": "REACT_FC"}, "a5c44a7d_3fcc_44d4_a033_dfa04df865c0<>exportedAs": {"11": "Main"}, "a5c44a7d_3fcc_44d4_a033_dfa04df865c0<>defaultExport": {"11": true}, "a5c44a7d_3fcc_44d4_a033_dfa04df865c0<>usedIn": {"11": []}, "fc9bdc52_db7f_48ce_ab36_ab49ccee1114<>id": {"12": "fc9bdc52_db7f_48ce_ab36_ab49ccee1114"}, "fc9bdc52_db7f_48ce_ab36_ab49ccee1114<>fileId": {"12": "71184d34_cb34_4c8f_a9f0_6979a765838b"}, "fc9bdc52_db7f_48ce_ab36_ab49ccee1114<>type": {"12": "REACT_COMPONENT"}, "fc9bdc52_db7f_48ce_ab36_ab49ccee1114<>schema<>props<>0<>id": {"12": "caeb2a85_3bb0_495d_bd4f_7780d72255a3"}, "fc9bdc52_db7f_48ce_ab36_ab49ccee1114<>schema<>props<>0<>name": {"12": "prop1"}, "fc9bdc52_db7f_48ce_ab36_ab49ccee1114<>schema<>props<>0<>isRequired": {"12": true}, "fc9bdc52_db7f_48ce_ab36_ab49ccee1114<>schema<>props<>0<>schema<>selection": {"12": "anyOf"}, "fc9bdc52_db7f_48ce_ab36_ab49ccee1114<>schema<>props<>0<>schema<>inferedTypes<>0<>type": {"12": "ANY"}, "fc9bdc52_db7f_48ce_ab36_ab49ccee1114<>schema<>props<>0<>schema<>types<>0<>type": {"12": "ANY"}, "fc9bdc52_db7f_48ce_ab36_ab49ccee1114<>schema<>props<>0<>defaultValue": {"12": null}, "fc9bdc52_db7f_48ce_ab36_ab49ccee1114<>schema<>props<>0<>description": {"12": ""}, "fc9bdc52_db7f_48ce_ab36_ab49ccee1114<>schema<>hasImperativeHandling": {"12": false}, "fc9bdc52_db7f_48ce_ab36_ab49ccee1114<>schema<>type": {"12": "REACT_FC"}, "fc9bdc52_db7f_48ce_ab36_ab49ccee1114<>exportedAs": {"12": "Main"}, "fc9bdc52_db7f_48ce_ab36_ab49ccee1114<>defaultExport": {"12": true}, "fc9bdc52_db7f_48ce_ab36_ab49ccee1114<>usedIn": {"12": []}, "f1240f0c_b987_4f5a_9987_e6370045c032<>id": {"13": "f1240f0c_b987_4f5a_9987_e6370045c032"}, "f1240f0c_b987_4f5a_9987_e6370045c032<>fileId": {"13": "71184d34_cb34_4c8f_a9f0_6979a765838b"}, "f1240f0c_b987_4f5a_9987_e6370045c032<>type": {"13": "REACT_COMPONENT"}, "f1240f0c_b987_4f5a_9987_e6370045c032<>schema<>props<>0<>id": {"13": "2de69022_0da6_402e_a952_e277578b267e"}, "f1240f0c_b987_4f5a_9987_e6370045c032<>schema<>props<>0<>name": {"13": "prop1"}, "f1240f0c_b987_4f5a_9987_e6370045c032<>schema<>props<>0<>isRequired": {"13": true}, "f1240f0c_b987_4f5a_9987_e6370045c032<>schema<>props<>0<>schema<>selection": {"13": "anyOf"}, "f1240f0c_b987_4f5a_9987_e6370045c032<>schema<>props<>0<>schema<>inferedTypes<>0<>type": {"13": "ANY"}, "f1240f0c_b987_4f5a_9987_e6370045c032<>schema<>props<>0<>schema<>types<>0<>type": {"13": "ANY"}, "f1240f0c_b987_4f5a_9987_e6370045c032<>schema<>props<>0<>defaultValue": {"13": null}, "f1240f0c_b987_4f5a_9987_e6370045c032<>schema<>props<>0<>description": {"13": ""}, "f1240f0c_b987_4f5a_9987_e6370045c032<>schema<>hasImperativeHandling": {"13": false}, "f1240f0c_b987_4f5a_9987_e6370045c032<>schema<>type": {"13": "REACT_FC"}, "f1240f0c_b987_4f5a_9987_e6370045c032<>exportedAs": {"13": "Main"}, "f1240f0c_b987_4f5a_9987_e6370045c032<>defaultExport": {"13": true}, "f1240f0c_b987_4f5a_9987_e6370045c032<>usedIn": {"13": []}, "05c06c2b_2759_4a67_a2e0_aa4db1c3624e<>usedIn<>0": {"14": "71184d34_cb34_4c8f_a9f0_6979a765838b"}, "PROJECT_ROUTER<>usedIn<>0": {"15": "71184d34_cb34_4c8f_a9f0_6979a765838b"}, "3e01c238_9e1a_4bca_8533_944ed1e4c694<>id": {"16": "3e01c238_9e1a_4bca_8533_944ed1e4c694"}, "3e01c238_9e1a_4bca_8533_944ed1e4c694<>fileId": {"16": "71184d34_cb34_4c8f_a9f0_6979a765838b"}, "3e01c238_9e1a_4bca_8533_944ed1e4c694<>type": {"16": "REACT_COMPONENT"}, "3e01c238_9e1a_4bca_8533_944ed1e4c694<>schema<>props<>0<>id": {"16": "eaa1e814_e278_4244_99f5_14e641445aff"}, "3e01c238_9e1a_4bca_8533_944ed1e4c694<>schema<>props<>0<>name": {"16": "prop1"}, "3e01c238_9e1a_4bca_8533_944ed1e4c694<>schema<>props<>0<>isRequired": {"16": true}, "3e01c238_9e1a_4bca_8533_944ed1e4c694<>schema<>props<>0<>schema<>selection": {"16": "anyOf"}, "3e01c238_9e1a_4bca_8533_944ed1e4c694<>schema<>props<>0<>schema<>inferedTypes<>0<>type": {"16": "ANY"}, "3e01c238_9e1a_4bca_8533_944ed1e4c694<>schema<>props<>0<>schema<>types<>0<>type": {"16": "ANY"}, "3e01c238_9e1a_4bca_8533_944ed1e4c694<>schema<>props<>0<>defaultValue": {"16": null}, "3e01c238_9e1a_4bca_8533_944ed1e4c694<>schema<>props<>0<>description": {"16": ""}, "3e01c238_9e1a_4bca_8533_944ed1e4c694<>schema<>hasImperativeHandling": {"16": false}, "3e01c238_9e1a_4bca_8533_944ed1e4c694<>schema<>type": {"16": "REACT_FC"}, "3e01c238_9e1a_4bca_8533_944ed1e4c694<>exportedAs": {"16": "Main"}, "3e01c238_9e1a_4bca_8533_944ed1e4c694<>defaultExport": {"16": true}, "3e01c238_9e1a_4bca_8533_944ed1e4c694<>usedIn": {"16": []}, "00eedcf1_5d7b_4574_86b4_be345534b16d<>id": {"17": "00eedcf1_5d7b_4574_86b4_be345534b16d"}, "00eedcf1_5d7b_4574_86b4_be345534b16d<>fileId": {"17": "71184d34_cb34_4c8f_a9f0_6979a765838b"}, "00eedcf1_5d7b_4574_86b4_be345534b16d<>type": {"17": "REACT_COMPONENT"}, "00eedcf1_5d7b_4574_86b4_be345534b16d<>schema<>props<>0<>id": {"17": "29d030c6_5dc7_4efb_96b6_70faabfb4da3"}, "00eedcf1_5d7b_4574_86b4_be345534b16d<>schema<>props<>0<>name": {"17": "prop1"}, "00eedcf1_5d7b_4574_86b4_be345534b16d<>schema<>props<>0<>isRequired": {"17": true}, "00eedcf1_5d7b_4574_86b4_be345534b16d<>schema<>props<>0<>schema<>selection": {"17": "anyOf"}, "00eedcf1_5d7b_4574_86b4_be345534b16d<>schema<>props<>0<>schema<>inferedTypes<>0<>type": {"17": "ANY"}, "00eedcf1_5d7b_4574_86b4_be345534b16d<>schema<>props<>0<>schema<>types<>0<>type": {"17": "ANY"}, "00eedcf1_5d7b_4574_86b4_be345534b16d<>schema<>props<>0<>defaultValue": {"17": null}, "00eedcf1_5d7b_4574_86b4_be345534b16d<>schema<>props<>0<>description": {"17": ""}, "00eedcf1_5d7b_4574_86b4_be345534b16d<>schema<>hasImperativeHandling": {"17": false}, "00eedcf1_5d7b_4574_86b4_be345534b16d<>schema<>type": {"17": "REACT_FC"}, "00eedcf1_5d7b_4574_86b4_be345534b16d<>exportedAs": {"17": "Main"}, "00eedcf1_5d7b_4574_86b4_be345534b16d<>defaultExport": {"17": true}, "00eedcf1_5d7b_4574_86b4_be345534b16d<>usedIn": {"17": []}, "690cad50_0bb5_43e0_832e_5f5c41d7d617<>id": {"18": "690cad50_0bb5_43e0_832e_5f5c41d7d617"}, "690cad50_0bb5_43e0_832e_5f5c41d7d617<>fileId": {"18": "71184d34_cb34_4c8f_a9f0_6979a765838b"}, "690cad50_0bb5_43e0_832e_5f5c41d7d617<>type": {"18": "REACT_COMPONENT"}, "690cad50_0bb5_43e0_832e_5f5c41d7d617<>schema<>props<>0<>id": {"18": "3cd38953_5274_43c5_86b1_4e6aef9bdd70"}, "690cad50_0bb5_43e0_832e_5f5c41d7d617<>schema<>props<>0<>name": {"18": "prop1"}, "690cad50_0bb5_43e0_832e_5f5c41d7d617<>schema<>props<>0<>isRequired": {"18": true}, "690cad50_0bb5_43e0_832e_5f5c41d7d617<>schema<>props<>0<>schema<>selection": {"18": "anyOf"}, "690cad50_0bb5_43e0_832e_5f5c41d7d617<>schema<>props<>0<>schema<>inferedTypes<>0<>type": {"18": "ANY"}, "690cad50_0bb5_43e0_832e_5f5c41d7d617<>schema<>props<>0<>schema<>types<>0<>type": {"18": "ANY"}, "690cad50_0bb5_43e0_832e_5f5c41d7d617<>schema<>props<>0<>defaultValue": {"18": null}, "690cad50_0bb5_43e0_832e_5f5c41d7d617<>schema<>props<>0<>description": {"18": ""}, "690cad50_0bb5_43e0_832e_5f5c41d7d617<>schema<>hasImperativeHandling": {"18": false}, "690cad50_0bb5_43e0_832e_5f5c41d7d617<>schema<>type": {"18": "REACT_FC"}, "690cad50_0bb5_43e0_832e_5f5c41d7d617<>exportedAs": {"18": "Main"}, "690cad50_0bb5_43e0_832e_5f5c41d7d617<>defaultExport": {"18": true}, "690cad50_0bb5_43e0_832e_5f5c41d7d617<>usedIn": {"18": []}, "bfd825a6_a961_40db_a2d1_9a0d0c1fb5d0<>id": {"19": "bfd825a6_a961_40db_a2d1_9a0d0c1fb5d0"}, "bfd825a6_a961_40db_a2d1_9a0d0c1fb5d0<>fileId": {"19": "71184d34_cb34_4c8f_a9f0_6979a765838b"}, "bfd825a6_a961_40db_a2d1_9a0d0c1fb5d0<>type": {"19": "REACT_COMPONENT"}, "bfd825a6_a961_40db_a2d1_9a0d0c1fb5d0<>schema<>props<>0<>id": {"19": "45664bef_e949_43c6_a076_5d228faf7583"}, "bfd825a6_a961_40db_a2d1_9a0d0c1fb5d0<>schema<>props<>0<>name": {"19": "prop1"}, "bfd825a6_a961_40db_a2d1_9a0d0c1fb5d0<>schema<>props<>0<>isRequired": {"19": true}, "bfd825a6_a961_40db_a2d1_9a0d0c1fb5d0<>schema<>props<>0<>schema<>selection": {"19": "anyOf"}, "bfd825a6_a961_40db_a2d1_9a0d0c1fb5d0<>schema<>props<>0<>schema<>inferedTypes<>0<>type": {"19": "ANY"}, "bfd825a6_a961_40db_a2d1_9a0d0c1fb5d0<>schema<>props<>0<>schema<>types<>0<>type": {"19": "ANY"}, "bfd825a6_a961_40db_a2d1_9a0d0c1fb5d0<>schema<>props<>0<>defaultValue": {"19": null}, "bfd825a6_a961_40db_a2d1_9a0d0c1fb5d0<>schema<>props<>0<>description": {"19": ""}, "bfd825a6_a961_40db_a2d1_9a0d0c1fb5d0<>schema<>hasImperativeHandling": {"19": false}, "bfd825a6_a961_40db_a2d1_9a0d0c1fb5d0<>schema<>type": {"19": "REACT_FC"}, "bfd825a6_a961_40db_a2d1_9a0d0c1fb5d0<>exportedAs": {"19": "Main"}, "bfd825a6_a961_40db_a2d1_9a0d0c1fb5d0<>defaultExport": {"19": true}, "bfd825a6_a961_40db_a2d1_9a0d0c1fb5d0<>usedIn": {"19": []}}}