{"errors": [], "data": {"openapi": "3.0.3", "info": {"title": "Auth Dashboard API", "version": "1.0.0", "description": "API for user authentication and dashboard statistics."}, "servers": [{"url": "http://localhost:5000"}], "components": {"securitySchemes": {"bearerAuth": {"type": "http", "scheme": "bearer", "bearerFormat": "JWT"}}, "schemas": {"UserRegister": {"type": "object", "required": ["name", "email", "password"], "properties": {"name": {"type": "string", "example": "Thakur Sahab"}, "email": {"type": "string", "format": "email", "example": "thakur@example.com"}, "password": {"type": "string", "format": "password", "example": "mysecurepassword"}}}, "UserLogin": {"type": "object", "required": ["email", "password"], "properties": {"email": {"type": "string", "format": "email", "example": "thakur@example.com"}, "password": {"type": "string", "format": "password", "example": "mysecurepassword"}}}, "AuthResponse": {"type": "object", "properties": {"token": {"type": "string", "description": "JWT token", "example": "eyJhbGciOiJIUzI1NiIsInR5cCI6IkpXVCJ9..."}}}, "MessageResponse": {"type": "object", "properties": {"message": {"type": "string", "example": "User registered successfully"}}}, "UserProfile": {"type": "object", "properties": {"name": {"type": "string", "example": "Thakur Sahab"}, "email": {"type": "string", "format": "email", "example": "thakur@example.com"}, "registeredAt": {"type": "string", "format": "date-time", "example": "2025-05-22T10:00:00+00:00"}}}, "StatsResponse": {"type": "object", "properties": {"totalUsers": {"type": "integer", "example": 50}, "registeredToday": {"type": "integer", "example": 2}, "registeredThisWeek": {"type": "integer", "example": 10}, "registrationsByDay": {"type": "object", "additionalProperties": {"type": "integer"}, "example": {"2025-05-15": 4, "2025-05-16": 3}}, "topRegistrationDays": {"type": "array", "items": {"type": "object", "properties": {"date": {"type": "string", "format": "date", "example": "2025-05-15"}, "count": {"type": "integer", "example": 4}}}}, "uniqueEmailDomains": {"type": "integer", "example": 5}, "emailDomains": {"type": "object", "additionalProperties": {"type": "integer"}, "example": {"gmail.com": 20, "yahoo.com": 10}}, "earliestUser": {"type": "object", "properties": {"name": {"type": "string", "example": "Alice"}, "email": {"type": "string", "format": "email", "example": "alice@example.com"}, "registeredAt": {"type": "string", "format": "date-time", "example": "2024-10-01T08:30:00+00:00"}}}, "latestUser": {"type": "object", "properties": {"name": {"type": "string", "example": "Bob"}, "email": {"type": "string", "format": "email", "example": "bob@example.com"}, "registeredAt": {"type": "string", "format": "date-time", "example": "2025-05-20T15:45:00+00:00"}}}, "latestUsers": {"type": "array", "items": {"type": "object", "properties": {"name": {"type": "string", "example": "Carol"}, "email": {"type": "string", "format": "email", "example": "carol@example.com"}, "registeredAt": {"type": "string", "format": "date-time", "example": "2025-05-18T10:15:00+00:00"}}}}}}}}, "paths": {"/api/auth/register": {"post": {"summary": "Register a new user", "requestBody": {"required": true, "content": {"application/json": {"schema": {"$ref": "#/components/schemas/UserRegister"}}}}, "responses": {"201": {"description": "User registered successfully", "content": {"application/json": {"schema": {"$ref": "#/components/schemas/MessageResponse"}}}}, "400": {"description": "Bad request (missing fields or email exists)", "content": {"application/json": {"schema": {"$ref": "#/components/schemas/MessageResponse"}}}}}}}, "/api/auth/login": {"post": {"summary": "Login a user", "requestBody": {"required": true, "content": {"application/json": {"schema": {"$ref": "#/components/schemas/UserLogin"}}}}, "responses": {"200": {"description": "Successful login returns JWT token", "content": {"application/json": {"schema": {"$ref": "#/components/schemas/AuthResponse"}}}}, "400": {"description": "Missing email or password or invalid credentials", "content": {"application/json": {"schema": {"$ref": "#/components/schemas/MessageResponse"}}}}, "404": {"description": "User not found", "content": {"application/json": {"schema": {"$ref": "#/components/schemas/MessageResponse"}}}}}}}, "/api/profile": {"get": {"summary": "Get profile info for logged-in user", "security": [{"bearerAuth": []}], "responses": {"200": {"description": "User profile data", "content": {"application/json": {"schema": {"$ref": "#/components/schemas/UserProfile"}}}}, "401": {"description": "No token provided", "content": {"application/json": {"schema": {"$ref": "#/components/schemas/MessageResponse"}}}}, "403": {"description": "Invalid token", "content": {"application/json": {"schema": {"$ref": "#/components/schemas/MessageResponse"}}}}, "404": {"description": "User not found", "content": {"application/json": {"schema": {"$ref": "#/components/schemas/MessageResponse"}}}}}}}, "/api/stats": {"get": {"summary": "Get dashboard statistics for users", "security": [{"bearerAuth": []}], "responses": {"200": {"description": "Dashboard stats", "content": {"application/json": {"schema": {"$ref": "#/components/schemas/StatsResponse"}}}}, "401": {"description": "No token provided", "content": {"application/json": {"schema": {"$ref": "#/components/schemas/MessageResponse"}}}}, "403": {"description": "Invalid token", "content": {"application/json": {"schema": {"$ref": "#/components/schemas/MessageResponse"}}}}}}}, "/api/dashboard": {"get": {"summary": "Get welcome message for logged-in user", "security": [{"bearerAuth": []}], "responses": {"200": {"description": "Welcome message", "content": {"application/json": {"schema": {"$ref": "#/components/schemas/MessageResponse"}}}}, "401": {"description": "No token provided", "content": {"application/json": {"schema": {"$ref": "#/components/schemas/MessageResponse"}}}}, "403": {"description": "Invalid token", "content": {"application/json": {"schema": {"$ref": "#/components/schemas/MessageResponse"}}}}}}}}}, "isValid": true}