{"current_version": 1, "versions": {"1": {"key": 1, "timestamp": 1753075136.2166722}}, "deleted_keys": {}, "changes": {"200a55c5_8cc2_4ed1_a4ff_508830ee23b4<>index": {"1": "BLOCK"}, "200a55c5_8cc2_4ed1_a4ff_508830ee23b4<>type": {"1": "BLOCK"}, "200a55c5_8cc2_4ed1_a4ff_508830ee23b4<>parentBlockId": {"1": null}, "200a55c5_8cc2_4ed1_a4ff_508830ee23b4<>parentFunctionId": {"1": null}, "200a55c5_8cc2_4ed1_a4ff_508830ee23b4<>parent_scope": {"1": {}}, "200a55c5_8cc2_4ed1_a4ff_508830ee23b4<>scope": {"1": {}}, "200a55c5_8cc2_4ed1_a4ff_508830ee23b4<>startIndex": {"1": 0}, "200a55c5_8cc2_4ed1_a4ff_508830ee23b4<>endIndex": {"1": 281}, "f5c2a874_df4a_48a8_b427_984a9b5dc38a<>index": {"1": "BLOCK<>statements<>0"}, "f5c2a874_df4a_48a8_b427_984a9b5dc38a<>type": {"1": "CUSTOM"}, "f5c2a874_df4a_48a8_b427_984a9b5dc38a<>parentBlockId": {"1": "200a55c5_8cc2_4ed1_a4ff_508830ee23b4"}, "f5c2a874_df4a_48a8_b427_984a9b5dc38a<>startIndex": {"1": 0}, "f5c2a874_df4a_48a8_b427_984a9b5dc38a<>endIndex": {"1": 281}}}