{"current_version": 1, "versions": {"1": {"key": 1, "timestamp": 1753075136.217549}}, "deleted_keys": {}, "changes": {"IMPORTS<>other": {"1": []}, "IMPORTS<>components": {"1": []}, "BLOCK<>type": {"1": "BLOCK"}, "BLOCK<>noWrap": {"1": 1}, "BLOCK<>id": {"1": "200a55c5_8cc2_4ed1_a4ff_508830ee23b4"}, "BLOCK<>statements<>0<>type": {"1": "CUSTOM"}, "BLOCK<>statements<>0<>body": {"1": "import { defineConfig } from \"vite\";\n                            import react from \"@vitejs/plugin-react\";\n\n                            export default defineConfig({\n                            plugins: [react()], //change based on framework\n                            server: { \n                                host: true,\n                                hmr: {\n                                    host: \"\"\n                                },\n                                allowedHosts: []\n                            },\n                            build: {\n                                outDir: ''\n                            }\n                            });\n                        "}, "BLOCK<>statements<>0<>id": {"1": "f5c2a874_df4a_48a8_b427_984a9b5dc38a"}, "EXPORTS<>default": {"1": ""}, "EXPORTS<>others": {"1": []}, "name": {"1": "vite.config"}}}