{"current_version": 1, "versions": {"1": {"key": 1, "timestamp": 1753166809.0142946}}, "deleted_keys": {}, "changes": {"ed2a11b0_a8ce_4608_9899_1e73c0765b88<>index": {"1": "BLOCK"}, "ed2a11b0_a8ce_4608_9899_1e73c0765b88<>type": {"1": "BLOCK"}, "ed2a11b0_a8ce_4608_9899_1e73c0765b88<>parentBlockId": {"1": null}, "ed2a11b0_a8ce_4608_9899_1e73c0765b88<>parentFunctionId": {"1": null}, "ed2a11b0_a8ce_4608_9899_1e73c0765b88<>parent_scope": {"1": {}}, "ed2a11b0_a8ce_4608_9899_1e73c0765b88<>scope<>Createcontactinfo": {"1": "3c563cba_91c6_4f3d_a7a8_a8c37a6455b1"}, "ed2a11b0_a8ce_4608_9899_1e73c0765b88<>startIndex": {"1": 145}, "ed2a11b0_a8ce_4608_9899_1e73c0765b88<>endIndex": {"1": 4208}, "3c563cba_91c6_4f3d_a7a8_a8c37a6455b1<>index": {"1": "BLOCK<>statements<>0"}, "3c563cba_91c6_4f3d_a7a8_a8c37a6455b1<>type": {"1": "REACT_COMPONENT"}, "3c563cba_91c6_4f3d_a7a8_a8c37a6455b1<>parentBlockId": {"1": "ed2a11b0_a8ce_4608_9899_1e73c0765b88"}, "3c563cba_91c6_4f3d_a7a8_a8c37a6455b1<>name": {"1": "Createcontactinfo"}, "3c563cba_91c6_4f3d_a7a8_a8c37a6455b1<>returnStatements<>0<>statement_id": {"1": "af96f943_a040_4fd8_b3d1_70a5a2c95681"}, "3c563cba_91c6_4f3d_a7a8_a8c37a6455b1<>returnStatements<>0<>index": {"1": "BLOCK<>statements<>0<>bodyConfig<>statements<>4"}, "3c563cba_91c6_4f3d_a7a8_a8c37a6455b1<>schema<>props": {"1": []}, "3c563cba_91c6_4f3d_a7a8_a8c37a6455b1<>schema<>hasImperativeHandling": {"1": false}, "3c563cba_91c6_4f3d_a7a8_a8c37a6455b1<>schema<>type": {"1": "REACT_FC"}, "3c563cba_91c6_4f3d_a7a8_a8c37a6455b1<>startIndex": {"1": 145}, "3c563cba_91c6_4f3d_a7a8_a8c37a6455b1<>endIndex": {"1": 4208}, "91563786_1110_4158_baa6_0166bd0c24c5<>index": {"1": "BLOCK<>statements<>0<>bodyConfig"}, "91563786_1110_4158_baa6_0166bd0c24c5<>type": {"1": "BLOCK"}, "91563786_1110_4158_baa6_0166bd0c24c5<>parentBlockId": {"1": "ed2a11b0_a8ce_4608_9899_1e73c0765b88"}, "91563786_1110_4158_baa6_0166bd0c24c5<>parentFunctionId": {"1": "3c563cba_91c6_4f3d_a7a8_a8c37a6455b1"}, "91563786_1110_4158_baa6_0166bd0c24c5<>parent_scope<>Createcontactinfo": {"1": "3c563cba_91c6_4f3d_a7a8_a8c37a6455b1"}, "91563786_1110_4158_baa6_0166bd0c24c5<>scope<>FormData": {"1": "b9bc5e2d_ee23_4410_ab08_16aee1d8bef4"}, "91563786_1110_4158_baa6_0166bd0c24c5<>scope<>setFormdata": {"1": "8e412020_973e_45f5_b0f5_8a279fc37bec"}, "91563786_1110_4158_baa6_0166bd0c24c5<>scope<>error": {"1": "API_RES_ERROR_ID"}, "91563786_1110_4158_baa6_0166bd0c24c5<>scope<>setError": {"1": "API_RES_ERROR_SETTER_ID"}, "91563786_1110_4158_baa6_0166bd0c24c5<>scope<>handleFormChange": {"1": "92cf9639_083d_4ad8_9289_d6dd4acf8f30"}, "91563786_1110_4158_baa6_0166bd0c24c5<>scope<>handleFormSubmit": {"1": "0e38b72b_29ab_4be7_9abc_0dd4175a6bc7"}, "91563786_1110_4158_baa6_0166bd0c24c5<>startIndex": {"1": 177}, "91563786_1110_4158_baa6_0166bd0c24c5<>endIndex": {"1": 4208}, "b9bc5e2d_ee23_4410_ab08_16aee1d8bef4<>index": {"1": "BLOCK<>statements<>0<>bodyConfig<>statements<>0"}, "b9bc5e2d_ee23_4410_ab08_16aee1d8bef4<>type": {"1": "REACT_USE_STATE"}, "b9bc5e2d_ee23_4410_ab08_16aee1d8bef4<>parentBlockId": {"1": "91563786_1110_4158_baa6_0166bd0c24c5"}, "b9bc5e2d_ee23_4410_ab08_16aee1d8bef4<>schema<>selection": {"1": "anyOf"}, "b9bc5e2d_ee23_4410_ab08_16aee1d8bef4<>schema<>types<>0<>$ref": {"1": "66fae3a2_c1ad_4f2d_84c7_741ac681e45a"}, "b9bc5e2d_ee23_4410_ab08_16aee1d8bef4<>name": {"1": "FormData"}, "b9bc5e2d_ee23_4410_ab08_16aee1d8bef4<>usedIn<>0<>keyChainings<>0": {"1": "BLOCK"}, "b9bc5e2d_ee23_4410_ab08_16aee1d8bef4<>usedIn<>0<>keyChainings<>1": {"1": "statements"}, "b9bc5e2d_ee23_4410_ab08_16aee1d8bef4<>usedIn<>0<>keyChainings<>2": {"1": "0"}, "b9bc5e2d_ee23_4410_ab08_16aee1d8bef4<>usedIn<>0<>keyChainings<>3": {"1": "bodyConfig"}, "b9bc5e2d_ee23_4410_ab08_16aee1d8bef4<>usedIn<>0<>keyChainings<>4": {"1": "statements"}, "b9bc5e2d_ee23_4410_ab08_16aee1d8bef4<>usedIn<>0<>keyChainings<>5": {"1": "3"}, "b9bc5e2d_ee23_4410_ab08_16aee1d8bef4<>usedIn<>0<>keyChainings<>6": {"1": "bodyConfig"}, "b9bc5e2d_ee23_4410_ab08_16aee1d8bef4<>usedIn<>0<>keyChainings<>7": {"1": "statements"}, "b9bc5e2d_ee23_4410_ab08_16aee1d8bef4<>usedIn<>0<>keyChainings<>8": {"1": "0"}, "b9bc5e2d_ee23_4410_ab08_16aee1d8bef4<>usedIn<>0<>keyChainings<>9": {"1": "tryBody"}, "b9bc5e2d_ee23_4410_ab08_16aee1d8bef4<>usedIn<>0<>keyChainings<>10": {"1": "statements"}, "b9bc5e2d_ee23_4410_ab08_16aee1d8bef4<>usedIn<>0<>keyChainings<>11": {"1": "1"}, "b9bc5e2d_ee23_4410_ab08_16aee1d8bef4<>usedIn<>0<>keyChainings<>12": {"1": "value"}, "b9bc5e2d_ee23_4410_ab08_16aee1d8bef4<>usedIn<>0<>keyChainings<>13": {"1": "parameters"}, "b9bc5e2d_ee23_4410_ab08_16aee1d8bef4<>usedIn<>0<>keyChainings<>14": {"1": "0"}, "b9bc5e2d_ee23_4410_ab08_16aee1d8bef4<>usedIn<>1<>keyChainings<>0": {"1": "BLOCK"}, "b9bc5e2d_ee23_4410_ab08_16aee1d8bef4<>usedIn<>1<>keyChainings<>1": {"1": "statements"}, "b9bc5e2d_ee23_4410_ab08_16aee1d8bef4<>usedIn<>1<>keyChainings<>2": {"1": "0"}, "b9bc5e2d_ee23_4410_ab08_16aee1d8bef4<>usedIn<>1<>keyChainings<>3": {"1": "bodyConfig"}, "b9bc5e2d_ee23_4410_ab08_16aee1d8bef4<>usedIn<>1<>keyChainings<>4": {"1": "statements"}, "b9bc5e2d_ee23_4410_ab08_16aee1d8bef4<>usedIn<>1<>keyChainings<>5": {"1": "4"}, "b9bc5e2d_ee23_4410_ab08_16aee1d8bef4<>usedIn<>1<>keyChainings<>6": {"1": "value"}, "b9bc5e2d_ee23_4410_ab08_16aee1d8bef4<>usedIn<>1<>keyChainings<>7": {"1": "children"}, "b9bc5e2d_ee23_4410_ab08_16aee1d8bef4<>usedIn<>1<>keyChainings<>8": {"1": "0"}, "b9bc5e2d_ee23_4410_ab08_16aee1d8bef4<>usedIn<>1<>keyChainings<>9": {"1": "children"}, "b9bc5e2d_ee23_4410_ab08_16aee1d8bef4<>usedIn<>1<>keyChainings<>10": {"1": "2"}, "b9bc5e2d_ee23_4410_ab08_16aee1d8bef4<>usedIn<>1<>keyChainings<>11": {"1": "attributes"}, "b9bc5e2d_ee23_4410_ab08_16aee1d8bef4<>usedIn<>1<>keyChainings<>12": {"1": "value"}, "b9bc5e2d_ee23_4410_ab08_16aee1d8bef4<>usedIn<>2<>keyChainings<>0": {"1": "BLOCK"}, "b9bc5e2d_ee23_4410_ab08_16aee1d8bef4<>usedIn<>2<>keyChainings<>1": {"1": "statements"}, "b9bc5e2d_ee23_4410_ab08_16aee1d8bef4<>usedIn<>2<>keyChainings<>2": {"1": "0"}, "b9bc5e2d_ee23_4410_ab08_16aee1d8bef4<>usedIn<>2<>keyChainings<>3": {"1": "bodyConfig"}, "b9bc5e2d_ee23_4410_ab08_16aee1d8bef4<>usedIn<>2<>keyChainings<>4": {"1": "statements"}, "b9bc5e2d_ee23_4410_ab08_16aee1d8bef4<>usedIn<>2<>keyChainings<>5": {"1": "4"}, "b9bc5e2d_ee23_4410_ab08_16aee1d8bef4<>usedIn<>2<>keyChainings<>6": {"1": "value"}, "b9bc5e2d_ee23_4410_ab08_16aee1d8bef4<>usedIn<>2<>keyChainings<>7": {"1": "children"}, "b9bc5e2d_ee23_4410_ab08_16aee1d8bef4<>usedIn<>2<>keyChainings<>8": {"1": "0"}, "b9bc5e2d_ee23_4410_ab08_16aee1d8bef4<>usedIn<>2<>keyChainings<>9": {"1": "children"}, "b9bc5e2d_ee23_4410_ab08_16aee1d8bef4<>usedIn<>2<>keyChainings<>10": {"1": "5"}, "b9bc5e2d_ee23_4410_ab08_16aee1d8bef4<>usedIn<>2<>keyChainings<>11": {"1": "attributes"}, "b9bc5e2d_ee23_4410_ab08_16aee1d8bef4<>usedIn<>2<>keyChainings<>12": {"1": "value"}, "b9bc5e2d_ee23_4410_ab08_16aee1d8bef4<>usedIn<>3<>keyChainings<>0": {"1": "BLOCK"}, "b9bc5e2d_ee23_4410_ab08_16aee1d8bef4<>usedIn<>3<>keyChainings<>1": {"1": "statements"}, "b9bc5e2d_ee23_4410_ab08_16aee1d8bef4<>usedIn<>3<>keyChainings<>2": {"1": "0"}, "b9bc5e2d_ee23_4410_ab08_16aee1d8bef4<>usedIn<>3<>keyChainings<>3": {"1": "bodyConfig"}, "b9bc5e2d_ee23_4410_ab08_16aee1d8bef4<>usedIn<>3<>keyChainings<>4": {"1": "statements"}, "b9bc5e2d_ee23_4410_ab08_16aee1d8bef4<>usedIn<>3<>keyChainings<>5": {"1": "4"}, "b9bc5e2d_ee23_4410_ab08_16aee1d8bef4<>usedIn<>3<>keyChainings<>6": {"1": "value"}, "b9bc5e2d_ee23_4410_ab08_16aee1d8bef4<>usedIn<>3<>keyChainings<>7": {"1": "children"}, "b9bc5e2d_ee23_4410_ab08_16aee1d8bef4<>usedIn<>3<>keyChainings<>8": {"1": "0"}, "b9bc5e2d_ee23_4410_ab08_16aee1d8bef4<>usedIn<>3<>keyChainings<>9": {"1": "children"}, "b9bc5e2d_ee23_4410_ab08_16aee1d8bef4<>usedIn<>3<>keyChainings<>10": {"1": "8"}, "b9bc5e2d_ee23_4410_ab08_16aee1d8bef4<>usedIn<>3<>keyChainings<>11": {"1": "attributes"}, "b9bc5e2d_ee23_4410_ab08_16aee1d8bef4<>usedIn<>3<>keyChainings<>12": {"1": "value"}, "b9bc5e2d_ee23_4410_ab08_16aee1d8bef4<>startIndex": {"1": 181}, "b9bc5e2d_ee23_4410_ab08_16aee1d8bef4<>endIndex": {"1": 273}, "8e412020_973e_45f5_b0f5_8a279fc37bec<>index": {"1": "BLOCK<>statements<>0<>bodyConfig<>statements<>0<>setterId"}, "8e412020_973e_45f5_b0f5_8a279fc37bec<>type": {"1": "REACT_SET_STATE"}, "8e412020_973e_45f5_b0f5_8a279fc37bec<>schema<>type": {"1": "FUNCTION"}, "8e412020_973e_45f5_b0f5_8a279fc37bec<>schema<>isAsync": {"1": false}, "8e412020_973e_45f5_b0f5_8a279fc37bec<>schema<>parameters<>0<>name": {"1": "setterParam"}, "8e412020_973e_45f5_b0f5_8a279fc37bec<>schema<>parameters<>0<>schema<>selection": {"1": "anyOf"}, "8e412020_973e_45f5_b0f5_8a279fc37bec<>schema<>parameters<>0<>schema<>types<>0<>$ref": {"1": "66fae3a2_c1ad_4f2d_84c7_741ac681e45a"}, "8e412020_973e_45f5_b0f5_8a279fc37bec<>schema<>parameters<>0<>schema<>types<>1<>type": {"1": "FUNCTION"}, "8e412020_973e_45f5_b0f5_8a279fc37bec<>schema<>parameters<>0<>schema<>types<>1<>isAsync": {"1": false}, "8e412020_973e_45f5_b0f5_8a279fc37bec<>schema<>parameters<>0<>schema<>types<>1<>parameters<>0<>name": {"1": "state"}, "8e412020_973e_45f5_b0f5_8a279fc37bec<>schema<>parameters<>0<>schema<>types<>1<>parameters<>0<>schema<>selection": {"1": "anyOf"}, "8e412020_973e_45f5_b0f5_8a279fc37bec<>schema<>parameters<>0<>schema<>types<>1<>parameters<>0<>schema<>types<>0<>$ref": {"1": "66fae3a2_c1ad_4f2d_84c7_741ac681e45a"}, "8e412020_973e_45f5_b0f5_8a279fc37bec<>schema<>parameters<>0<>schema<>types<>1<>returnType<>selection": {"1": "anyOf"}, "8e412020_973e_45f5_b0f5_8a279fc37bec<>schema<>parameters<>0<>schema<>types<>1<>returnType<>types<>0<>$ref": {"1": "66fae3a2_c1ad_4f2d_84c7_741ac681e45a"}, "8e412020_973e_45f5_b0f5_8a279fc37bec<>schema<>returnType<>type": {"1": "VOID"}, "8e412020_973e_45f5_b0f5_8a279fc37bec<>parentBlockId": {"1": "91563786_1110_4158_baa6_0166bd0c24c5"}, "8e412020_973e_45f5_b0f5_8a279fc37bec<>name": {"1": "setFormdata"}, "8e412020_973e_45f5_b0f5_8a279fc37bec<>usedIn<>0<>keyChainings<>0": {"1": "BLOCK"}, "8e412020_973e_45f5_b0f5_8a279fc37bec<>usedIn<>0<>keyChainings<>1": {"1": "statements"}, "8e412020_973e_45f5_b0f5_8a279fc37bec<>usedIn<>0<>keyChainings<>2": {"1": "0"}, "8e412020_973e_45f5_b0f5_8a279fc37bec<>usedIn<>0<>keyChainings<>3": {"1": "bodyConfig"}, "8e412020_973e_45f5_b0f5_8a279fc37bec<>usedIn<>0<>keyChainings<>4": {"1": "statements"}, "8e412020_973e_45f5_b0f5_8a279fc37bec<>usedIn<>0<>keyChainings<>5": {"1": "2"}, "8e412020_973e_45f5_b0f5_8a279fc37bec<>usedIn<>0<>keyChainings<>6": {"1": "bodyConfig"}, "8e412020_973e_45f5_b0f5_8a279fc37bec<>usedIn<>0<>keyChainings<>7": {"1": "statements"}, "8e412020_973e_45f5_b0f5_8a279fc37bec<>usedIn<>0<>keyChainings<>8": {"1": "0"}, "API_RES_ERROR_ID<>index": {"1": "BLOCK<>statements<>0<>bodyConfig<>statements<>1"}, "API_RES_ERROR_ID<>type": {"1": "REACT_USE_STATE"}, "API_RES_ERROR_ID<>parentBlockId": {"1": "91563786_1110_4158_baa6_0166bd0c24c5"}, "API_RES_ERROR_ID<>schema<>selection": {"1": "anyOf"}, "API_RES_ERROR_ID<>schema<>types<>0<>selection": {"1": "anyOf"}, "API_RES_ERROR_ID<>schema<>types<>0<>types<>0<>type": {"1": "STRING"}, "API_RES_ERROR_ID<>schema<>types<>0<>types<>1<>type": {"1": "NULL"}, "API_RES_ERROR_ID<>name": {"1": "error"}, "API_RES_ERROR_ID<>usedIn<>0<>keyChainings<>0": {"1": "BLOCK"}, "API_RES_ERROR_ID<>usedIn<>0<>keyChainings<>1": {"1": "statements"}, "API_RES_ERROR_ID<>usedIn<>0<>keyChainings<>2": {"1": "0"}, "API_RES_ERROR_ID<>usedIn<>0<>keyChainings<>3": {"1": "bodyConfig"}, "API_RES_ERROR_ID<>usedIn<>0<>keyChainings<>4": {"1": "statements"}, "API_RES_ERROR_ID<>usedIn<>0<>keyChainings<>5": {"1": "4"}, "API_RES_ERROR_ID<>usedIn<>0<>keyChainings<>6": {"1": "value"}, "API_RES_ERROR_ID<>usedIn<>0<>keyChainings<>7": {"1": "children"}, "API_RES_ERROR_ID<>usedIn<>0<>keyChainings<>8": {"1": "0"}, "API_RES_ERROR_ID<>usedIn<>0<>keyChainings<>9": {"1": "children"}, "API_RES_ERROR_ID<>usedIn<>0<>keyChainings<>10": {"1": "0"}, "API_RES_ERROR_ID<>usedIn<>0<>keyChainings<>11": {"1": "condition"}, "API_RES_ERROR_ID<>usedIn<>1<>keyChainings<>0": {"1": "BLOCK"}, "API_RES_ERROR_ID<>usedIn<>1<>keyChainings<>1": {"1": "statements"}, "API_RES_ERROR_ID<>usedIn<>1<>keyChainings<>2": {"1": "0"}, "API_RES_ERROR_ID<>usedIn<>1<>keyChainings<>3": {"1": "bodyConfig"}, "API_RES_ERROR_ID<>usedIn<>1<>keyChainings<>4": {"1": "statements"}, "API_RES_ERROR_ID<>usedIn<>1<>keyChainings<>5": {"1": "4"}, "API_RES_ERROR_ID<>usedIn<>1<>keyChainings<>6": {"1": "value"}, "API_RES_ERROR_ID<>usedIn<>1<>keyChainings<>7": {"1": "children"}, "API_RES_ERROR_ID<>usedIn<>1<>keyChainings<>8": {"1": "0"}, "API_RES_ERROR_ID<>usedIn<>1<>keyChainings<>9": {"1": "children"}, "API_RES_ERROR_ID<>usedIn<>1<>keyChainings<>10": {"1": "0"}, "API_RES_ERROR_ID<>usedIn<>1<>keyChainings<>11": {"1": "trueCase"}, "API_RES_ERROR_ID<>usedIn<>1<>keyChainings<>12": {"1": "children"}, "API_RES_ERROR_ID<>usedIn<>1<>keyChainings<>13": {"1": "0"}, "API_RES_ERROR_ID<>usedIn<>1<>keyChainings<>14": {"1": "value"}, "API_RES_ERROR_ID<>startIndex": {"1": 279}, "API_RES_ERROR_ID<>endIndex": {"1": 317}, "API_RES_ERROR_SETTER_ID<>index": {"1": "BLOCK<>statements<>0<>bodyConfig<>statements<>1<>setterId"}, "API_RES_ERROR_SETTER_ID<>type": {"1": "REACT_SET_STATE"}, "API_RES_ERROR_SETTER_ID<>schema<>type": {"1": "FUNCTION"}, "API_RES_ERROR_SETTER_ID<>schema<>isAsync": {"1": false}, "API_RES_ERROR_SETTER_ID<>schema<>parameters<>0<>name": {"1": "setterParam"}, "API_RES_ERROR_SETTER_ID<>schema<>parameters<>0<>schema<>selection": {"1": "anyOf"}, "API_RES_ERROR_SETTER_ID<>schema<>parameters<>0<>schema<>types<>0<>selection": {"1": "anyOf"}, "API_RES_ERROR_SETTER_ID<>schema<>parameters<>0<>schema<>types<>0<>types<>0<>type": {"1": "STRING"}, "API_RES_ERROR_SETTER_ID<>schema<>parameters<>0<>schema<>types<>0<>types<>1<>type": {"1": "NULL"}, "API_RES_ERROR_SETTER_ID<>schema<>parameters<>0<>schema<>types<>1<>type": {"1": "FUNCTION"}, "API_RES_ERROR_SETTER_ID<>schema<>parameters<>0<>schema<>types<>1<>isAsync": {"1": false}, "API_RES_ERROR_SETTER_ID<>schema<>parameters<>0<>schema<>types<>1<>parameters<>0<>name": {"1": "state"}, "API_RES_ERROR_SETTER_ID<>schema<>parameters<>0<>schema<>types<>1<>parameters<>0<>schema<>selection": {"1": "anyOf"}, "API_RES_ERROR_SETTER_ID<>schema<>parameters<>0<>schema<>types<>1<>parameters<>0<>schema<>types<>0<>selection": {"1": "anyOf"}, "API_RES_ERROR_SETTER_ID<>schema<>parameters<>0<>schema<>types<>1<>parameters<>0<>schema<>types<>0<>types<>0<>type": {"1": "STRING"}, "API_RES_ERROR_SETTER_ID<>schema<>parameters<>0<>schema<>types<>1<>parameters<>0<>schema<>types<>0<>types<>1<>type": {"1": "NULL"}, "API_RES_ERROR_SETTER_ID<>schema<>parameters<>0<>schema<>types<>1<>returnType<>selection": {"1": "anyOf"}, "API_RES_ERROR_SETTER_ID<>schema<>parameters<>0<>schema<>types<>1<>returnType<>types<>0<>selection": {"1": "anyOf"}, "API_RES_ERROR_SETTER_ID<>schema<>parameters<>0<>schema<>types<>1<>returnType<>types<>0<>types<>0<>type": {"1": "STRING"}, "API_RES_ERROR_SETTER_ID<>schema<>parameters<>0<>schema<>types<>1<>returnType<>types<>0<>types<>1<>type": {"1": "NULL"}, "API_RES_ERROR_SETTER_ID<>schema<>returnType<>type": {"1": "VOID"}, "API_RES_ERROR_SETTER_ID<>parentBlockId": {"1": "91563786_1110_4158_baa6_0166bd0c24c5"}, "API_RES_ERROR_SETTER_ID<>name": {"1": "setError"}, "API_RES_ERROR_SETTER_ID<>usedIn<>0<>keyChainings<>0": {"1": "BLOCK"}, "API_RES_ERROR_SETTER_ID<>usedIn<>0<>keyChainings<>1": {"1": "statements"}, "API_RES_ERROR_SETTER_ID<>usedIn<>0<>keyChainings<>2": {"1": "0"}, "API_RES_ERROR_SETTER_ID<>usedIn<>0<>keyChainings<>3": {"1": "bodyConfig"}, "API_RES_ERROR_SETTER_ID<>usedIn<>0<>keyChainings<>4": {"1": "statements"}, "API_RES_ERROR_SETTER_ID<>usedIn<>0<>keyChainings<>5": {"1": "3"}, "API_RES_ERROR_SETTER_ID<>usedIn<>0<>keyChainings<>6": {"1": "bodyConfig"}, "API_RES_ERROR_SETTER_ID<>usedIn<>0<>keyChainings<>7": {"1": "statements"}, "API_RES_ERROR_SETTER_ID<>usedIn<>0<>keyChainings<>8": {"1": "0"}, "API_RES_ERROR_SETTER_ID<>usedIn<>0<>keyChainings<>9": {"1": "tryBody"}, "API_RES_ERROR_SETTER_ID<>usedIn<>0<>keyChainings<>10": {"1": "statements"}, "API_RES_ERROR_SETTER_ID<>usedIn<>0<>keyChainings<>11": {"1": "2"}, "API_RES_ERROR_SETTER_ID<>usedIn<>1<>keyChainings<>0": {"1": "BLOCK"}, "API_RES_ERROR_SETTER_ID<>usedIn<>1<>keyChainings<>1": {"1": "statements"}, "API_RES_ERROR_SETTER_ID<>usedIn<>1<>keyChainings<>2": {"1": "0"}, "API_RES_ERROR_SETTER_ID<>usedIn<>1<>keyChainings<>3": {"1": "bodyConfig"}, "API_RES_ERROR_SETTER_ID<>usedIn<>1<>keyChainings<>4": {"1": "statements"}, "API_RES_ERROR_SETTER_ID<>usedIn<>1<>keyChainings<>5": {"1": "3"}, "API_RES_ERROR_SETTER_ID<>usedIn<>1<>keyChainings<>6": {"1": "bodyConfig"}, "API_RES_ERROR_SETTER_ID<>usedIn<>1<>keyChainings<>7": {"1": "statements"}, "API_RES_ERROR_SETTER_ID<>usedIn<>1<>keyChainings<>8": {"1": "0"}, "API_RES_ERROR_SETTER_ID<>usedIn<>1<>keyChainings<>9": {"1": "catchBody"}, "API_RES_ERROR_SETTER_ID<>usedIn<>1<>keyChainings<>10": {"1": "statements"}, "API_RES_ERROR_SETTER_ID<>usedIn<>1<>keyChainings<>11": {"1": "0"}, "92cf9639_083d_4ad8_9289_d6dd4acf8f30<>index": {"1": "BLOCK<>statements<>0<>bodyConfig<>statements<>2"}, "92cf9639_083d_4ad8_9289_d6dd4acf8f30<>type": {"1": "FUNCTION"}, "92cf9639_083d_4ad8_9289_d6dd4acf8f30<>parentBlockId": {"1": "91563786_1110_4158_baa6_0166bd0c24c5"}, "92cf9639_083d_4ad8_9289_d6dd4acf8f30<>schema<>type": {"1": "FUNCTION"}, "92cf9639_083d_4ad8_9289_d6dd4acf8f30<>schema<>returnType<>selection": {"1": "anyOf"}, "92cf9639_083d_4ad8_9289_d6dd4acf8f30<>schema<>returnType<>types<>0<>type": {"1": "VOID"}, "92cf9639_083d_4ad8_9289_d6dd4acf8f30<>schema<>parameters<>0<>defaultValue": {"1": null}, "92cf9639_083d_4ad8_9289_d6dd4acf8f30<>schema<>parameters<>0<>description": {"1": ""}, "92cf9639_083d_4ad8_9289_d6dd4acf8f30<>schema<>parameters<>0<>id": {"1": "f48bd1a5_4153_4225_acaf_d94dc65b7e74"}, "92cf9639_083d_4ad8_9289_d6dd4acf8f30<>schema<>parameters<>0<>isRequired": {"1": false}, "92cf9639_083d_4ad8_9289_d6dd4acf8f30<>schema<>parameters<>0<>name": {"1": "e"}, "92cf9639_083d_4ad8_9289_d6dd4acf8f30<>schema<>parameters<>0<>schema<>selection": {"1": "anyOf"}, "92cf9639_083d_4ad8_9289_d6dd4acf8f30<>schema<>parameters<>0<>schema<>types<>0<>type": {"1": "ANY"}, "92cf9639_083d_4ad8_9289_d6dd4acf8f30<>name": {"1": "handleFormChange"}, "92cf9639_083d_4ad8_9289_d6dd4acf8f30<>usedIn<>0<>keyChainings<>0": {"1": "BLOCK"}, "92cf9639_083d_4ad8_9289_d6dd4acf8f30<>usedIn<>0<>keyChainings<>1": {"1": "statements"}, "92cf9639_083d_4ad8_9289_d6dd4acf8f30<>usedIn<>0<>keyChainings<>2": {"1": "0"}, "92cf9639_083d_4ad8_9289_d6dd4acf8f30<>usedIn<>0<>keyChainings<>3": {"1": "bodyConfig"}, "92cf9639_083d_4ad8_9289_d6dd4acf8f30<>usedIn<>0<>keyChainings<>4": {"1": "statements"}, "92cf9639_083d_4ad8_9289_d6dd4acf8f30<>usedIn<>0<>keyChainings<>5": {"1": "4"}, "92cf9639_083d_4ad8_9289_d6dd4acf8f30<>usedIn<>0<>keyChainings<>6": {"1": "value"}, "92cf9639_083d_4ad8_9289_d6dd4acf8f30<>usedIn<>0<>keyChainings<>7": {"1": "children"}, "92cf9639_083d_4ad8_9289_d6dd4acf8f30<>usedIn<>0<>keyChainings<>8": {"1": "0"}, "92cf9639_083d_4ad8_9289_d6dd4acf8f30<>usedIn<>0<>keyChainings<>9": {"1": "children"}, "92cf9639_083d_4ad8_9289_d6dd4acf8f30<>usedIn<>0<>keyChainings<>10": {"1": "2"}, "92cf9639_083d_4ad8_9289_d6dd4acf8f30<>usedIn<>0<>keyChainings<>11": {"1": "attributes"}, "92cf9639_083d_4ad8_9289_d6dd4acf8f30<>usedIn<>0<>keyChainings<>12": {"1": "onChange"}, "92cf9639_083d_4ad8_9289_d6dd4acf8f30<>usedIn<>1<>keyChainings<>0": {"1": "BLOCK"}, "92cf9639_083d_4ad8_9289_d6dd4acf8f30<>usedIn<>1<>keyChainings<>1": {"1": "statements"}, "92cf9639_083d_4ad8_9289_d6dd4acf8f30<>usedIn<>1<>keyChainings<>2": {"1": "0"}, "92cf9639_083d_4ad8_9289_d6dd4acf8f30<>usedIn<>1<>keyChainings<>3": {"1": "bodyConfig"}, "92cf9639_083d_4ad8_9289_d6dd4acf8f30<>usedIn<>1<>keyChainings<>4": {"1": "statements"}, "92cf9639_083d_4ad8_9289_d6dd4acf8f30<>usedIn<>1<>keyChainings<>5": {"1": "4"}, "92cf9639_083d_4ad8_9289_d6dd4acf8f30<>usedIn<>1<>keyChainings<>6": {"1": "value"}, "92cf9639_083d_4ad8_9289_d6dd4acf8f30<>usedIn<>1<>keyChainings<>7": {"1": "children"}, "92cf9639_083d_4ad8_9289_d6dd4acf8f30<>usedIn<>1<>keyChainings<>8": {"1": "0"}, "92cf9639_083d_4ad8_9289_d6dd4acf8f30<>usedIn<>1<>keyChainings<>9": {"1": "children"}, "92cf9639_083d_4ad8_9289_d6dd4acf8f30<>usedIn<>1<>keyChainings<>10": {"1": "5"}, "92cf9639_083d_4ad8_9289_d6dd4acf8f30<>usedIn<>1<>keyChainings<>11": {"1": "attributes"}, "92cf9639_083d_4ad8_9289_d6dd4acf8f30<>usedIn<>1<>keyChainings<>12": {"1": "onChange"}, "92cf9639_083d_4ad8_9289_d6dd4acf8f30<>usedIn<>2<>keyChainings<>0": {"1": "BLOCK"}, "92cf9639_083d_4ad8_9289_d6dd4acf8f30<>usedIn<>2<>keyChainings<>1": {"1": "statements"}, "92cf9639_083d_4ad8_9289_d6dd4acf8f30<>usedIn<>2<>keyChainings<>2": {"1": "0"}, "92cf9639_083d_4ad8_9289_d6dd4acf8f30<>usedIn<>2<>keyChainings<>3": {"1": "bodyConfig"}, "92cf9639_083d_4ad8_9289_d6dd4acf8f30<>usedIn<>2<>keyChainings<>4": {"1": "statements"}, "92cf9639_083d_4ad8_9289_d6dd4acf8f30<>usedIn<>2<>keyChainings<>5": {"1": "4"}, "92cf9639_083d_4ad8_9289_d6dd4acf8f30<>usedIn<>2<>keyChainings<>6": {"1": "value"}, "92cf9639_083d_4ad8_9289_d6dd4acf8f30<>usedIn<>2<>keyChainings<>7": {"1": "children"}, "92cf9639_083d_4ad8_9289_d6dd4acf8f30<>usedIn<>2<>keyChainings<>8": {"1": "0"}, "92cf9639_083d_4ad8_9289_d6dd4acf8f30<>usedIn<>2<>keyChainings<>9": {"1": "children"}, "92cf9639_083d_4ad8_9289_d6dd4acf8f30<>usedIn<>2<>keyChainings<>10": {"1": "8"}, "92cf9639_083d_4ad8_9289_d6dd4acf8f30<>usedIn<>2<>keyChainings<>11": {"1": "attributes"}, "92cf9639_083d_4ad8_9289_d6dd4acf8f30<>usedIn<>2<>keyChainings<>12": {"1": "onChange"}, "92cf9639_083d_4ad8_9289_d6dd4acf8f30<>startIndex": {"1": 323}, "92cf9639_083d_4ad8_9289_d6dd4acf8f30<>endIndex": {"1": 537}, "f48bd1a5_4153_4225_acaf_d94dc65b7e74<>index": {"1": "BLOCK<>statements<>0<>bodyConfig<>statements<>2<>schema<>parameters<>0"}, "f48bd1a5_4153_4225_acaf_d94dc65b7e74<>type": {"1": "PARAM"}, "f48bd1a5_4153_4225_acaf_d94dc65b7e74<>name": {"1": "e"}, "f48bd1a5_4153_4225_acaf_d94dc65b7e74<>parentBlockId": {"1": "91563786_1110_4158_baa6_0166bd0c24c5"}, "f48bd1a5_4153_4225_acaf_d94dc65b7e74<>paramStartIndex": {"1": 334}, "f48bd1a5_4153_4225_acaf_d94dc65b7e74<>paramEndIndex": {"1": 334}, "c7989a8e_b330_4ebc_9df3_5dbb168b0ac1<>index": {"1": "BLOCK<>statements<>0<>bodyConfig<>statements<>2<>bodyConfig"}, "c7989a8e_b330_4ebc_9df3_5dbb168b0ac1<>type": {"1": "BLOCK"}, "c7989a8e_b330_4ebc_9df3_5dbb168b0ac1<>parentBlockId": {"1": "91563786_1110_4158_baa6_0166bd0c24c5"}, "c7989a8e_b330_4ebc_9df3_5dbb168b0ac1<>parentFunctionId": {"1": "92cf9639_083d_4ad8_9289_d6dd4acf8f30"}, "c7989a8e_b330_4ebc_9df3_5dbb168b0ac1<>parent_scope<>Createcontactinfo": {"1": "3c563cba_91c6_4f3d_a7a8_a8c37a6455b1"}, "c7989a8e_b330_4ebc_9df3_5dbb168b0ac1<>parent_scope<>FormData": {"1": "b9bc5e2d_ee23_4410_ab08_16aee1d8bef4"}, "c7989a8e_b330_4ebc_9df3_5dbb168b0ac1<>parent_scope<>setFormdata": {"1": "8e412020_973e_45f5_b0f5_8a279fc37bec"}, "c7989a8e_b330_4ebc_9df3_5dbb168b0ac1<>parent_scope<>error": {"1": "API_RES_ERROR_ID"}, "c7989a8e_b330_4ebc_9df3_5dbb168b0ac1<>parent_scope<>setError": {"1": "API_RES_ERROR_SETTER_ID"}, "c7989a8e_b330_4ebc_9df3_5dbb168b0ac1<>parent_scope<>handleFormChange": {"1": "92cf9639_083d_4ad8_9289_d6dd4acf8f30"}, "c7989a8e_b330_4ebc_9df3_5dbb168b0ac1<>scope<>e": {"1": "f48bd1a5_4153_4225_acaf_d94dc65b7e74"}, "c7989a8e_b330_4ebc_9df3_5dbb168b0ac1<>startIndex": {"1": 355}, "c7989a8e_b330_4ebc_9df3_5dbb168b0ac1<>endIndex": {"1": 537}, "cea43cb9_02eb_423d_a9ce_55242ae96c22<>index": {"1": "BLOCK<>statements<>0<>bodyConfig<>statements<>2<>bodyConfig<>statements<>0"}, "cea43cb9_02eb_423d_a9ce_55242ae96c22<>type": {"1": "FUNCTION_CALL"}, "cea43cb9_02eb_423d_a9ce_55242ae96c22<>parentBlockId": {"1": "c7989a8e_b330_4ebc_9df3_5dbb168b0ac1"}, "cea43cb9_02eb_423d_a9ce_55242ae96c22<>startIndex": {"1": 361}, "cea43cb9_02eb_423d_a9ce_55242ae96c22<>endIndex": {"1": 531}, "45e8f522_6fc7_4c1f_9ca5_6bc2159629cb<>index": {"1": "BLOCK<>statements<>0<>bodyConfig<>statements<>2<>bodyConfig<>statements<>0<>parameters<>0"}, "45e8f522_6fc7_4c1f_9ca5_6bc2159629cb<>type": {"1": "FUNCTION"}, "45e8f522_6fc7_4c1f_9ca5_6bc2159629cb<>parentBlockId": {"1": "c7989a8e_b330_4ebc_9df3_5dbb168b0ac1"}, "45e8f522_6fc7_4c1f_9ca5_6bc2159629cb<>schema<>parameters<>0<>defaultValue": {"1": null}, "45e8f522_6fc7_4c1f_9ca5_6bc2159629cb<>schema<>parameters<>0<>description": {"1": ""}, "45e8f522_6fc7_4c1f_9ca5_6bc2159629cb<>schema<>parameters<>0<>id": {"1": "6a68309a_c540_460e_9397_caf0dd25a734"}, "45e8f522_6fc7_4c1f_9ca5_6bc2159629cb<>schema<>parameters<>0<>isRequired": {"1": false}, "45e8f522_6fc7_4c1f_9ca5_6bc2159629cb<>schema<>parameters<>0<>name": {"1": "prev"}, "45e8f522_6fc7_4c1f_9ca5_6bc2159629cb<>schema<>parameters<>0<>schema<>selection": {"1": "anyOf"}, "45e8f522_6fc7_4c1f_9ca5_6bc2159629cb<>schema<>parameters<>0<>schema<>types<>0<>$ref": {"1": "66fae3a2_c1ad_4f2d_84c7_741ac681e45a"}, "45e8f522_6fc7_4c1f_9ca5_6bc2159629cb<>schema<>returnType<>selection": {"1": "anyOf"}, "45e8f522_6fc7_4c1f_9ca5_6bc2159629cb<>schema<>returnType<>types<>0<>type": {"1": "any"}, "45e8f522_6fc7_4c1f_9ca5_6bc2159629cb<>schema<>type": {"1": "FUNCTION"}, "45e8f522_6fc7_4c1f_9ca5_6bc2159629cb<>returnStatements<>0<>statement_id": {"1": "180bad42_62dd_47a9_846f_bd58d97596c5"}, "45e8f522_6fc7_4c1f_9ca5_6bc2159629cb<>returnStatements<>0<>index": {"1": "BLOCK<>statements<>0<>bodyConfig<>statements<>2<>bodyConfig<>statements<>0<>parameters<>0<>bodyConfig<>statements<>1"}, "45e8f522_6fc7_4c1f_9ca5_6bc2159629cb<>startIndex": {"1": 374}, "45e8f522_6fc7_4c1f_9ca5_6bc2159629cb<>endIndex": {"1": 531}, "6a68309a_c540_460e_9397_caf0dd25a734<>index": {"1": "BLOCK<>statements<>0<>bodyConfig<>statements<>2<>bodyConfig<>statements<>0<>parameters<>0<>schema<>parameters<>0"}, "6a68309a_c540_460e_9397_caf0dd25a734<>type": {"1": "PARAM"}, "6a68309a_c540_460e_9397_caf0dd25a734<>name": {"1": "prev"}, "6a68309a_c540_460e_9397_caf0dd25a734<>parentBlockId": {"1": "c7989a8e_b330_4ebc_9df3_5dbb168b0ac1"}, "6a68309a_c540_460e_9397_caf0dd25a734<>usedIn<>0<>keyChainings<>0": {"1": "BLOCK"}, "6a68309a_c540_460e_9397_caf0dd25a734<>usedIn<>0<>keyChainings<>1": {"1": "statements"}, "6a68309a_c540_460e_9397_caf0dd25a734<>usedIn<>0<>keyChainings<>2": {"1": "0"}, "6a68309a_c540_460e_9397_caf0dd25a734<>usedIn<>0<>keyChainings<>3": {"1": "bodyConfig"}, "6a68309a_c540_460e_9397_caf0dd25a734<>usedIn<>0<>keyChainings<>4": {"1": "statements"}, "6a68309a_c540_460e_9397_caf0dd25a734<>usedIn<>0<>keyChainings<>5": {"1": "2"}, "6a68309a_c540_460e_9397_caf0dd25a734<>usedIn<>0<>keyChainings<>6": {"1": "bodyConfig"}, "6a68309a_c540_460e_9397_caf0dd25a734<>usedIn<>0<>keyChainings<>7": {"1": "statements"}, "6a68309a_c540_460e_9397_caf0dd25a734<>usedIn<>0<>keyChainings<>8": {"1": "0"}, "6a68309a_c540_460e_9397_caf0dd25a734<>usedIn<>0<>keyChainings<>9": {"1": "parameters"}, "6a68309a_c540_460e_9397_caf0dd25a734<>usedIn<>0<>keyChainings<>10": {"1": "0"}, "6a68309a_c540_460e_9397_caf0dd25a734<>usedIn<>0<>keyChainings<>11": {"1": "bodyConfig"}, "6a68309a_c540_460e_9397_caf0dd25a734<>usedIn<>0<>keyChainings<>12": {"1": "statements"}, "6a68309a_c540_460e_9397_caf0dd25a734<>usedIn<>0<>keyChainings<>13": {"1": "1"}, "6a68309a_c540_460e_9397_caf0dd25a734<>usedIn<>0<>keyChainings<>14": {"1": "value"}, "6a68309a_c540_460e_9397_caf0dd25a734<>usedIn<>0<>keyChainings<>15": {"1": "properties"}, "6a68309a_c540_460e_9397_caf0dd25a734<>usedIn<>0<>keyChainings<>16": {"1": "0"}, "6a68309a_c540_460e_9397_caf0dd25a734<>usedIn<>0<>keyChainings<>17": {"1": "value"}, "6a68309a_c540_460e_9397_caf0dd25a734<>paramStartIndex": {"1": 374}, "6a68309a_c540_460e_9397_caf0dd25a734<>paramEndIndex": {"1": 377}, "e9b93b98_c112_4a9b_95c1_03f7c6924429<>index": {"1": "BLOCK<>statements<>0<>bodyConfig<>statements<>2<>bodyConfig<>statements<>0<>parameters<>0<>bodyConfig"}, "e9b93b98_c112_4a9b_95c1_03f7c6924429<>type": {"1": "BLOCK"}, "e9b93b98_c112_4a9b_95c1_03f7c6924429<>parentBlockId": {"1": "c7989a8e_b330_4ebc_9df3_5dbb168b0ac1"}, "e9b93b98_c112_4a9b_95c1_03f7c6924429<>parentFunctionId": {"1": "45e8f522_6fc7_4c1f_9ca5_6bc2159629cb"}, "e9b93b98_c112_4a9b_95c1_03f7c6924429<>parent_scope<>Createcontactinfo": {"1": "3c563cba_91c6_4f3d_a7a8_a8c37a6455b1"}, "e9b93b98_c112_4a9b_95c1_03f7c6924429<>parent_scope<>FormData": {"1": "b9bc5e2d_ee23_4410_ab08_16aee1d8bef4"}, "e9b93b98_c112_4a9b_95c1_03f7c6924429<>parent_scope<>setFormdata": {"1": "8e412020_973e_45f5_b0f5_8a279fc37bec"}, "e9b93b98_c112_4a9b_95c1_03f7c6924429<>parent_scope<>error": {"1": "API_RES_ERROR_ID"}, "e9b93b98_c112_4a9b_95c1_03f7c6924429<>parent_scope<>setError": {"1": "API_RES_ERROR_SETTER_ID"}, "e9b93b98_c112_4a9b_95c1_03f7c6924429<>parent_scope<>handleFormChange": {"1": "92cf9639_083d_4ad8_9289_d6dd4acf8f30"}, "e9b93b98_c112_4a9b_95c1_03f7c6924429<>parent_scope<>e": {"1": "f48bd1a5_4153_4225_acaf_d94dc65b7e74"}, "e9b93b98_c112_4a9b_95c1_03f7c6924429<>scope<>prev": {"1": "6a68309a_c540_460e_9397_caf0dd25a734"}, "e9b93b98_c112_4a9b_95c1_03f7c6924429<>startIndex": {"1": 383}, "e9b93b98_c112_4a9b_95c1_03f7c6924429<>endIndex": {"1": 531}, "d979bd75_1f82_48d6_9555_19e1a04f2c5b<>index": {"1": "BLOCK<>statements<>0<>bodyConfig<>statements<>2<>bodyConfig<>statements<>0<>parameters<>0<>bodyConfig<>statements<>0"}, "d979bd75_1f82_48d6_9555_19e1a04f2c5b<>type": {"1": "CUSTOM"}, "d979bd75_1f82_48d6_9555_19e1a04f2c5b<>parentBlockId": {"1": "e9b93b98_c112_4a9b_95c1_03f7c6924429"}, "d979bd75_1f82_48d6_9555_19e1a04f2c5b<>startIndex": {"1": 383}, "d979bd75_1f82_48d6_9555_19e1a04f2c5b<>endIndex": {"1": 383}, "180bad42_62dd_47a9_846f_bd58d97596c5<>index": {"1": "BLOCK<>statements<>0<>bodyConfig<>statements<>2<>bodyConfig<>statements<>0<>parameters<>0<>bodyConfig<>statements<>1"}, "180bad42_62dd_47a9_846f_bd58d97596c5<>type": {"1": "RETURN"}, "180bad42_62dd_47a9_846f_bd58d97596c5<>parentBlockId": {"1": "e9b93b98_c112_4a9b_95c1_03f7c6924429"}, "180bad42_62dd_47a9_846f_bd58d97596c5<>startIndex": {"1": 391}, "180bad42_62dd_47a9_846f_bd58d97596c5<>endIndex": {"1": 524}, "0e38b72b_29ab_4be7_9abc_0dd4175a6bc7<>index": {"1": "BLOCK<>statements<>0<>bodyConfig<>statements<>3"}, "0e38b72b_29ab_4be7_9abc_0dd4175a6bc7<>type": {"1": "FUNCTION"}, "0e38b72b_29ab_4be7_9abc_0dd4175a6bc7<>parentBlockId": {"1": "91563786_1110_4158_baa6_0166bd0c24c5"}, "0e38b72b_29ab_4be7_9abc_0dd4175a6bc7<>schema<>type": {"1": "FUNCTION"}, "0e38b72b_29ab_4be7_9abc_0dd4175a6bc7<>schema<>returnType<>selection": {"1": "anyOf"}, "0e38b72b_29ab_4be7_9abc_0dd4175a6bc7<>schema<>returnType<>types<>0<>type": {"1": "VOID"}, "0e38b72b_29ab_4be7_9abc_0dd4175a6bc7<>schema<>parameters<>0<>defaultValue": {"1": null}, "0e38b72b_29ab_4be7_9abc_0dd4175a6bc7<>schema<>parameters<>0<>description": {"1": ""}, "0e38b72b_29ab_4be7_9abc_0dd4175a6bc7<>schema<>parameters<>0<>id": {"1": "7aef961d_21ed_48b9_a1a6_7254899d3c43"}, "0e38b72b_29ab_4be7_9abc_0dd4175a6bc7<>schema<>parameters<>0<>isRequired": {"1": false}, "0e38b72b_29ab_4be7_9abc_0dd4175a6bc7<>schema<>parameters<>0<>name": {"1": "e"}, "0e38b72b_29ab_4be7_9abc_0dd4175a6bc7<>schema<>parameters<>0<>schema<>selection": {"1": "anyOf"}, "0e38b72b_29ab_4be7_9abc_0dd4175a6bc7<>schema<>parameters<>0<>schema<>types<>0<>type": {"1": "ANY"}, "0e38b72b_29ab_4be7_9abc_0dd4175a6bc7<>name": {"1": "handleFormSubmit"}, "0e38b72b_29ab_4be7_9abc_0dd4175a6bc7<>usedIn<>0<>keyChainings<>0": {"1": "BLOCK"}, "0e38b72b_29ab_4be7_9abc_0dd4175a6bc7<>usedIn<>0<>keyChainings<>1": {"1": "statements"}, "0e38b72b_29ab_4be7_9abc_0dd4175a6bc7<>usedIn<>0<>keyChainings<>2": {"1": "0"}, "0e38b72b_29ab_4be7_9abc_0dd4175a6bc7<>usedIn<>0<>keyChainings<>3": {"1": "bodyConfig"}, "0e38b72b_29ab_4be7_9abc_0dd4175a6bc7<>usedIn<>0<>keyChainings<>4": {"1": "statements"}, "0e38b72b_29ab_4be7_9abc_0dd4175a6bc7<>usedIn<>0<>keyChainings<>5": {"1": "4"}, "0e38b72b_29ab_4be7_9abc_0dd4175a6bc7<>usedIn<>0<>keyChainings<>6": {"1": "value"}, "0e38b72b_29ab_4be7_9abc_0dd4175a6bc7<>usedIn<>0<>keyChainings<>7": {"1": "children"}, "0e38b72b_29ab_4be7_9abc_0dd4175a6bc7<>usedIn<>0<>keyChainings<>8": {"1": "0"}, "0e38b72b_29ab_4be7_9abc_0dd4175a6bc7<>usedIn<>0<>keyChainings<>9": {"1": "attributes"}, "0e38b72b_29ab_4be7_9abc_0dd4175a6bc7<>usedIn<>0<>keyChainings<>10": {"1": "onSubmit"}, "0e38b72b_29ab_4be7_9abc_0dd4175a6bc7<>startIndex": {"1": 542}, "0e38b72b_29ab_4be7_9abc_0dd4175a6bc7<>endIndex": {"1": 794}, "7aef961d_21ed_48b9_a1a6_7254899d3c43<>index": {"1": "BLOCK<>statements<>0<>bodyConfig<>statements<>3<>schema<>parameters<>0"}, "7aef961d_21ed_48b9_a1a6_7254899d3c43<>type": {"1": "PARAM"}, "7aef961d_21ed_48b9_a1a6_7254899d3c43<>name": {"1": "e"}, "7aef961d_21ed_48b9_a1a6_7254899d3c43<>parentBlockId": {"1": "91563786_1110_4158_baa6_0166bd0c24c5"}, "7aef961d_21ed_48b9_a1a6_7254899d3c43<>paramStartIndex": {"1": 553}, "7aef961d_21ed_48b9_a1a6_7254899d3c43<>paramEndIndex": {"1": 553}, "8037caa8_73c4_4ea2_9c31_89b843a39fd3<>index": {"1": "BLOCK<>statements<>0<>bodyConfig<>statements<>3<>bodyConfig"}, "8037caa8_73c4_4ea2_9c31_89b843a39fd3<>type": {"1": "BLOCK"}, "8037caa8_73c4_4ea2_9c31_89b843a39fd3<>parentBlockId": {"1": "91563786_1110_4158_baa6_0166bd0c24c5"}, "8037caa8_73c4_4ea2_9c31_89b843a39fd3<>parentFunctionId": {"1": "0e38b72b_29ab_4be7_9abc_0dd4175a6bc7"}, "8037caa8_73c4_4ea2_9c31_89b843a39fd3<>parent_scope<>Createcontactinfo": {"1": "3c563cba_91c6_4f3d_a7a8_a8c37a6455b1"}, "8037caa8_73c4_4ea2_9c31_89b843a39fd3<>parent_scope<>FormData": {"1": "b9bc5e2d_ee23_4410_ab08_16aee1d8bef4"}, "8037caa8_73c4_4ea2_9c31_89b843a39fd3<>parent_scope<>setFormdata": {"1": "8e412020_973e_45f5_b0f5_8a279fc37bec"}, "8037caa8_73c4_4ea2_9c31_89b843a39fd3<>parent_scope<>error": {"1": "API_RES_ERROR_ID"}, "8037caa8_73c4_4ea2_9c31_89b843a39fd3<>parent_scope<>setError": {"1": "API_RES_ERROR_SETTER_ID"}, "8037caa8_73c4_4ea2_9c31_89b843a39fd3<>parent_scope<>handleFormChange": {"1": "92cf9639_083d_4ad8_9289_d6dd4acf8f30"}, "8037caa8_73c4_4ea2_9c31_89b843a39fd3<>parent_scope<>handleFormSubmit": {"1": "0e38b72b_29ab_4be7_9abc_0dd4175a6bc7"}, "8037caa8_73c4_4ea2_9c31_89b843a39fd3<>scope<>e": {"1": "7aef961d_21ed_48b9_a1a6_7254899d3c43"}, "8037caa8_73c4_4ea2_9c31_89b843a39fd3<>startIndex": {"1": 580}, "8037caa8_73c4_4ea2_9c31_89b843a39fd3<>endIndex": {"1": 794}, "d4d81669_5c28_429c_af12_d40ea9901e2f<>index": {"1": "BLOCK<>statements<>0<>bodyConfig<>statements<>3<>bodyConfig<>statements<>0"}, "d4d81669_5c28_429c_af12_d40ea9901e2f<>type": {"1": "TRY_CATCH"}, "d4d81669_5c28_429c_af12_d40ea9901e2f<>parentBlockId": {"1": "8037caa8_73c4_4ea2_9c31_89b843a39fd3"}, "d4d81669_5c28_429c_af12_d40ea9901e2f<>startIndex": {"1": 586}, "d4d81669_5c28_429c_af12_d40ea9901e2f<>endIndex": {"1": 790}, "1fad6484_d470_44a0_b111_5412957804ff<>index": {"1": "BLOCK<>statements<>0<>bodyConfig<>statements<>3<>bodyConfig<>statements<>0<>tryBody"}, "1fad6484_d470_44a0_b111_5412957804ff<>type": {"1": "BLOCK"}, "1fad6484_d470_44a0_b111_5412957804ff<>parentBlockId": {"1": "8037caa8_73c4_4ea2_9c31_89b843a39fd3"}, "1fad6484_d470_44a0_b111_5412957804ff<>parentFunctionId": {"1": "0e38b72b_29ab_4be7_9abc_0dd4175a6bc7"}, "1fad6484_d470_44a0_b111_5412957804ff<>parent_scope<>Createcontactinfo": {"1": "3c563cba_91c6_4f3d_a7a8_a8c37a6455b1"}, "1fad6484_d470_44a0_b111_5412957804ff<>parent_scope<>FormData": {"1": "b9bc5e2d_ee23_4410_ab08_16aee1d8bef4"}, "1fad6484_d470_44a0_b111_5412957804ff<>parent_scope<>setFormdata": {"1": "8e412020_973e_45f5_b0f5_8a279fc37bec"}, "1fad6484_d470_44a0_b111_5412957804ff<>parent_scope<>error": {"1": "API_RES_ERROR_ID"}, "1fad6484_d470_44a0_b111_5412957804ff<>parent_scope<>setError": {"1": "API_RES_ERROR_SETTER_ID"}, "1fad6484_d470_44a0_b111_5412957804ff<>parent_scope<>handleFormChange": {"1": "92cf9639_083d_4ad8_9289_d6dd4acf8f30"}, "1fad6484_d470_44a0_b111_5412957804ff<>parent_scope<>handleFormSubmit": {"1": "0e38b72b_29ab_4be7_9abc_0dd4175a6bc7"}, "1fad6484_d470_44a0_b111_5412957804ff<>parent_scope<>e": {"1": "7aef961d_21ed_48b9_a1a6_7254899d3c43"}, "1fad6484_d470_44a0_b111_5412957804ff<>scope<>response": {"1": "f0b06ed2_08be_4029_aec5_90b5529966cb"}, "1fad6484_d470_44a0_b111_5412957804ff<>startIndex": {"1": 590}, "1fad6484_d470_44a0_b111_5412957804ff<>endIndex": {"1": 696}, "4ba361ff_e3ef_44fe_af56_595d7b2172e7<>index": {"1": "BLOCK<>statements<>0<>bodyConfig<>statements<>3<>bodyConfig<>statements<>0<>tryBody<>statements<>0"}, "4ba361ff_e3ef_44fe_af56_595d7b2172e7<>type": {"1": "CUSTOM"}, "4ba361ff_e3ef_44fe_af56_595d7b2172e7<>parentBlockId": {"1": "1fad6484_d470_44a0_b111_5412957804ff"}, "4ba361ff_e3ef_44fe_af56_595d7b2172e7<>startIndex": {"1": 598}, "4ba361ff_e3ef_44fe_af56_595d7b2172e7<>endIndex": {"1": 613}, "f0b06ed2_08be_4029_aec5_90b5529966cb<>index": {"1": "BLOCK<>statements<>0<>bodyConfig<>statements<>3<>bodyConfig<>statements<>0<>tryBody<>statements<>1"}, "f0b06ed2_08be_4029_aec5_90b5529966cb<>type": {"1": "DECLARATION"}, "f0b06ed2_08be_4029_aec5_90b5529966cb<>parentBlockId": {"1": "1fad6484_d470_44a0_b111_5412957804ff"}, "f0b06ed2_08be_4029_aec5_90b5529966cb<>schema<>selection": {"1": "anyOf"}, "f0b06ed2_08be_4029_aec5_90b5529966cb<>schema<>types<>0<>type": {"1": "ANY"}, "f0b06ed2_08be_4029_aec5_90b5529966cb<>schema<>types<>1<>templateInputs<>0<>selection": {"1": "anyOf"}, "f0b06ed2_08be_4029_aec5_90b5529966cb<>schema<>types<>1<>templateInputs<>0<>types<>0<>$ref": {"1": "374d8a71_579c_4425_a903_98dc97233047"}, "f0b06ed2_08be_4029_aec5_90b5529966cb<>schema<>types<>1<>type": {"1": "ARRAY"}, "f0b06ed2_08be_4029_aec5_90b5529966cb<>name": {"1": "response"}, "f0b06ed2_08be_4029_aec5_90b5529966cb<>startIndex": {"1": 624}, "f0b06ed2_08be_4029_aec5_90b5529966cb<>endIndex": {"1": 666}, "abc07c46_a522_49c3_9480_59e8d5ff438a<>index": {"1": "BLOCK<>statements<>0<>bodyConfig<>statements<>3<>bodyConfig<>statements<>0<>tryBody<>statements<>1<>value"}, "abc07c46_a522_49c3_9480_59e8d5ff438a<>type": {"1": "FUNCTION_CALL"}, "abc07c46_a522_49c3_9480_59e8d5ff438a<>parentBlockId": {"1": "1fad6484_d470_44a0_b111_5412957804ff"}, "002100b2_5eaa_426e_8520_bc56e3586091<>index": {"1": "BLOCK<>statements<>0<>bodyConfig<>statements<>3<>bodyConfig<>statements<>0<>tryBody<>statements<>2"}, "002100b2_5eaa_426e_8520_bc56e3586091<>type": {"1": "FUNCTION_CALL"}, "002100b2_5eaa_426e_8520_bc56e3586091<>parentBlockId": {"1": "1fad6484_d470_44a0_b111_5412957804ff"}, "002100b2_5eaa_426e_8520_bc56e3586091<>startIndex": {"1": 676}, "002100b2_5eaa_426e_8520_bc56e3586091<>endIndex": {"1": 688}, "d21721e9_a47b_4105_a0fe_09e3afa47641<>index": {"1": "BLOCK<>statements<>0<>bodyConfig<>statements<>3<>bodyConfig<>statements<>0<>catchBody"}, "d21721e9_a47b_4105_a0fe_09e3afa47641<>type": {"1": "BLOCK"}, "d21721e9_a47b_4105_a0fe_09e3afa47641<>parentBlockId": {"1": "8037caa8_73c4_4ea2_9c31_89b843a39fd3"}, "d21721e9_a47b_4105_a0fe_09e3afa47641<>parentFunctionId": {"1": "0e38b72b_29ab_4be7_9abc_0dd4175a6bc7"}, "d21721e9_a47b_4105_a0fe_09e3afa47641<>parent_scope<>Createcontactinfo": {"1": "3c563cba_91c6_4f3d_a7a8_a8c37a6455b1"}, "d21721e9_a47b_4105_a0fe_09e3afa47641<>parent_scope<>FormData": {"1": "b9bc5e2d_ee23_4410_ab08_16aee1d8bef4"}, "d21721e9_a47b_4105_a0fe_09e3afa47641<>parent_scope<>setFormdata": {"1": "8e412020_973e_45f5_b0f5_8a279fc37bec"}, "d21721e9_a47b_4105_a0fe_09e3afa47641<>parent_scope<>error": {"1": "API_RES_ERROR_ID"}, "d21721e9_a47b_4105_a0fe_09e3afa47641<>parent_scope<>setError": {"1": "API_RES_ERROR_SETTER_ID"}, "d21721e9_a47b_4105_a0fe_09e3afa47641<>parent_scope<>handleFormChange": {"1": "92cf9639_083d_4ad8_9289_d6dd4acf8f30"}, "d21721e9_a47b_4105_a0fe_09e3afa47641<>parent_scope<>handleFormSubmit": {"1": "0e38b72b_29ab_4be7_9abc_0dd4175a6bc7"}, "d21721e9_a47b_4105_a0fe_09e3afa47641<>parent_scope<>e": {"1": "7aef961d_21ed_48b9_a1a6_7254899d3c43"}, "d21721e9_a47b_4105_a0fe_09e3afa47641<>scope": {"1": {}}, "d21721e9_a47b_4105_a0fe_09e3afa47641<>startIndex": {"1": 710}, "d21721e9_a47b_4105_a0fe_09e3afa47641<>endIndex": {"1": 774}, "23107a3e_693b_4a44_b287_bc7b10f53689<>index": {"1": "BLOCK<>statements<>0<>bodyConfig<>statements<>3<>bodyConfig<>statements<>0<>catchBody<>statements<>0"}, "23107a3e_693b_4a44_b287_bc7b10f53689<>type": {"1": "FUNCTION_CALL"}, "23107a3e_693b_4a44_b287_bc7b10f53689<>parentBlockId": {"1": "d21721e9_a47b_4105_a0fe_09e3afa47641"}, "23107a3e_693b_4a44_b287_bc7b10f53689<>startIndex": {"1": 718}, "23107a3e_693b_4a44_b287_bc7b10f53689<>endIndex": {"1": 766}, "4b2adba8_e683_4d6c_8559_ad0b39447eeb<>index": {"1": "BLOCK<>statements<>0<>bodyConfig<>statements<>3<>bodyConfig<>statements<>0<>finallyBody"}, "4b2adba8_e683_4d6c_8559_ad0b39447eeb<>type": {"1": "BLOCK"}, "4b2adba8_e683_4d6c_8559_ad0b39447eeb<>parentBlockId": {"1": "8037caa8_73c4_4ea2_9c31_89b843a39fd3"}, "4b2adba8_e683_4d6c_8559_ad0b39447eeb<>parentFunctionId": {"1": "0e38b72b_29ab_4be7_9abc_0dd4175a6bc7"}, "4b2adba8_e683_4d6c_8559_ad0b39447eeb<>parent_scope<>Createcontactinfo": {"1": "3c563cba_91c6_4f3d_a7a8_a8c37a6455b1"}, "4b2adba8_e683_4d6c_8559_ad0b39447eeb<>parent_scope<>FormData": {"1": "b9bc5e2d_ee23_4410_ab08_16aee1d8bef4"}, "4b2adba8_e683_4d6c_8559_ad0b39447eeb<>parent_scope<>setFormdata": {"1": "8e412020_973e_45f5_b0f5_8a279fc37bec"}, "4b2adba8_e683_4d6c_8559_ad0b39447eeb<>parent_scope<>error": {"1": "API_RES_ERROR_ID"}, "4b2adba8_e683_4d6c_8559_ad0b39447eeb<>parent_scope<>setError": {"1": "API_RES_ERROR_SETTER_ID"}, "4b2adba8_e683_4d6c_8559_ad0b39447eeb<>parent_scope<>handleFormChange": {"1": "92cf9639_083d_4ad8_9289_d6dd4acf8f30"}, "4b2adba8_e683_4d6c_8559_ad0b39447eeb<>parent_scope<>handleFormSubmit": {"1": "0e38b72b_29ab_4be7_9abc_0dd4175a6bc7"}, "4b2adba8_e683_4d6c_8559_ad0b39447eeb<>parent_scope<>e": {"1": "7aef961d_21ed_48b9_a1a6_7254899d3c43"}, "4b2adba8_e683_4d6c_8559_ad0b39447eeb<>scope": {"1": {}}, "4b2adba8_e683_4d6c_8559_ad0b39447eeb<>startIndex": {"1": 784}, "4b2adba8_e683_4d6c_8559_ad0b39447eeb<>endIndex": {"1": 790}, "af96f943_a040_4fd8_b3d1_70a5a2c95681<>index": {"1": "BLOCK<>statements<>0<>bodyConfig<>statements<>4"}, "af96f943_a040_4fd8_b3d1_70a5a2c95681<>type": {"1": "RETURN"}, "af96f943_a040_4fd8_b3d1_70a5a2c95681<>parentBlockId": {"1": "91563786_1110_4158_baa6_0166bd0c24c5"}, "af96f943_a040_4fd8_b3d1_70a5a2c95681<>startIndex": {"1": 799}, "af96f943_a040_4fd8_b3d1_70a5a2c95681<>endIndex": {"1": 4201}, "c850c1f0_3180_4aff_badf_b0cd73d68d16<>index": {"1": "BLOCK<>statements<>0<>bodyConfig<>statements<>4<>value"}, "c850c1f0_3180_4aff_badf_b0cd73d68d16<>type": {"1": "Element"}, "c850c1f0_3180_4aff_badf_b0cd73d68d16<>parentBlockId": {"1": "91563786_1110_4158_baa6_0166bd0c24c5"}, "c850c1f0_3180_4aff_badf_b0cd73d68d16<>startIndex": {"1": 812}, "c850c1f0_3180_4aff_badf_b0cd73d68d16<>endIndex": {"1": 4201}, "8b341067_b13b_4163_97b4_607dfdcc349c<>index": {"1": "BLOCK<>statements<>0<>bodyConfig<>statements<>4<>value<>children<>0"}, "8b341067_b13b_4163_97b4_607dfdcc349c<>type": {"1": "Element"}, "8b341067_b13b_4163_97b4_607dfdcc349c<>parentBlockId": {"1": "c850c1f0_3180_4aff_badf_b0cd73d68d16"}, "8b341067_b13b_4163_97b4_607dfdcc349c<>startIndex": {"1": 824}, "8b341067_b13b_4163_97b4_607dfdcc349c<>endIndex": {"1": 4190}, "9ef3ab8b_f3b7_4b6c_87d7_25119ada4aa9<>index": {"1": "BLOCK<>statements<>0<>bodyConfig<>statements<>4<>value<>children<>0<>children<>0"}, "9ef3ab8b_f3b7_4b6c_87d7_25119ada4aa9<>type": {"1": "Element"}, "9ef3ab8b_f3b7_4b6c_87d7_25119ada4aa9<>parentBlockId": {"1": "8b341067_b13b_4163_97b4_607dfdcc349c"}, "9ef3ab8b_f3b7_4b6c_87d7_25119ada4aa9<>startIndex": {"1": 1155}, "9ef3ab8b_f3b7_4b6c_87d7_25119ada4aa9<>endIndex": {"1": 1356}, "79b3fb38_2b32_4e85_9b38_aced68d608d2<>index": {"1": "BLOCK<>statements<>0<>bodyConfig<>statements<>4<>value<>children<>0<>children<>0<>trueCase"}, "79b3fb38_2b32_4e85_9b38_aced68d608d2<>type": {"1": "Element"}, "79b3fb38_2b32_4e85_9b38_aced68d608d2<>parentBlockId": {"1": "8b341067_b13b_4163_97b4_607dfdcc349c"}, "79b3fb38_2b32_4e85_9b38_aced68d608d2<>startIndex": {"1": 1177}, "79b3fb38_2b32_4e85_9b38_aced68d608d2<>endIndex": {"1": 1345}, "22abe637_4cac_4102_a01b_c0a321868366<>index": {"1": "BLOCK<>statements<>0<>bodyConfig<>statements<>4<>value<>children<>0<>children<>0<>trueCase<>children<>0"}, "22abe637_4cac_4102_a01b_c0a321868366<>type": {"1": "Element"}, "22abe637_4cac_4102_a01b_c0a321868366<>parentBlockId": {"1": "79b3fb38_2b32_4e85_9b38_aced68d608d2"}, "22abe637_4cac_4102_a01b_c0a321868366<>startIndex": {"1": 1323}, "22abe637_4cac_4102_a01b_c0a321868366<>endIndex": {"1": 1327}, "0c1963a3_d0ca_40f1_93ac_31fb929cfddc<>index": {"1": "BLOCK<>statements<>0<>bodyConfig<>statements<>4<>value<>children<>0<>children<>1"}, "0c1963a3_d0ca_40f1_93ac_31fb929cfddc<>type": {"1": "Element"}, "0c1963a3_d0ca_40f1_93ac_31fb929cfddc<>parentBlockId": {"1": "8b341067_b13b_4163_97b4_607dfdcc349c"}, "0c1963a3_d0ca_40f1_93ac_31fb929cfddc<>startIndex": {"1": 1366}, "0c1963a3_d0ca_40f1_93ac_31fb929cfddc<>endIndex": {"1": 1627}, "21affc6f_ab00_4540_96c3_06e60ec3e2ed<>index": {"1": "BLOCK<>statements<>0<>bodyConfig<>statements<>4<>value<>children<>0<>children<>1<>children<>0"}, "21affc6f_ab00_4540_96c3_06e60ec3e2ed<>type": {"1": "Element"}, "21affc6f_ab00_4540_96c3_06e60ec3e2ed<>parentBlockId": {"1": "0c1963a3_d0ca_40f1_93ac_31fb929cfddc"}, "21affc6f_ab00_4540_96c3_06e60ec3e2ed<>startIndex": {"1": 1604}, "21affc6f_ab00_4540_96c3_06e60ec3e2ed<>endIndex": {"1": 1610}, "7fbc99cb_1625_445e_9d47_22e9f8888389<>index": {"1": "BLOCK<>statements<>0<>bodyConfig<>statements<>4<>value<>children<>0<>children<>2"}, "7fbc99cb_1625_445e_9d47_22e9f8888389<>type": {"1": "Element"}, "7fbc99cb_1625_445e_9d47_22e9f8888389<>parentBlockId": {"1": "8b341067_b13b_4163_97b4_607dfdcc349c"}, "7fbc99cb_1625_445e_9d47_22e9f8888389<>startIndex": {"1": 1637}, "7fbc99cb_1625_445e_9d47_22e9f8888389<>endIndex": {"1": 2088}, "e244de27_c331_4d58_bfa6_d8894785f8ac<>index": {"1": "BLOCK<>statements<>0<>bodyConfig<>statements<>4<>value<>children<>0<>children<>3"}, "e244de27_c331_4d58_bfa6_d8894785f8ac<>type": {"1": "Element"}, "e244de27_c331_4d58_bfa6_d8894785f8ac<>parentBlockId": {"1": "8b341067_b13b_4163_97b4_607dfdcc349c"}, "e244de27_c331_4d58_bfa6_d8894785f8ac<>startIndex": {"1": 2098}, "e244de27_c331_4d58_bfa6_d8894785f8ac<>endIndex": {"1": 2103}, "ddedff41_7ba6_4cb5_9845_d30711e9e7b8<>index": {"1": "BLOCK<>statements<>0<>bodyConfig<>statements<>4<>value<>children<>0<>children<>4"}, "ddedff41_7ba6_4cb5_9845_d30711e9e7b8<>type": {"1": "Element"}, "ddedff41_7ba6_4cb5_9845_d30711e9e7b8<>parentBlockId": {"1": "8b341067_b13b_4163_97b4_607dfdcc349c"}, "ddedff41_7ba6_4cb5_9845_d30711e9e7b8<>startIndex": {"1": 2113}, "ddedff41_7ba6_4cb5_9845_d30711e9e7b8<>endIndex": {"1": 2374}, "709b5fb0_519c_4770_a241_3747cacf1f4c<>index": {"1": "BLOCK<>statements<>0<>bodyConfig<>statements<>4<>value<>children<>0<>children<>4<>children<>0"}, "709b5fb0_519c_4770_a241_3747cacf1f4c<>type": {"1": "Element"}, "709b5fb0_519c_4770_a241_3747cacf1f4c<>parentBlockId": {"1": "ddedff41_7ba6_4cb5_9845_d30711e9e7b8"}, "709b5fb0_519c_4770_a241_3747cacf1f4c<>startIndex": {"1": 2351}, "709b5fb0_519c_4770_a241_3747cacf1f4c<>endIndex": {"1": 2357}, "5fdbcb8a_70c2_40d6_9736_ecbb114c322b<>index": {"1": "BLOCK<>statements<>0<>bodyConfig<>statements<>4<>value<>children<>0<>children<>5"}, "5fdbcb8a_70c2_40d6_9736_ecbb114c322b<>type": {"1": "Element"}, "5fdbcb8a_70c2_40d6_9736_ecbb114c322b<>parentBlockId": {"1": "8b341067_b13b_4163_97b4_607dfdcc349c"}, "5fdbcb8a_70c2_40d6_9736_ecbb114c322b<>startIndex": {"1": 2384}, "5fdbcb8a_70c2_40d6_9736_ecbb114c322b<>endIndex": {"1": 2835}, "83e1d2d0_6be2_4a1f_b1c8_8e2b93e39aee<>index": {"1": "BLOCK<>statements<>0<>bodyConfig<>statements<>4<>value<>children<>0<>children<>6"}, "83e1d2d0_6be2_4a1f_b1c8_8e2b93e39aee<>type": {"1": "Element"}, "83e1d2d0_6be2_4a1f_b1c8_8e2b93e39aee<>parentBlockId": {"1": "8b341067_b13b_4163_97b4_607dfdcc349c"}, "83e1d2d0_6be2_4a1f_b1c8_8e2b93e39aee<>startIndex": {"1": 2845}, "83e1d2d0_6be2_4a1f_b1c8_8e2b93e39aee<>endIndex": {"1": 2850}, "0cef8282_9428_40f4_9abb_32513cf148e3<>index": {"1": "BLOCK<>statements<>0<>bodyConfig<>statements<>4<>value<>children<>0<>children<>7"}, "0cef8282_9428_40f4_9abb_32513cf148e3<>type": {"1": "Element"}, "0cef8282_9428_40f4_9abb_32513cf148e3<>parentBlockId": {"1": "8b341067_b13b_4163_97b4_607dfdcc349c"}, "0cef8282_9428_40f4_9abb_32513cf148e3<>startIndex": {"1": 2860}, "0cef8282_9428_40f4_9abb_32513cf148e3<>endIndex": {"1": 3125}, "bf79e476_fa5a_4685_9085_210749a08cdc<>index": {"1": "BLOCK<>statements<>0<>bodyConfig<>statements<>4<>value<>children<>0<>children<>7<>children<>0"}, "bf79e476_fa5a_4685_9085_210749a08cdc<>type": {"1": "Element"}, "bf79e476_fa5a_4685_9085_210749a08cdc<>parentBlockId": {"1": "0cef8282_9428_40f4_9abb_32513cf148e3"}, "bf79e476_fa5a_4685_9085_210749a08cdc<>startIndex": {"1": 3100}, "bf79e476_fa5a_4685_9085_210749a08cdc<>endIndex": {"1": 3108}, "a6981e6e_231b_410a_a726_2f68880e706f<>index": {"1": "BLOCK<>statements<>0<>bodyConfig<>statements<>4<>value<>children<>0<>children<>8"}, "a6981e6e_231b_410a_a726_2f68880e706f<>type": {"1": "Element"}, "a6981e6e_231b_410a_a726_2f68880e706f<>parentBlockId": {"1": "8b341067_b13b_4163_97b4_607dfdcc349c"}, "a6981e6e_231b_410a_a726_2f68880e706f<>startIndex": {"1": 3135}, "a6981e6e_231b_410a_a726_2f68880e706f<>endIndex": {"1": 3592}, "60ad5137_7a68_4fe8_af4e_df6c731712bd<>index": {"1": "BLOCK<>statements<>0<>bodyConfig<>statements<>4<>value<>children<>0<>children<>9"}, "60ad5137_7a68_4fe8_af4e_df6c731712bd<>type": {"1": "Element"}, "60ad5137_7a68_4fe8_af4e_df6c731712bd<>parentBlockId": {"1": "8b341067_b13b_4163_97b4_607dfdcc349c"}, "60ad5137_7a68_4fe8_af4e_df6c731712bd<>startIndex": {"1": 3602}, "60ad5137_7a68_4fe8_af4e_df6c731712bd<>endIndex": {"1": 3607}, "21a07c76_a886_421d_8182_5c240b26c4ba<>index": {"1": "BLOCK<>statements<>0<>bodyConfig<>statements<>4<>value<>children<>0<>children<>10"}, "21a07c76_a886_421d_8182_5c240b26c4ba<>type": {"1": "Element"}, "21a07c76_a886_421d_8182_5c240b26c4ba<>parentBlockId": {"1": "8b341067_b13b_4163_97b4_607dfdcc349c"}, "21a07c76_a886_421d_8182_5c240b26c4ba<>startIndex": {"1": 3617}, "21a07c76_a886_421d_8182_5c240b26c4ba<>endIndex": {"1": 4161}, "0a6d1f2e_70eb_4032_9d31_67dba63fb25b<>index": {"1": "BLOCK<>statements<>0<>bodyConfig<>statements<>4<>value<>children<>0<>children<>10<>children<>0"}, "0a6d1f2e_70eb_4032_9d31_67dba63fb25b<>type": {"1": "Element"}, "0a6d1f2e_70eb_4032_9d31_67dba63fb25b<>parentBlockId": {"1": "21a07c76_a886_421d_8182_5c240b26c4ba"}, "0a6d1f2e_70eb_4032_9d31_67dba63fb25b<>startIndex": {"1": 3797}, "0a6d1f2e_70eb_4032_9d31_67dba63fb25b<>endIndex": {"1": 4146}, "20f003c1_72ef_4136_99d3_6864b7344624<>index": {"1": "BLOCK<>statements<>0<>bodyConfig<>statements<>4<>value<>children<>0<>children<>11"}, "20f003c1_72ef_4136_99d3_6864b7344624<>type": {"1": "Element"}, "20f003c1_72ef_4136_99d3_6864b7344624<>parentBlockId": {"1": "8b341067_b13b_4163_97b4_607dfdcc349c"}, "20f003c1_72ef_4136_99d3_6864b7344624<>startIndex": {"1": 4171}, "20f003c1_72ef_4136_99d3_6864b7344624<>endIndex": {"1": 4176}}}