{"current_version": 1, "versions": {"1": {"key": 1, "timestamp": 1753166809.0189884}}, "deleted_keys": {}, "changes": {"IMPORTS<>other<>0<>TYPE": {"1": "THIRD_PARTY"}, "IMPORTS<>other<>0<>from": {"1": "react"}, "IMPORTS<>other<>0<>import_entity": {"1": "React"}, "IMPORTS<>other<>0<>import_type": {"1": "SINGLE"}, "IMPORTS<>components": {"1": []}, "EXPORTS<>default": {"1": "3c563cba_91c6_4f3d_a7a8_a8c37a6455b1"}, "EXPORTS<>others": {"1": []}, "BLOCK<>type": {"1": "BLOCK"}, "BLOCK<>noWrap": {"1": 1}, "BLOCK<>id": {"1": "ed2a11b0_a8ce_4608_9899_1e73c0765b88"}, "BLOCK<>statements<>0<>type": {"1": "REACT_COMPONENT"}, "BLOCK<>statements<>0<>id": {"1": "3c563cba_91c6_4f3d_a7a8_a8c37a6455b1"}, "BLOCK<>statements<>0<>name": {"1": "Createcontactinfo"}, "BLOCK<>statements<>0<>propVars": {"1": []}, "BLOCK<>statements<>0<>bodyConfig<>type": {"1": "BLOCK"}, "BLOCK<>statements<>0<>bodyConfig<>statements<>0<>type": {"1": "REACT_USE_STATE"}, "BLOCK<>statements<>0<>bodyConfig<>statements<>0<>varName": {"1": "FormData"}, "BLOCK<>statements<>0<>bodyConfig<>statements<>0<>schema<>selection": {"1": "anyOf"}, "BLOCK<>statements<>0<>bodyConfig<>statements<>0<>schema<>types<>0<>$ref": {"1": "66fae3a2_c1ad_4f2d_84c7_741ac681e45a"}, "BLOCK<>statements<>0<>bodyConfig<>statements<>0<>defaultValue<>properties<>0<>name": {"1": "47f2dca9_f380_4ffc_991e_ac704682147c"}, "BLOCK<>statements<>0<>bodyConfig<>statements<>0<>defaultValue<>properties<>0<>propertyType": {"1": "NAMED"}, "BLOCK<>statements<>0<>bodyConfig<>statements<>0<>defaultValue<>properties<>0<>value<>type": {"1": "STRING"}, "BLOCK<>statements<>0<>bodyConfig<>statements<>0<>defaultValue<>properties<>0<>value<>value": {"1": ""}, "BLOCK<>statements<>0<>bodyConfig<>statements<>0<>defaultValue<>properties<>1<>name": {"1": "0e7f187d_5dd5_49d8_a0c1_bca945bd2c07"}, "BLOCK<>statements<>0<>bodyConfig<>statements<>0<>defaultValue<>properties<>1<>propertyType": {"1": "NAMED"}, "BLOCK<>statements<>0<>bodyConfig<>statements<>0<>defaultValue<>properties<>1<>value<>type": {"1": "STRING"}, "BLOCK<>statements<>0<>bodyConfig<>statements<>0<>defaultValue<>properties<>1<>value<>value": {"1": ""}, "BLOCK<>statements<>0<>bodyConfig<>statements<>0<>defaultValue<>properties<>2<>name": {"1": "2279dda1_4a35_42a3_8363_cf2a3987b010"}, "BLOCK<>statements<>0<>bodyConfig<>statements<>0<>defaultValue<>properties<>2<>propertyType": {"1": "NAMED"}, "BLOCK<>statements<>0<>bodyConfig<>statements<>0<>defaultValue<>properties<>2<>value<>type": {"1": "STRING"}, "BLOCK<>statements<>0<>bodyConfig<>statements<>0<>defaultValue<>properties<>2<>value<>value": {"1": ""}, "BLOCK<>statements<>0<>bodyConfig<>statements<>0<>defaultValue<>subSchema": {"1": "66fae3a2_c1ad_4f2d_84c7_741ac681e45a"}, "BLOCK<>statements<>0<>bodyConfig<>statements<>0<>defaultValue<>type": {"1": "OBJECT"}, "BLOCK<>statements<>0<>bodyConfig<>statements<>0<>description": {"1": ""}, "BLOCK<>statements<>0<>bodyConfig<>statements<>0<>id": {"1": "b9bc5e2d_ee23_4410_ab08_16aee1d8bef4"}, "BLOCK<>statements<>0<>bodyConfig<>statements<>0<>setterId": {"1": "8e412020_973e_45f5_b0f5_8a279fc37bec"}, "BLOCK<>statements<>0<>bodyConfig<>statements<>1<>type": {"1": "REACT_USE_STATE"}, "BLOCK<>statements<>0<>bodyConfig<>statements<>1<>varName": {"1": "error"}, "BLOCK<>statements<>0<>bodyConfig<>statements<>1<>schema<>selection": {"1": "anyOf"}, "BLOCK<>statements<>0<>bodyConfig<>statements<>1<>schema<>types<>0<>selection": {"1": "anyOf"}, "BLOCK<>statements<>0<>bodyConfig<>statements<>1<>schema<>types<>0<>types<>0<>type": {"1": "STRING"}, "BLOCK<>statements<>0<>bodyConfig<>statements<>1<>schema<>types<>0<>types<>1<>type": {"1": "NULL"}, "BLOCK<>statements<>0<>bodyConfig<>statements<>1<>defaultValue<>type": {"1": "NULL"}, "BLOCK<>statements<>0<>bodyConfig<>statements<>1<>description": {"1": ""}, "BLOCK<>statements<>0<>bodyConfig<>statements<>1<>id": {"1": "API_RES_ERROR_ID"}, "BLOCK<>statements<>0<>bodyConfig<>statements<>1<>setterId": {"1": "API_RES_ERROR_SETTER_ID"}, "BLOCK<>statements<>0<>bodyConfig<>statements<>2<>type": {"1": "FUNCTION"}, "BLOCK<>statements<>0<>bodyConfig<>statements<>2<>name": {"1": "handleFormChange"}, "BLOCK<>statements<>0<>bodyConfig<>statements<>2<>id": {"1": "92cf9639_083d_4ad8_9289_d6dd4acf8f30"}, "BLOCK<>statements<>0<>bodyConfig<>statements<>2<>isAsync": {"1": false}, "BLOCK<>statements<>0<>bodyConfig<>statements<>2<>isAnonymous": {"1": false}, "BLOCK<>statements<>0<>bodyConfig<>statements<>2<>description": {"1": ""}, "BLOCK<>statements<>0<>bodyConfig<>statements<>2<>schema<>type": {"1": "FUNCTION"}, "BLOCK<>statements<>0<>bodyConfig<>statements<>2<>schema<>returnType<>selection": {"1": "anyOf"}, "BLOCK<>statements<>0<>bodyConfig<>statements<>2<>schema<>returnType<>types<>0<>type": {"1": "VOID"}, "BLOCK<>statements<>0<>bodyConfig<>statements<>2<>schema<>parameters<>0<>defaultValue": {"1": null}, "BLOCK<>statements<>0<>bodyConfig<>statements<>2<>schema<>parameters<>0<>description": {"1": ""}, "BLOCK<>statements<>0<>bodyConfig<>statements<>2<>schema<>parameters<>0<>id": {"1": "f48bd1a5_4153_4225_acaf_d94dc65b7e74"}, "BLOCK<>statements<>0<>bodyConfig<>statements<>2<>schema<>parameters<>0<>isRequired": {"1": false}, "BLOCK<>statements<>0<>bodyConfig<>statements<>2<>schema<>parameters<>0<>name": {"1": "e"}, "BLOCK<>statements<>0<>bodyConfig<>statements<>2<>schema<>parameters<>0<>schema<>selection": {"1": "anyOf"}, "BLOCK<>statements<>0<>bodyConfig<>statements<>2<>schema<>parameters<>0<>schema<>types<>0<>type": {"1": "ANY"}, "BLOCK<>statements<>0<>bodyConfig<>statements<>2<>bodyConfig<>type": {"1": "BLOCK"}, "BLOCK<>statements<>0<>bodyConfig<>statements<>2<>bodyConfig<>statements<>0<>$ref": {"1": "8e412020_973e_45f5_b0f5_8a279fc37bec"}, "BLOCK<>statements<>0<>bodyConfig<>statements<>2<>bodyConfig<>statements<>0<>callType": {"1": "functionCall"}, "BLOCK<>statements<>0<>bodyConfig<>statements<>2<>bodyConfig<>statements<>0<>id": {"1": "cea43cb9_02eb_423d_a9ce_55242ae96c22"}, "BLOCK<>statements<>0<>bodyConfig<>statements<>2<>bodyConfig<>statements<>0<>isAwaited": {"1": false}, "BLOCK<>statements<>0<>bodyConfig<>statements<>2<>bodyConfig<>statements<>0<>parameters<>0<>bodyConfig<>id": {"1": "e9b93b98_c112_4a9b_95c1_03f7c6924429"}, "BLOCK<>statements<>0<>bodyConfig<>statements<>2<>bodyConfig<>statements<>0<>parameters<>0<>bodyConfig<>statements<>0<>body": {"1": ""}, "BLOCK<>statements<>0<>bodyConfig<>statements<>2<>bodyConfig<>statements<>0<>parameters<>0<>bodyConfig<>statements<>0<>id": {"1": "d979bd75_1f82_48d6_9555_19e1a04f2c5b"}, "BLOCK<>statements<>0<>bodyConfig<>statements<>2<>bodyConfig<>statements<>0<>parameters<>0<>bodyConfig<>statements<>0<>type": {"1": "CUSTOM"}, "BLOCK<>statements<>0<>bodyConfig<>statements<>2<>bodyConfig<>statements<>0<>parameters<>0<>bodyConfig<>statements<>1<>id": {"1": "180bad42_62dd_47a9_846f_bd58d97596c5"}, "BLOCK<>statements<>0<>bodyConfig<>statements<>2<>bodyConfig<>statements<>0<>parameters<>0<>bodyConfig<>statements<>1<>type": {"1": "RETURN"}, "BLOCK<>statements<>0<>bodyConfig<>statements<>2<>bodyConfig<>statements<>0<>parameters<>0<>bodyConfig<>statements<>1<>value<>properties<>0<>keyValue": {"1": ""}, "BLOCK<>statements<>0<>bodyConfig<>statements<>2<>bodyConfig<>statements<>0<>parameters<>0<>bodyConfig<>statements<>1<>value<>properties<>0<>name": {"1": ""}, "BLOCK<>statements<>0<>bodyConfig<>statements<>2<>bodyConfig<>statements<>0<>parameters<>0<>bodyConfig<>statements<>1<>value<>properties<>0<>propertyType": {"1": "DESTRUCTURED"}, "BLOCK<>statements<>0<>bodyConfig<>statements<>2<>bodyConfig<>statements<>0<>parameters<>0<>bodyConfig<>statements<>1<>value<>properties<>0<>value<>$ref": {"1": "6a68309a_c540_460e_9397_caf0dd25a734"}, "BLOCK<>statements<>0<>bodyConfig<>statements<>2<>bodyConfig<>statements<>0<>parameters<>0<>bodyConfig<>statements<>1<>value<>properties<>0<>value<>label": {"1": "prev"}, "BLOCK<>statements<>0<>bodyConfig<>statements<>2<>bodyConfig<>statements<>0<>parameters<>0<>bodyConfig<>statements<>1<>value<>properties<>0<>value<>schema<>type": {"1": "ANY"}, "BLOCK<>statements<>0<>bodyConfig<>statements<>2<>bodyConfig<>statements<>0<>parameters<>0<>bodyConfig<>statements<>1<>value<>properties<>0<>value<>type": {"1": "SCOPE_VAR"}, "BLOCK<>statements<>0<>bodyConfig<>statements<>2<>bodyConfig<>statements<>0<>parameters<>0<>bodyConfig<>statements<>1<>value<>properties<>1<>keyValue<>type": {"1": "CUSTOM"}, "BLOCK<>statements<>0<>bodyConfig<>statements<>2<>bodyConfig<>statements<>0<>parameters<>0<>bodyConfig<>statements<>1<>value<>properties<>1<>keyValue<>value": {"1": "e.target.name"}, "BLOCK<>statements<>0<>bodyConfig<>statements<>2<>bodyConfig<>statements<>0<>parameters<>0<>bodyConfig<>statements<>1<>value<>properties<>1<>name": {"1": ""}, "BLOCK<>statements<>0<>bodyConfig<>statements<>2<>bodyConfig<>statements<>0<>parameters<>0<>bodyConfig<>statements<>1<>value<>properties<>1<>propertyType": {"1": "KEYED"}, "BLOCK<>statements<>0<>bodyConfig<>statements<>2<>bodyConfig<>statements<>0<>parameters<>0<>bodyConfig<>statements<>1<>value<>properties<>1<>value<>type": {"1": "CUSTOM"}, "BLOCK<>statements<>0<>bodyConfig<>statements<>2<>bodyConfig<>statements<>0<>parameters<>0<>bodyConfig<>statements<>1<>value<>properties<>1<>value<>value": {"1": "          e.target.type === \"checkbox\" ? e.target.checked : e.target.value\n"}, "BLOCK<>statements<>0<>bodyConfig<>statements<>2<>bodyConfig<>statements<>0<>parameters<>0<>bodyConfig<>statements<>1<>value<>type": {"1": "OBJECT"}, "BLOCK<>statements<>0<>bodyConfig<>statements<>2<>bodyConfig<>statements<>0<>parameters<>0<>bodyConfig<>type": {"1": "BLOCK"}, "BLOCK<>statements<>0<>bodyConfig<>statements<>2<>bodyConfig<>statements<>0<>parameters<>0<>id": {"1": "45e8f522_6fc7_4c1f_9ca5_6bc2159629cb"}, "BLOCK<>statements<>0<>bodyConfig<>statements<>2<>bodyConfig<>statements<>0<>parameters<>0<>isAnonymous": {"1": true}, "BLOCK<>statements<>0<>bodyConfig<>statements<>2<>bodyConfig<>statements<>0<>parameters<>0<>isAsync": {"1": false}, "BLOCK<>statements<>0<>bodyConfig<>statements<>2<>bodyConfig<>statements<>0<>parameters<>0<>schema<>parameters<>0<>defaultValue": {"1": null}, "BLOCK<>statements<>0<>bodyConfig<>statements<>2<>bodyConfig<>statements<>0<>parameters<>0<>schema<>parameters<>0<>description": {"1": ""}, "BLOCK<>statements<>0<>bodyConfig<>statements<>2<>bodyConfig<>statements<>0<>parameters<>0<>schema<>parameters<>0<>id": {"1": "6a68309a_c540_460e_9397_caf0dd25a734"}, "BLOCK<>statements<>0<>bodyConfig<>statements<>2<>bodyConfig<>statements<>0<>parameters<>0<>schema<>parameters<>0<>isRequired": {"1": false}, "BLOCK<>statements<>0<>bodyConfig<>statements<>2<>bodyConfig<>statements<>0<>parameters<>0<>schema<>parameters<>0<>name": {"1": "prev"}, "BLOCK<>statements<>0<>bodyConfig<>statements<>2<>bodyConfig<>statements<>0<>parameters<>0<>schema<>parameters<>0<>schema<>selection": {"1": "anyOf"}, "BLOCK<>statements<>0<>bodyConfig<>statements<>2<>bodyConfig<>statements<>0<>parameters<>0<>schema<>parameters<>0<>schema<>types<>0<>$ref": {"1": "66fae3a2_c1ad_4f2d_84c7_741ac681e45a"}, "BLOCK<>statements<>0<>bodyConfig<>statements<>2<>bodyConfig<>statements<>0<>parameters<>0<>schema<>returnType<>selection": {"1": "anyOf"}, "BLOCK<>statements<>0<>bodyConfig<>statements<>2<>bodyConfig<>statements<>0<>parameters<>0<>schema<>returnType<>types<>0<>type": {"1": "any"}, "BLOCK<>statements<>0<>bodyConfig<>statements<>2<>bodyConfig<>statements<>0<>parameters<>0<>schema<>type": {"1": "FUNCTION"}, "BLOCK<>statements<>0<>bodyConfig<>statements<>2<>bodyConfig<>statements<>0<>parameters<>0<>type": {"1": "FUNCTION"}, "BLOCK<>statements<>0<>bodyConfig<>statements<>2<>bodyConfig<>statements<>0<>refType": {"1": "SCOPE_VAR"}, "BLOCK<>statements<>0<>bodyConfig<>statements<>2<>bodyConfig<>statements<>0<>type": {"1": "FUNCTION_CALL"}, "BLOCK<>statements<>0<>bodyConfig<>statements<>2<>bodyConfig<>statements<>0<>label": {"1": "setFormdata()"}, "BLOCK<>statements<>0<>bodyConfig<>statements<>2<>bodyConfig<>id": {"1": "c7989a8e_b330_4ebc_9df3_5dbb168b0ac1"}, "BLOCK<>statements<>0<>bodyConfig<>statements<>3<>type": {"1": "FUNCTION"}, "BLOCK<>statements<>0<>bodyConfig<>statements<>3<>name": {"1": "handleFormSubmit"}, "BLOCK<>statements<>0<>bodyConfig<>statements<>3<>id": {"1": "0e38b72b_29ab_4be7_9abc_0dd4175a6bc7"}, "BLOCK<>statements<>0<>bodyConfig<>statements<>3<>isAsync": {"1": true}, "BLOCK<>statements<>0<>bodyConfig<>statements<>3<>isAnonymous": {"1": false}, "BLOCK<>statements<>0<>bodyConfig<>statements<>3<>description": {"1": ""}, "BLOCK<>statements<>0<>bodyConfig<>statements<>3<>schema<>type": {"1": "FUNCTION"}, "BLOCK<>statements<>0<>bodyConfig<>statements<>3<>schema<>returnType<>selection": {"1": "anyOf"}, "BLOCK<>statements<>0<>bodyConfig<>statements<>3<>schema<>returnType<>types<>0<>type": {"1": "VOID"}, "BLOCK<>statements<>0<>bodyConfig<>statements<>3<>schema<>parameters<>0<>defaultValue": {"1": null}, "BLOCK<>statements<>0<>bodyConfig<>statements<>3<>schema<>parameters<>0<>description": {"1": ""}, "BLOCK<>statements<>0<>bodyConfig<>statements<>3<>schema<>parameters<>0<>id": {"1": "7aef961d_21ed_48b9_a1a6_7254899d3c43"}, "BLOCK<>statements<>0<>bodyConfig<>statements<>3<>schema<>parameters<>0<>isRequired": {"1": false}, "BLOCK<>statements<>0<>bodyConfig<>statements<>3<>schema<>parameters<>0<>name": {"1": "e"}, "BLOCK<>statements<>0<>bodyConfig<>statements<>3<>schema<>parameters<>0<>schema<>selection": {"1": "anyOf"}, "BLOCK<>statements<>0<>bodyConfig<>statements<>3<>schema<>parameters<>0<>schema<>types<>0<>type": {"1": "ANY"}, "BLOCK<>statements<>0<>bodyConfig<>statements<>3<>bodyConfig<>type": {"1": "BLOCK"}, "BLOCK<>statements<>0<>bodyConfig<>statements<>3<>bodyConfig<>statements<>0<>catchBody<>id": {"1": "d21721e9_a47b_4105_a0fe_09e3afa47641"}, "BLOCK<>statements<>0<>bodyConfig<>statements<>3<>bodyConfig<>statements<>0<>catchBody<>statements<>0<>$ref": {"1": "API_RES_ERROR_SETTER_ID"}, "BLOCK<>statements<>0<>bodyConfig<>statements<>3<>bodyConfig<>statements<>0<>catchBody<>statements<>0<>callType": {"1": "functionCall"}, "BLOCK<>statements<>0<>bodyConfig<>statements<>3<>bodyConfig<>statements<>0<>catchBody<>statements<>0<>id": {"1": "23107a3e_693b_4a44_b287_bc7b10f53689"}, "BLOCK<>statements<>0<>bodyConfig<>statements<>3<>bodyConfig<>statements<>0<>catchBody<>statements<>0<>isAwaited": {"1": false}, "BLOCK<>statements<>0<>bodyConfig<>statements<>3<>bodyConfig<>statements<>0<>catchBody<>statements<>0<>label": {"1": "setError()"}, "BLOCK<>statements<>0<>bodyConfig<>statements<>3<>bodyConfig<>statements<>0<>catchBody<>statements<>0<>parameters<>0<>type": {"1": "STRING"}, "BLOCK<>statements<>0<>bodyConfig<>statements<>3<>bodyConfig<>statements<>0<>catchBody<>statements<>0<>parameters<>0<>value": {"1": "Something went wrong. Please try again"}, "BLOCK<>statements<>0<>bodyConfig<>statements<>3<>bodyConfig<>statements<>0<>catchBody<>statements<>0<>refType": {"1": "SCOPE_VAR"}, "BLOCK<>statements<>0<>bodyConfig<>statements<>3<>bodyConfig<>statements<>0<>catchBody<>statements<>0<>type": {"1": "FUNCTION_CALL"}, "BLOCK<>statements<>0<>bodyConfig<>statements<>3<>bodyConfig<>statements<>0<>catchBody<>type": {"1": "BLOCK"}, "BLOCK<>statements<>0<>bodyConfig<>statements<>3<>bodyConfig<>statements<>0<>finallyBody<>id": {"1": "4b2adba8_e683_4d6c_8559_ad0b39447eeb"}, "BLOCK<>statements<>0<>bodyConfig<>statements<>3<>bodyConfig<>statements<>0<>finallyBody<>statements": {"1": []}, "BLOCK<>statements<>0<>bodyConfig<>statements<>3<>bodyConfig<>statements<>0<>finallyBody<>type": {"1": "BLOCK"}, "BLOCK<>statements<>0<>bodyConfig<>statements<>3<>bodyConfig<>statements<>0<>id": {"1": "d4d81669_5c28_429c_af12_d40ea9901e2f"}, "BLOCK<>statements<>0<>bodyConfig<>statements<>3<>bodyConfig<>statements<>0<>tryBody<>id": {"1": "1fad6484_d470_44a0_b111_5412957804ff"}, "BLOCK<>statements<>0<>bodyConfig<>statements<>3<>bodyConfig<>statements<>0<>tryBody<>statements<>0<>body": {"1": "e.preventDefault()"}, "BLOCK<>statements<>0<>bodyConfig<>statements<>3<>bodyConfig<>statements<>0<>tryBody<>statements<>0<>id": {"1": "4ba361ff_e3ef_44fe_af56_595d7b2172e7"}, "BLOCK<>statements<>0<>bodyConfig<>statements<>3<>bodyConfig<>statements<>0<>tryBody<>statements<>0<>type": {"1": "CUSTOM"}, "BLOCK<>statements<>0<>bodyConfig<>statements<>3<>bodyConfig<>statements<>0<>tryBody<>statements<>1<>declarationType": {"1": "const"}, "BLOCK<>statements<>0<>bodyConfig<>statements<>3<>bodyConfig<>statements<>0<>tryBody<>statements<>1<>id": {"1": "f0b06ed2_08be_4029_aec5_90b5529966cb"}, "BLOCK<>statements<>0<>bodyConfig<>statements<>3<>bodyConfig<>statements<>0<>tryBody<>statements<>1<>schema<>selection": {"1": "anyOf"}, "BLOCK<>statements<>0<>bodyConfig<>statements<>3<>bodyConfig<>statements<>0<>tryBody<>statements<>1<>schema<>types<>0<>type": {"1": "ANY"}, "BLOCK<>statements<>0<>bodyConfig<>statements<>3<>bodyConfig<>statements<>0<>tryBody<>statements<>1<>type": {"1": "DECLARATION"}, "BLOCK<>statements<>0<>bodyConfig<>statements<>3<>bodyConfig<>statements<>0<>tryBody<>statements<>1<>value<>$ref": {"1": "008c73fb_7b58_43b1_91b1_ea59435261be"}, "BLOCK<>statements<>0<>bodyConfig<>statements<>3<>bodyConfig<>statements<>0<>tryBody<>statements<>1<>value<>callType": {"1": "serviceCall"}, "BLOCK<>statements<>0<>bodyConfig<>statements<>3<>bodyConfig<>statements<>0<>tryBody<>statements<>1<>value<>id": {"1": "abc07c46_a522_49c3_9480_59e8d5ff438a"}, "BLOCK<>statements<>0<>bodyConfig<>statements<>3<>bodyConfig<>statements<>0<>tryBody<>statements<>1<>value<>isAwaited": {"1": true}, "BLOCK<>statements<>0<>bodyConfig<>statements<>3<>bodyConfig<>statements<>0<>tryBody<>statements<>1<>value<>parameters<>0<>$ref": {"1": "b9bc5e2d_ee23_4410_ab08_16aee1d8bef4"}, "BLOCK<>statements<>0<>bodyConfig<>statements<>3<>bodyConfig<>statements<>0<>tryBody<>statements<>1<>value<>parameters<>0<>label": {"1": "FormData"}, "BLOCK<>statements<>0<>bodyConfig<>statements<>3<>bodyConfig<>statements<>0<>tryBody<>statements<>1<>value<>parameters<>0<>schema<>type": {"1": "ANY"}, "BLOCK<>statements<>0<>bodyConfig<>statements<>3<>bodyConfig<>statements<>0<>tryBody<>statements<>1<>value<>parameters<>0<>type": {"1": "SCOPE_VAR"}, "BLOCK<>statements<>0<>bodyConfig<>statements<>3<>bodyConfig<>statements<>0<>tryBody<>statements<>1<>value<>refType": {"1": "ENTITY"}, "BLOCK<>statements<>0<>bodyConfig<>statements<>3<>bodyConfig<>statements<>0<>tryBody<>statements<>1<>value<>type": {"1": "FUNCTION_CALL"}, "BLOCK<>statements<>0<>bodyConfig<>statements<>3<>bodyConfig<>statements<>0<>tryBody<>statements<>1<>value<>label": {"1": "getProfiles()"}, "BLOCK<>statements<>0<>bodyConfig<>statements<>3<>bodyConfig<>statements<>0<>tryBody<>statements<>1<>varName": {"1": "response"}, "BLOCK<>statements<>0<>bodyConfig<>statements<>3<>bodyConfig<>statements<>0<>tryBody<>statements<>2<>$ref": {"1": "API_RES_ERROR_SETTER_ID"}, "BLOCK<>statements<>0<>bodyConfig<>statements<>3<>bodyConfig<>statements<>0<>tryBody<>statements<>2<>callType": {"1": "functionCall"}, "BLOCK<>statements<>0<>bodyConfig<>statements<>3<>bodyConfig<>statements<>0<>tryBody<>statements<>2<>id": {"1": "002100b2_5eaa_426e_8520_bc56e3586091"}, "BLOCK<>statements<>0<>bodyConfig<>statements<>3<>bodyConfig<>statements<>0<>tryBody<>statements<>2<>isAwaited": {"1": false}, "BLOCK<>statements<>0<>bodyConfig<>statements<>3<>bodyConfig<>statements<>0<>tryBody<>statements<>2<>label": {"1": "setError()"}, "BLOCK<>statements<>0<>bodyConfig<>statements<>3<>bodyConfig<>statements<>0<>tryBody<>statements<>2<>parameters<>0<>type": {"1": "NULL"}, "BLOCK<>statements<>0<>bodyConfig<>statements<>3<>bodyConfig<>statements<>0<>tryBody<>statements<>2<>refType": {"1": "SCOPE_VAR"}, "BLOCK<>statements<>0<>bodyConfig<>statements<>3<>bodyConfig<>statements<>0<>tryBody<>statements<>2<>type": {"1": "FUNCTION_CALL"}, "BLOCK<>statements<>0<>bodyConfig<>statements<>3<>bodyConfig<>statements<>0<>tryBody<>type": {"1": "BLOCK"}, "BLOCK<>statements<>0<>bodyConfig<>statements<>3<>bodyConfig<>statements<>0<>type": {"1": "TRY_CATCH"}, "BLOCK<>statements<>0<>bodyConfig<>statements<>3<>bodyConfig<>id": {"1": "8037caa8_73c4_4ea2_9c31_89b843a39fd3"}, "BLOCK<>statements<>0<>bodyConfig<>statements<>4<>type": {"1": "RETURN"}, "BLOCK<>statements<>0<>bodyConfig<>statements<>4<>value<>attributes": {"1": {}}, "BLOCK<>statements<>0<>bodyConfig<>statements<>4<>value<>children<>0<>attributes<>onSubmit<>$ref": {"1": "0e38b72b_29ab_4be7_9abc_0dd4175a6bc7"}, "BLOCK<>statements<>0<>bodyConfig<>statements<>4<>value<>children<>0<>attributes<>onSubmit<>label": {"1": "handleFormSubmit"}, "BLOCK<>statements<>0<>bodyConfig<>statements<>4<>value<>children<>0<>attributes<>onSubmit<>schema<>parameters<>0<>defaultValue": {"1": null}, "BLOCK<>statements<>0<>bodyConfig<>statements<>4<>value<>children<>0<>attributes<>onSubmit<>schema<>parameters<>0<>description": {"1": ""}, "BLOCK<>statements<>0<>bodyConfig<>statements<>4<>value<>children<>0<>attributes<>onSubmit<>schema<>parameters<>0<>id": {"1": "7aef961d_21ed_48b9_a1a6_7254899d3c43"}, "BLOCK<>statements<>0<>bodyConfig<>statements<>4<>value<>children<>0<>attributes<>onSubmit<>schema<>parameters<>0<>isRequired": {"1": false}, "BLOCK<>statements<>0<>bodyConfig<>statements<>4<>value<>children<>0<>attributes<>onSubmit<>schema<>parameters<>0<>name": {"1": "e"}, "BLOCK<>statements<>0<>bodyConfig<>statements<>4<>value<>children<>0<>attributes<>onSubmit<>schema<>parameters<>0<>schema<>selection": {"1": "anyOf"}, "BLOCK<>statements<>0<>bodyConfig<>statements<>4<>value<>children<>0<>attributes<>onSubmit<>schema<>parameters<>0<>schema<>types<>0<>type": {"1": "ANY"}, "BLOCK<>statements<>0<>bodyConfig<>statements<>4<>value<>children<>0<>attributes<>onSubmit<>schema<>returnType<>selection": {"1": "anyOf"}, "BLOCK<>statements<>0<>bodyConfig<>statements<>4<>value<>children<>0<>attributes<>onSubmit<>schema<>returnType<>types<>0<>type": {"1": "VOID"}, "BLOCK<>statements<>0<>bodyConfig<>statements<>4<>value<>children<>0<>attributes<>onSubmit<>schema<>type": {"1": "FUNCTION"}, "BLOCK<>statements<>0<>bodyConfig<>statements<>4<>value<>children<>0<>attributes<>onSubmit<>type": {"1": "SCOPE_VAR"}, "BLOCK<>statements<>0<>bodyConfig<>statements<>4<>value<>children<>0<>attributes<>style<>type": {"1": "OBJECT"}, "BLOCK<>statements<>0<>bodyConfig<>statements<>4<>value<>children<>0<>attributes<>style<>properties<>0<>name": {"1": "maxWidth"}, "BLOCK<>statements<>0<>bodyConfig<>statements<>4<>value<>children<>0<>attributes<>style<>properties<>0<>propertyType": {"1": "NAMED"}, "BLOCK<>statements<>0<>bodyConfig<>statements<>4<>value<>children<>0<>attributes<>style<>properties<>0<>value<>type": {"1": "STRING"}, "BLOCK<>statements<>0<>bodyConfig<>statements<>4<>value<>children<>0<>attributes<>style<>properties<>0<>value<>value": {"1": "400px"}, "BLOCK<>statements<>0<>bodyConfig<>statements<>4<>value<>children<>0<>attributes<>style<>properties<>1<>name": {"1": "margin"}, "BLOCK<>statements<>0<>bodyConfig<>statements<>4<>value<>children<>0<>attributes<>style<>properties<>1<>propertyType": {"1": "NAMED"}, "BLOCK<>statements<>0<>bodyConfig<>statements<>4<>value<>children<>0<>attributes<>style<>properties<>1<>value<>type": {"1": "STRING"}, "BLOCK<>statements<>0<>bodyConfig<>statements<>4<>value<>children<>0<>attributes<>style<>properties<>1<>value<>value": {"1": "40px auto"}, "BLOCK<>statements<>0<>bodyConfig<>statements<>4<>value<>children<>0<>attributes<>style<>properties<>2<>name": {"1": "padding"}, "BLOCK<>statements<>0<>bodyConfig<>statements<>4<>value<>children<>0<>attributes<>style<>properties<>2<>propertyType": {"1": "NAMED"}, "BLOCK<>statements<>0<>bodyConfig<>statements<>4<>value<>children<>0<>attributes<>style<>properties<>2<>value<>type": {"1": "STRING"}, "BLOCK<>statements<>0<>bodyConfig<>statements<>4<>value<>children<>0<>attributes<>style<>properties<>2<>value<>value": {"1": "20px"}, "BLOCK<>statements<>0<>bodyConfig<>statements<>4<>value<>children<>0<>attributes<>style<>properties<>3<>name": {"1": "backgroundColor"}, "BLOCK<>statements<>0<>bodyConfig<>statements<>4<>value<>children<>0<>attributes<>style<>properties<>3<>propertyType": {"1": "NAMED"}, "BLOCK<>statements<>0<>bodyConfig<>statements<>4<>value<>children<>0<>attributes<>style<>properties<>3<>value<>type": {"1": "STRING"}, "BLOCK<>statements<>0<>bodyConfig<>statements<>4<>value<>children<>0<>attributes<>style<>properties<>3<>value<>value": {"1": "#f9f9f9"}, "BLOCK<>statements<>0<>bodyConfig<>statements<>4<>value<>children<>0<>attributes<>style<>properties<>4<>name": {"1": "border"}, "BLOCK<>statements<>0<>bodyConfig<>statements<>4<>value<>children<>0<>attributes<>style<>properties<>4<>propertyType": {"1": "NAMED"}, "BLOCK<>statements<>0<>bodyConfig<>statements<>4<>value<>children<>0<>attributes<>style<>properties<>4<>value<>type": {"1": "STRING"}, "BLOCK<>statements<>0<>bodyConfig<>statements<>4<>value<>children<>0<>attributes<>style<>properties<>4<>value<>value": {"1": "1px solid #ddd"}, "BLOCK<>statements<>0<>bodyConfig<>statements<>4<>value<>children<>0<>attributes<>style<>properties<>5<>name": {"1": "borderRadius"}, "BLOCK<>statements<>0<>bodyConfig<>statements<>4<>value<>children<>0<>attributes<>style<>properties<>5<>propertyType": {"1": "NAMED"}, "BLOCK<>statements<>0<>bodyConfig<>statements<>4<>value<>children<>0<>attributes<>style<>properties<>5<>value<>type": {"1": "STRING"}, "BLOCK<>statements<>0<>bodyConfig<>statements<>4<>value<>children<>0<>attributes<>style<>properties<>5<>value<>value": {"1": "8px"}, "BLOCK<>statements<>0<>bodyConfig<>statements<>4<>value<>children<>0<>attributes<>style<>properties<>6<>name": {"1": "boxShadow"}, "BLOCK<>statements<>0<>bodyConfig<>statements<>4<>value<>children<>0<>attributes<>style<>properties<>6<>propertyType": {"1": "NAMED"}, "BLOCK<>statements<>0<>bodyConfig<>statements<>4<>value<>children<>0<>attributes<>style<>properties<>6<>value<>type": {"1": "STRING"}, "BLOCK<>statements<>0<>bodyConfig<>statements<>4<>value<>children<>0<>attributes<>style<>properties<>6<>value<>value": {"1": "0 2px 8px rgba(0, 0, 0, 0.1)"}, "BLOCK<>statements<>0<>bodyConfig<>statements<>4<>value<>children<>0<>children<>0<>condition<>$ref": {"1": "API_RES_ERROR_ID"}, "BLOCK<>statements<>0<>bodyConfig<>statements<>4<>value<>children<>0<>children<>0<>condition<>label": {"1": "error"}, "BLOCK<>statements<>0<>bodyConfig<>statements<>4<>value<>children<>0<>children<>0<>condition<>schema<>selection": {"1": "anyOf"}, "BLOCK<>statements<>0<>bodyConfig<>statements<>4<>value<>children<>0<>children<>0<>condition<>schema<>types<>0<>type": {"1": "STRING"}, "BLOCK<>statements<>0<>bodyConfig<>statements<>4<>value<>children<>0<>children<>0<>condition<>schema<>types<>1<>type": {"1": "NULL"}, "BLOCK<>statements<>0<>bodyConfig<>statements<>4<>value<>children<>0<>children<>0<>condition<>type": {"1": "SCOPE_VAR"}, "BLOCK<>statements<>0<>bodyConfig<>statements<>4<>value<>children<>0<>children<>0<>elementType": {"1": "CONDITIONAL"}, "BLOCK<>statements<>0<>bodyConfig<>statements<>4<>value<>children<>0<>children<>0<>falseCase": {"1": null}, "BLOCK<>statements<>0<>bodyConfig<>statements<>4<>value<>children<>0<>children<>0<>id": {"1": "9ef3ab8b_f3b7_4b6c_87d7_25119ada4aa9"}, "BLOCK<>statements<>0<>bodyConfig<>statements<>4<>value<>children<>0<>children<>0<>trueCase<>attributes<>className<>type": {"1": "STRING"}, "BLOCK<>statements<>0<>bodyConfig<>statements<>4<>value<>children<>0<>children<>0<>trueCase<>attributes<>className<>value": {"1": "d-flex mb-1 justify-content-center"}, "BLOCK<>statements<>0<>bodyConfig<>statements<>4<>value<>children<>0<>children<>0<>trueCase<>attributes<>style<>properties<>0<>keyValue": {"1": ""}, "BLOCK<>statements<>0<>bodyConfig<>statements<>4<>value<>children<>0<>children<>0<>trueCase<>attributes<>style<>properties<>0<>name": {"1": "color"}, "BLOCK<>statements<>0<>bodyConfig<>statements<>4<>value<>children<>0<>children<>0<>trueCase<>attributes<>style<>properties<>0<>propertyType": {"1": "NAMED"}, "BLOCK<>statements<>0<>bodyConfig<>statements<>4<>value<>children<>0<>children<>0<>trueCase<>attributes<>style<>properties<>0<>value<>type": {"1": "STRING"}, "BLOCK<>statements<>0<>bodyConfig<>statements<>4<>value<>children<>0<>children<>0<>trueCase<>attributes<>style<>properties<>0<>value<>value": {"1": "red"}, "BLOCK<>statements<>0<>bodyConfig<>statements<>4<>value<>children<>0<>children<>0<>trueCase<>attributes<>style<>properties<>1<>keyValue": {"1": ""}, "BLOCK<>statements<>0<>bodyConfig<>statements<>4<>value<>children<>0<>children<>0<>trueCase<>attributes<>style<>properties<>1<>name": {"1": "fontSize"}, "BLOCK<>statements<>0<>bodyConfig<>statements<>4<>value<>children<>0<>children<>0<>trueCase<>attributes<>style<>properties<>1<>propertyType": {"1": "NAMED"}, "BLOCK<>statements<>0<>bodyConfig<>statements<>4<>value<>children<>0<>children<>0<>trueCase<>attributes<>style<>properties<>1<>value<>type": {"1": "STRING"}, "BLOCK<>statements<>0<>bodyConfig<>statements<>4<>value<>children<>0<>children<>0<>trueCase<>attributes<>style<>properties<>1<>value<>value": {"1": "14px"}, "BLOCK<>statements<>0<>bodyConfig<>statements<>4<>value<>children<>0<>children<>0<>trueCase<>attributes<>style<>type": {"1": "OBJECT"}, "BLOCK<>statements<>0<>bodyConfig<>statements<>4<>value<>children<>0<>children<>0<>trueCase<>children<>0<>children": {"1": []}, "BLOCK<>statements<>0<>bodyConfig<>statements<>4<>value<>children<>0<>children<>0<>trueCase<>children<>0<>elementType": {"1": "TEXT"}, "BLOCK<>statements<>0<>bodyConfig<>statements<>4<>value<>children<>0<>children<>0<>trueCase<>children<>0<>id": {"1": "22abe637_4cac_4102_a01b_c0a321868366"}, "BLOCK<>statements<>0<>bodyConfig<>statements<>4<>value<>children<>0<>children<>0<>trueCase<>children<>0<>textType": {"1": "value"}, "BLOCK<>statements<>0<>bodyConfig<>statements<>4<>value<>children<>0<>children<>0<>trueCase<>children<>0<>type": {"1": "Element"}, "BLOCK<>statements<>0<>bodyConfig<>statements<>4<>value<>children<>0<>children<>0<>trueCase<>children<>0<>value<>$ref": {"1": "API_RES_ERROR_ID"}, "BLOCK<>statements<>0<>bodyConfig<>statements<>4<>value<>children<>0<>children<>0<>trueCase<>children<>0<>value<>label": {"1": "error"}, "BLOCK<>statements<>0<>bodyConfig<>statements<>4<>value<>children<>0<>children<>0<>trueCase<>children<>0<>value<>schema<>selection": {"1": "anyOf"}, "BLOCK<>statements<>0<>bodyConfig<>statements<>4<>value<>children<>0<>children<>0<>trueCase<>children<>0<>value<>schema<>types<>0<>type": {"1": "STRING"}, "BLOCK<>statements<>0<>bodyConfig<>statements<>4<>value<>children<>0<>children<>0<>trueCase<>children<>0<>value<>schema<>types<>1<>type": {"1": "NULL"}, "BLOCK<>statements<>0<>bodyConfig<>statements<>4<>value<>children<>0<>children<>0<>trueCase<>children<>0<>value<>type": {"1": "SCOPE_VAR"}, "BLOCK<>statements<>0<>bodyConfig<>statements<>4<>value<>children<>0<>children<>0<>trueCase<>elementType": {"1": "html"}, "BLOCK<>statements<>0<>bodyConfig<>statements<>4<>value<>children<>0<>children<>0<>trueCase<>id": {"1": "79b3fb38_2b32_4e85_9b38_aced68d608d2"}, "BLOCK<>statements<>0<>bodyConfig<>statements<>4<>value<>children<>0<>children<>0<>trueCase<>label": {"1": "Jsx"}, "BLOCK<>statements<>0<>bodyConfig<>statements<>4<>value<>children<>0<>children<>0<>trueCase<>tagName": {"1": "div"}, "BLOCK<>statements<>0<>bodyConfig<>statements<>4<>value<>children<>0<>children<>0<>trueCase<>type": {"1": "Element"}, "BLOCK<>statements<>0<>bodyConfig<>statements<>4<>value<>children<>0<>children<>0<>type": {"1": "Element"}, "BLOCK<>statements<>0<>bodyConfig<>statements<>4<>value<>children<>0<>children<>1<>attributes<>htmlFor<>type": {"1": "STRING"}, "BLOCK<>statements<>0<>bodyConfig<>statements<>4<>value<>children<>0<>children<>1<>attributes<>htmlFor<>value": {"1": "email"}, "BLOCK<>statements<>0<>bodyConfig<>statements<>4<>value<>children<>0<>children<>1<>attributes<>style<>type": {"1": "OBJECT"}, "BLOCK<>statements<>0<>bodyConfig<>statements<>4<>value<>children<>0<>children<>1<>attributes<>style<>properties<>0<>name": {"1": "display"}, "BLOCK<>statements<>0<>bodyConfig<>statements<>4<>value<>children<>0<>children<>1<>attributes<>style<>properties<>0<>propertyType": {"1": "NAMED"}, "BLOCK<>statements<>0<>bodyConfig<>statements<>4<>value<>children<>0<>children<>1<>attributes<>style<>properties<>0<>value<>type": {"1": "STRING"}, "BLOCK<>statements<>0<>bodyConfig<>statements<>4<>value<>children<>0<>children<>1<>attributes<>style<>properties<>0<>value<>value": {"1": "block"}, "BLOCK<>statements<>0<>bodyConfig<>statements<>4<>value<>children<>0<>children<>1<>attributes<>style<>properties<>1<>name": {"1": "marginBottom"}, "BLOCK<>statements<>0<>bodyConfig<>statements<>4<>value<>children<>0<>children<>1<>attributes<>style<>properties<>1<>propertyType": {"1": "NAMED"}, "BLOCK<>statements<>0<>bodyConfig<>statements<>4<>value<>children<>0<>children<>1<>attributes<>style<>properties<>1<>value<>type": {"1": "STRING"}, "BLOCK<>statements<>0<>bodyConfig<>statements<>4<>value<>children<>0<>children<>1<>attributes<>style<>properties<>1<>value<>value": {"1": "8px"}, "BLOCK<>statements<>0<>bodyConfig<>statements<>4<>value<>children<>0<>children<>1<>attributes<>style<>properties<>2<>name": {"1": "fontWeight"}, "BLOCK<>statements<>0<>bodyConfig<>statements<>4<>value<>children<>0<>children<>1<>attributes<>style<>properties<>2<>propertyType": {"1": "NAMED"}, "BLOCK<>statements<>0<>bodyConfig<>statements<>4<>value<>children<>0<>children<>1<>attributes<>style<>properties<>2<>value<>type": {"1": "STRING"}, "BLOCK<>statements<>0<>bodyConfig<>statements<>4<>value<>children<>0<>children<>1<>attributes<>style<>properties<>2<>value<>value": {"1": "600"}, "BLOCK<>statements<>0<>bodyConfig<>statements<>4<>value<>children<>0<>children<>1<>attributes<>style<>properties<>3<>name": {"1": "color"}, "BLOCK<>statements<>0<>bodyConfig<>statements<>4<>value<>children<>0<>children<>1<>attributes<>style<>properties<>3<>propertyType": {"1": "NAMED"}, "BLOCK<>statements<>0<>bodyConfig<>statements<>4<>value<>children<>0<>children<>1<>attributes<>style<>properties<>3<>value<>type": {"1": "STRING"}, "BLOCK<>statements<>0<>bodyConfig<>statements<>4<>value<>children<>0<>children<>1<>attributes<>style<>properties<>3<>value<>value": {"1": "#333"}, "BLOCK<>statements<>0<>bodyConfig<>statements<>4<>value<>children<>0<>children<>1<>attributes<>style<>properties<>4<>name": {"1": "fontSize"}, "BLOCK<>statements<>0<>bodyConfig<>statements<>4<>value<>children<>0<>children<>1<>attributes<>style<>properties<>4<>propertyType": {"1": "NAMED"}, "BLOCK<>statements<>0<>bodyConfig<>statements<>4<>value<>children<>0<>children<>1<>attributes<>style<>properties<>4<>value<>type": {"1": "STRING"}, "BLOCK<>statements<>0<>bodyConfig<>statements<>4<>value<>children<>0<>children<>1<>attributes<>style<>properties<>4<>value<>value": {"1": "14px"}, "BLOCK<>statements<>0<>bodyConfig<>statements<>4<>value<>children<>0<>children<>1<>children<>0<>children": {"1": []}, "BLOCK<>statements<>0<>bodyConfig<>statements<>4<>value<>children<>0<>children<>1<>children<>0<>elementType": {"1": "TEXT"}, "BLOCK<>statements<>0<>bodyConfig<>statements<>4<>value<>children<>0<>children<>1<>children<>0<>id": {"1": "21affc6f_ab00_4540_96c3_06e60ec3e2ed"}, "BLOCK<>statements<>0<>bodyConfig<>statements<>4<>value<>children<>0<>children<>1<>children<>0<>textType": {"1": "text"}, "BLOCK<>statements<>0<>bodyConfig<>statements<>4<>value<>children<>0<>children<>1<>children<>0<>type": {"1": "Element"}, "BLOCK<>statements<>0<>bodyConfig<>statements<>4<>value<>children<>0<>children<>1<>children<>0<>value": {"1": "Email : "}, "BLOCK<>statements<>0<>bodyConfig<>statements<>4<>value<>children<>0<>children<>1<>elementType": {"1": "html"}, "BLOCK<>statements<>0<>bodyConfig<>statements<>4<>value<>children<>0<>children<>1<>id": {"1": "0c1963a3_d0ca_40f1_93ac_31fb929cfddc"}, "BLOCK<>statements<>0<>bodyConfig<>statements<>4<>value<>children<>0<>children<>1<>tagName": {"1": "label"}, "BLOCK<>statements<>0<>bodyConfig<>statements<>4<>value<>children<>0<>children<>1<>type": {"1": "Element"}, "BLOCK<>statements<>0<>bodyConfig<>statements<>4<>value<>children<>0<>children<>2<>attributes<>id<>type": {"1": "STRING"}, "BLOCK<>statements<>0<>bodyConfig<>statements<>4<>value<>children<>0<>children<>2<>attributes<>id<>value": {"1": "email"}, "BLOCK<>statements<>0<>bodyConfig<>statements<>4<>value<>children<>0<>children<>2<>attributes<>name<>type": {"1": "STRING"}, "BLOCK<>statements<>0<>bodyConfig<>statements<>4<>value<>children<>0<>children<>2<>attributes<>name<>value": {"1": "email"}, "BLOCK<>statements<>0<>bodyConfig<>statements<>4<>value<>children<>0<>children<>2<>attributes<>required<>type": {"1": "BOOLEAN"}, "BLOCK<>statements<>0<>bodyConfig<>statements<>4<>value<>children<>0<>children<>2<>attributes<>required<>value": {"1": false}, "BLOCK<>statements<>0<>bodyConfig<>statements<>4<>value<>children<>0<>children<>2<>attributes<>type<>type": {"1": "STRING"}, "BLOCK<>statements<>0<>bodyConfig<>statements<>4<>value<>children<>0<>children<>2<>attributes<>type<>value": {"1": "text"}, "BLOCK<>statements<>0<>bodyConfig<>statements<>4<>value<>children<>0<>children<>2<>attributes<>value<>$ref": {"1": "b9bc5e2d_ee23_4410_ab08_16aee1d8bef4"}, "BLOCK<>statements<>0<>bodyConfig<>statements<>4<>value<>children<>0<>children<>2<>attributes<>value<>label": {"1": "FormData"}, "BLOCK<>statements<>0<>bodyConfig<>statements<>4<>value<>children<>0<>children<>2<>attributes<>value<>schema<>type": {"1": "ANY"}, "BLOCK<>statements<>0<>bodyConfig<>statements<>4<>value<>children<>0<>children<>2<>attributes<>value<>subProperty<>label": {"1": "email"}, "BLOCK<>statements<>0<>bodyConfig<>statements<>4<>value<>children<>0<>children<>2<>attributes<>value<>subProperty<>name": {"1": "email"}, "BLOCK<>statements<>0<>bodyConfig<>statements<>4<>value<>children<>0<>children<>2<>attributes<>value<>subProperty<>subPropertyId": {"1": "47f2dca9_f380_4ffc_991e_ac704682147c"}, "BLOCK<>statements<>0<>bodyConfig<>statements<>4<>value<>children<>0<>children<>2<>attributes<>value<>subProperty<>type": {"1": "SCHEMA_REF"}, "BLOCK<>statements<>0<>bodyConfig<>statements<>4<>value<>children<>0<>children<>2<>attributes<>value<>type": {"1": "SCOPE_VAR"}, "BLOCK<>statements<>0<>bodyConfig<>statements<>4<>value<>children<>0<>children<>2<>attributes<>onChange<>$ref": {"1": "92cf9639_083d_4ad8_9289_d6dd4acf8f30"}, "BLOCK<>statements<>0<>bodyConfig<>statements<>4<>value<>children<>0<>children<>2<>attributes<>onChange<>label": {"1": "handleFormChange"}, "BLOCK<>statements<>0<>bodyConfig<>statements<>4<>value<>children<>0<>children<>2<>attributes<>onChange<>schema<>parameters<>0<>defaultValue": {"1": null}, "BLOCK<>statements<>0<>bodyConfig<>statements<>4<>value<>children<>0<>children<>2<>attributes<>onChange<>schema<>parameters<>0<>description": {"1": ""}, "BLOCK<>statements<>0<>bodyConfig<>statements<>4<>value<>children<>0<>children<>2<>attributes<>onChange<>schema<>parameters<>0<>id": {"1": "f48bd1a5_4153_4225_acaf_d94dc65b7e74"}, "BLOCK<>statements<>0<>bodyConfig<>statements<>4<>value<>children<>0<>children<>2<>attributes<>onChange<>schema<>parameters<>0<>isRequired": {"1": false}, "BLOCK<>statements<>0<>bodyConfig<>statements<>4<>value<>children<>0<>children<>2<>attributes<>onChange<>schema<>parameters<>0<>name": {"1": "e"}, "BLOCK<>statements<>0<>bodyConfig<>statements<>4<>value<>children<>0<>children<>2<>attributes<>onChange<>schema<>parameters<>0<>schema<>selection": {"1": "anyOf"}, "BLOCK<>statements<>0<>bodyConfig<>statements<>4<>value<>children<>0<>children<>2<>attributes<>onChange<>schema<>parameters<>0<>schema<>types<>0<>type": {"1": "ANY"}, "BLOCK<>statements<>0<>bodyConfig<>statements<>4<>value<>children<>0<>children<>2<>attributes<>onChange<>schema<>returnType<>selection": {"1": "anyOf"}, "BLOCK<>statements<>0<>bodyConfig<>statements<>4<>value<>children<>0<>children<>2<>attributes<>onChange<>schema<>returnType<>types<>0<>type": {"1": "VOID"}, "BLOCK<>statements<>0<>bodyConfig<>statements<>4<>value<>children<>0<>children<>2<>attributes<>onChange<>schema<>type": {"1": "FUNCTION"}, "BLOCK<>statements<>0<>bodyConfig<>statements<>4<>value<>children<>0<>children<>2<>attributes<>onChange<>type": {"1": "SCOPE_VAR"}, "BLOCK<>statements<>0<>bodyConfig<>statements<>4<>value<>children<>0<>children<>2<>attributes<>style<>type": {"1": "OBJECT"}, "BLOCK<>statements<>0<>bodyConfig<>statements<>4<>value<>children<>0<>children<>2<>attributes<>style<>properties<>0<>name": {"1": "width"}, "BLOCK<>statements<>0<>bodyConfig<>statements<>4<>value<>children<>0<>children<>2<>attributes<>style<>properties<>0<>propertyType": {"1": "NAMED"}, "BLOCK<>statements<>0<>bodyConfig<>statements<>4<>value<>children<>0<>children<>2<>attributes<>style<>properties<>0<>value<>type": {"1": "STRING"}, "BLOCK<>statements<>0<>bodyConfig<>statements<>4<>value<>children<>0<>children<>2<>attributes<>style<>properties<>0<>value<>value": {"1": "100%"}, "BLOCK<>statements<>0<>bodyConfig<>statements<>4<>value<>children<>0<>children<>2<>attributes<>style<>properties<>1<>name": {"1": "padding"}, "BLOCK<>statements<>0<>bodyConfig<>statements<>4<>value<>children<>0<>children<>2<>attributes<>style<>properties<>1<>propertyType": {"1": "NAMED"}, "BLOCK<>statements<>0<>bodyConfig<>statements<>4<>value<>children<>0<>children<>2<>attributes<>style<>properties<>1<>value<>type": {"1": "STRING"}, "BLOCK<>statements<>0<>bodyConfig<>statements<>4<>value<>children<>0<>children<>2<>attributes<>style<>properties<>1<>value<>value": {"1": "10px 12px"}, "BLOCK<>statements<>0<>bodyConfig<>statements<>4<>value<>children<>0<>children<>2<>attributes<>style<>properties<>2<>name": {"1": "marginBottom"}, "BLOCK<>statements<>0<>bodyConfig<>statements<>4<>value<>children<>0<>children<>2<>attributes<>style<>properties<>2<>propertyType": {"1": "NAMED"}, "BLOCK<>statements<>0<>bodyConfig<>statements<>4<>value<>children<>0<>children<>2<>attributes<>style<>properties<>2<>value<>type": {"1": "STRING"}, "BLOCK<>statements<>0<>bodyConfig<>statements<>4<>value<>children<>0<>children<>2<>attributes<>style<>properties<>2<>value<>value": {"1": "16px"}, "BLOCK<>statements<>0<>bodyConfig<>statements<>4<>value<>children<>0<>children<>2<>attributes<>style<>properties<>3<>name": {"1": "border"}, "BLOCK<>statements<>0<>bodyConfig<>statements<>4<>value<>children<>0<>children<>2<>attributes<>style<>properties<>3<>propertyType": {"1": "NAMED"}, "BLOCK<>statements<>0<>bodyConfig<>statements<>4<>value<>children<>0<>children<>2<>attributes<>style<>properties<>3<>value<>type": {"1": "STRING"}, "BLOCK<>statements<>0<>bodyConfig<>statements<>4<>value<>children<>0<>children<>2<>attributes<>style<>properties<>3<>value<>value": {"1": "1px solid #ccc"}, "BLOCK<>statements<>0<>bodyConfig<>statements<>4<>value<>children<>0<>children<>2<>attributes<>style<>properties<>4<>name": {"1": "borderRadius"}, "BLOCK<>statements<>0<>bodyConfig<>statements<>4<>value<>children<>0<>children<>2<>attributes<>style<>properties<>4<>propertyType": {"1": "NAMED"}, "BLOCK<>statements<>0<>bodyConfig<>statements<>4<>value<>children<>0<>children<>2<>attributes<>style<>properties<>4<>value<>type": {"1": "STRING"}, "BLOCK<>statements<>0<>bodyConfig<>statements<>4<>value<>children<>0<>children<>2<>attributes<>style<>properties<>4<>value<>value": {"1": "6px"}, "BLOCK<>statements<>0<>bodyConfig<>statements<>4<>value<>children<>0<>children<>2<>attributes<>style<>properties<>5<>name": {"1": "fontSize"}, "BLOCK<>statements<>0<>bodyConfig<>statements<>4<>value<>children<>0<>children<>2<>attributes<>style<>properties<>5<>propertyType": {"1": "NAMED"}, "BLOCK<>statements<>0<>bodyConfig<>statements<>4<>value<>children<>0<>children<>2<>attributes<>style<>properties<>5<>value<>type": {"1": "STRING"}, "BLOCK<>statements<>0<>bodyConfig<>statements<>4<>value<>children<>0<>children<>2<>attributes<>style<>properties<>5<>value<>value": {"1": "14px"}, "BLOCK<>statements<>0<>bodyConfig<>statements<>4<>value<>children<>0<>children<>2<>attributes<>style<>properties<>6<>name": {"1": "boxSizing"}, "BLOCK<>statements<>0<>bodyConfig<>statements<>4<>value<>children<>0<>children<>2<>attributes<>style<>properties<>6<>propertyType": {"1": "NAMED"}, "BLOCK<>statements<>0<>bodyConfig<>statements<>4<>value<>children<>0<>children<>2<>attributes<>style<>properties<>6<>value<>type": {"1": "STRING"}, "BLOCK<>statements<>0<>bodyConfig<>statements<>4<>value<>children<>0<>children<>2<>attributes<>style<>properties<>6<>value<>value": {"1": "border-box"}, "BLOCK<>statements<>0<>bodyConfig<>statements<>4<>value<>children<>0<>children<>2<>elementType": {"1": "html"}, "BLOCK<>statements<>0<>bodyConfig<>statements<>4<>value<>children<>0<>children<>2<>id": {"1": "7fbc99cb_1625_445e_9d47_22e9f8888389"}, "BLOCK<>statements<>0<>bodyConfig<>statements<>4<>value<>children<>0<>children<>2<>tagName": {"1": "input"}, "BLOCK<>statements<>0<>bodyConfig<>statements<>4<>value<>children<>0<>children<>2<>type": {"1": "Element"}, "BLOCK<>statements<>0<>bodyConfig<>statements<>4<>value<>children<>0<>children<>3<>attributes": {"1": {}}, "BLOCK<>statements<>0<>bodyConfig<>statements<>4<>value<>children<>0<>children<>3<>elementType": {"1": "html"}, "BLOCK<>statements<>0<>bodyConfig<>statements<>4<>value<>children<>0<>children<>3<>id": {"1": "e244de27_c331_4d58_bfa6_d8894785f8ac"}, "BLOCK<>statements<>0<>bodyConfig<>statements<>4<>value<>children<>0<>children<>3<>tagName": {"1": "br"}, "BLOCK<>statements<>0<>bodyConfig<>statements<>4<>value<>children<>0<>children<>3<>type": {"1": "Element"}, "BLOCK<>statements<>0<>bodyConfig<>statements<>4<>value<>children<>0<>children<>4<>attributes<>htmlFor<>type": {"1": "STRING"}, "BLOCK<>statements<>0<>bodyConfig<>statements<>4<>value<>children<>0<>children<>4<>attributes<>htmlFor<>value": {"1": "phone"}, "BLOCK<>statements<>0<>bodyConfig<>statements<>4<>value<>children<>0<>children<>4<>attributes<>style<>type": {"1": "OBJECT"}, "BLOCK<>statements<>0<>bodyConfig<>statements<>4<>value<>children<>0<>children<>4<>attributes<>style<>properties<>0<>name": {"1": "display"}, "BLOCK<>statements<>0<>bodyConfig<>statements<>4<>value<>children<>0<>children<>4<>attributes<>style<>properties<>0<>propertyType": {"1": "NAMED"}, "BLOCK<>statements<>0<>bodyConfig<>statements<>4<>value<>children<>0<>children<>4<>attributes<>style<>properties<>0<>value<>type": {"1": "STRING"}, "BLOCK<>statements<>0<>bodyConfig<>statements<>4<>value<>children<>0<>children<>4<>attributes<>style<>properties<>0<>value<>value": {"1": "block"}, "BLOCK<>statements<>0<>bodyConfig<>statements<>4<>value<>children<>0<>children<>4<>attributes<>style<>properties<>1<>name": {"1": "marginBottom"}, "BLOCK<>statements<>0<>bodyConfig<>statements<>4<>value<>children<>0<>children<>4<>attributes<>style<>properties<>1<>propertyType": {"1": "NAMED"}, "BLOCK<>statements<>0<>bodyConfig<>statements<>4<>value<>children<>0<>children<>4<>attributes<>style<>properties<>1<>value<>type": {"1": "STRING"}, "BLOCK<>statements<>0<>bodyConfig<>statements<>4<>value<>children<>0<>children<>4<>attributes<>style<>properties<>1<>value<>value": {"1": "8px"}, "BLOCK<>statements<>0<>bodyConfig<>statements<>4<>value<>children<>0<>children<>4<>attributes<>style<>properties<>2<>name": {"1": "fontWeight"}, "BLOCK<>statements<>0<>bodyConfig<>statements<>4<>value<>children<>0<>children<>4<>attributes<>style<>properties<>2<>propertyType": {"1": "NAMED"}, "BLOCK<>statements<>0<>bodyConfig<>statements<>4<>value<>children<>0<>children<>4<>attributes<>style<>properties<>2<>value<>type": {"1": "STRING"}, "BLOCK<>statements<>0<>bodyConfig<>statements<>4<>value<>children<>0<>children<>4<>attributes<>style<>properties<>2<>value<>value": {"1": "600"}, "BLOCK<>statements<>0<>bodyConfig<>statements<>4<>value<>children<>0<>children<>4<>attributes<>style<>properties<>3<>name": {"1": "color"}, "BLOCK<>statements<>0<>bodyConfig<>statements<>4<>value<>children<>0<>children<>4<>attributes<>style<>properties<>3<>propertyType": {"1": "NAMED"}, "BLOCK<>statements<>0<>bodyConfig<>statements<>4<>value<>children<>0<>children<>4<>attributes<>style<>properties<>3<>value<>type": {"1": "STRING"}, "BLOCK<>statements<>0<>bodyConfig<>statements<>4<>value<>children<>0<>children<>4<>attributes<>style<>properties<>3<>value<>value": {"1": "#333"}, "BLOCK<>statements<>0<>bodyConfig<>statements<>4<>value<>children<>0<>children<>4<>attributes<>style<>properties<>4<>name": {"1": "fontSize"}, "BLOCK<>statements<>0<>bodyConfig<>statements<>4<>value<>children<>0<>children<>4<>attributes<>style<>properties<>4<>propertyType": {"1": "NAMED"}, "BLOCK<>statements<>0<>bodyConfig<>statements<>4<>value<>children<>0<>children<>4<>attributes<>style<>properties<>4<>value<>type": {"1": "STRING"}, "BLOCK<>statements<>0<>bodyConfig<>statements<>4<>value<>children<>0<>children<>4<>attributes<>style<>properties<>4<>value<>value": {"1": "14px"}, "BLOCK<>statements<>0<>bodyConfig<>statements<>4<>value<>children<>0<>children<>4<>children<>0<>children": {"1": []}, "BLOCK<>statements<>0<>bodyConfig<>statements<>4<>value<>children<>0<>children<>4<>children<>0<>elementType": {"1": "TEXT"}, "BLOCK<>statements<>0<>bodyConfig<>statements<>4<>value<>children<>0<>children<>4<>children<>0<>id": {"1": "709b5fb0_519c_4770_a241_3747cacf1f4c"}, "BLOCK<>statements<>0<>bodyConfig<>statements<>4<>value<>children<>0<>children<>4<>children<>0<>textType": {"1": "text"}, "BLOCK<>statements<>0<>bodyConfig<>statements<>4<>value<>children<>0<>children<>4<>children<>0<>type": {"1": "Element"}, "BLOCK<>statements<>0<>bodyConfig<>statements<>4<>value<>children<>0<>children<>4<>children<>0<>value": {"1": "Phone : "}, "BLOCK<>statements<>0<>bodyConfig<>statements<>4<>value<>children<>0<>children<>4<>elementType": {"1": "html"}, "BLOCK<>statements<>0<>bodyConfig<>statements<>4<>value<>children<>0<>children<>4<>id": {"1": "ddedff41_7ba6_4cb5_9845_d30711e9e7b8"}, "BLOCK<>statements<>0<>bodyConfig<>statements<>4<>value<>children<>0<>children<>4<>tagName": {"1": "label"}, "BLOCK<>statements<>0<>bodyConfig<>statements<>4<>value<>children<>0<>children<>4<>type": {"1": "Element"}, "BLOCK<>statements<>0<>bodyConfig<>statements<>4<>value<>children<>0<>children<>5<>attributes<>id<>type": {"1": "STRING"}, "BLOCK<>statements<>0<>bodyConfig<>statements<>4<>value<>children<>0<>children<>5<>attributes<>id<>value": {"1": "phone"}, "BLOCK<>statements<>0<>bodyConfig<>statements<>4<>value<>children<>0<>children<>5<>attributes<>name<>type": {"1": "STRING"}, "BLOCK<>statements<>0<>bodyConfig<>statements<>4<>value<>children<>0<>children<>5<>attributes<>name<>value": {"1": "phone"}, "BLOCK<>statements<>0<>bodyConfig<>statements<>4<>value<>children<>0<>children<>5<>attributes<>required<>type": {"1": "BOOLEAN"}, "BLOCK<>statements<>0<>bodyConfig<>statements<>4<>value<>children<>0<>children<>5<>attributes<>required<>value": {"1": false}, "BLOCK<>statements<>0<>bodyConfig<>statements<>4<>value<>children<>0<>children<>5<>attributes<>type<>type": {"1": "STRING"}, "BLOCK<>statements<>0<>bodyConfig<>statements<>4<>value<>children<>0<>children<>5<>attributes<>type<>value": {"1": "text"}, "BLOCK<>statements<>0<>bodyConfig<>statements<>4<>value<>children<>0<>children<>5<>attributes<>value<>$ref": {"1": "b9bc5e2d_ee23_4410_ab08_16aee1d8bef4"}, "BLOCK<>statements<>0<>bodyConfig<>statements<>4<>value<>children<>0<>children<>5<>attributes<>value<>label": {"1": "FormData"}, "BLOCK<>statements<>0<>bodyConfig<>statements<>4<>value<>children<>0<>children<>5<>attributes<>value<>schema<>type": {"1": "ANY"}, "BLOCK<>statements<>0<>bodyConfig<>statements<>4<>value<>children<>0<>children<>5<>attributes<>value<>subProperty<>label": {"1": "phone"}, "BLOCK<>statements<>0<>bodyConfig<>statements<>4<>value<>children<>0<>children<>5<>attributes<>value<>subProperty<>name": {"1": "phone"}, "BLOCK<>statements<>0<>bodyConfig<>statements<>4<>value<>children<>0<>children<>5<>attributes<>value<>subProperty<>subPropertyId": {"1": "0e7f187d_5dd5_49d8_a0c1_bca945bd2c07"}, "BLOCK<>statements<>0<>bodyConfig<>statements<>4<>value<>children<>0<>children<>5<>attributes<>value<>subProperty<>type": {"1": "SCHEMA_REF"}, "BLOCK<>statements<>0<>bodyConfig<>statements<>4<>value<>children<>0<>children<>5<>attributes<>value<>type": {"1": "SCOPE_VAR"}, "BLOCK<>statements<>0<>bodyConfig<>statements<>4<>value<>children<>0<>children<>5<>attributes<>onChange<>$ref": {"1": "92cf9639_083d_4ad8_9289_d6dd4acf8f30"}, "BLOCK<>statements<>0<>bodyConfig<>statements<>4<>value<>children<>0<>children<>5<>attributes<>onChange<>label": {"1": "handleFormChange"}, "BLOCK<>statements<>0<>bodyConfig<>statements<>4<>value<>children<>0<>children<>5<>attributes<>onChange<>schema<>parameters<>0<>defaultValue": {"1": null}, "BLOCK<>statements<>0<>bodyConfig<>statements<>4<>value<>children<>0<>children<>5<>attributes<>onChange<>schema<>parameters<>0<>description": {"1": ""}, "BLOCK<>statements<>0<>bodyConfig<>statements<>4<>value<>children<>0<>children<>5<>attributes<>onChange<>schema<>parameters<>0<>id": {"1": "f48bd1a5_4153_4225_acaf_d94dc65b7e74"}, "BLOCK<>statements<>0<>bodyConfig<>statements<>4<>value<>children<>0<>children<>5<>attributes<>onChange<>schema<>parameters<>0<>isRequired": {"1": false}, "BLOCK<>statements<>0<>bodyConfig<>statements<>4<>value<>children<>0<>children<>5<>attributes<>onChange<>schema<>parameters<>0<>name": {"1": "e"}, "BLOCK<>statements<>0<>bodyConfig<>statements<>4<>value<>children<>0<>children<>5<>attributes<>onChange<>schema<>parameters<>0<>schema<>selection": {"1": "anyOf"}, "BLOCK<>statements<>0<>bodyConfig<>statements<>4<>value<>children<>0<>children<>5<>attributes<>onChange<>schema<>parameters<>0<>schema<>types<>0<>type": {"1": "ANY"}, "BLOCK<>statements<>0<>bodyConfig<>statements<>4<>value<>children<>0<>children<>5<>attributes<>onChange<>schema<>returnType<>selection": {"1": "anyOf"}, "BLOCK<>statements<>0<>bodyConfig<>statements<>4<>value<>children<>0<>children<>5<>attributes<>onChange<>schema<>returnType<>types<>0<>type": {"1": "VOID"}, "BLOCK<>statements<>0<>bodyConfig<>statements<>4<>value<>children<>0<>children<>5<>attributes<>onChange<>schema<>type": {"1": "FUNCTION"}, "BLOCK<>statements<>0<>bodyConfig<>statements<>4<>value<>children<>0<>children<>5<>attributes<>onChange<>type": {"1": "SCOPE_VAR"}, "BLOCK<>statements<>0<>bodyConfig<>statements<>4<>value<>children<>0<>children<>5<>attributes<>style<>type": {"1": "OBJECT"}, "BLOCK<>statements<>0<>bodyConfig<>statements<>4<>value<>children<>0<>children<>5<>attributes<>style<>properties<>0<>name": {"1": "width"}, "BLOCK<>statements<>0<>bodyConfig<>statements<>4<>value<>children<>0<>children<>5<>attributes<>style<>properties<>0<>propertyType": {"1": "NAMED"}, "BLOCK<>statements<>0<>bodyConfig<>statements<>4<>value<>children<>0<>children<>5<>attributes<>style<>properties<>0<>value<>type": {"1": "STRING"}, "BLOCK<>statements<>0<>bodyConfig<>statements<>4<>value<>children<>0<>children<>5<>attributes<>style<>properties<>0<>value<>value": {"1": "100%"}, "BLOCK<>statements<>0<>bodyConfig<>statements<>4<>value<>children<>0<>children<>5<>attributes<>style<>properties<>1<>name": {"1": "padding"}, "BLOCK<>statements<>0<>bodyConfig<>statements<>4<>value<>children<>0<>children<>5<>attributes<>style<>properties<>1<>propertyType": {"1": "NAMED"}, "BLOCK<>statements<>0<>bodyConfig<>statements<>4<>value<>children<>0<>children<>5<>attributes<>style<>properties<>1<>value<>type": {"1": "STRING"}, "BLOCK<>statements<>0<>bodyConfig<>statements<>4<>value<>children<>0<>children<>5<>attributes<>style<>properties<>1<>value<>value": {"1": "10px 12px"}, "BLOCK<>statements<>0<>bodyConfig<>statements<>4<>value<>children<>0<>children<>5<>attributes<>style<>properties<>2<>name": {"1": "marginBottom"}, "BLOCK<>statements<>0<>bodyConfig<>statements<>4<>value<>children<>0<>children<>5<>attributes<>style<>properties<>2<>propertyType": {"1": "NAMED"}, "BLOCK<>statements<>0<>bodyConfig<>statements<>4<>value<>children<>0<>children<>5<>attributes<>style<>properties<>2<>value<>type": {"1": "STRING"}, "BLOCK<>statements<>0<>bodyConfig<>statements<>4<>value<>children<>0<>children<>5<>attributes<>style<>properties<>2<>value<>value": {"1": "16px"}, "BLOCK<>statements<>0<>bodyConfig<>statements<>4<>value<>children<>0<>children<>5<>attributes<>style<>properties<>3<>name": {"1": "border"}, "BLOCK<>statements<>0<>bodyConfig<>statements<>4<>value<>children<>0<>children<>5<>attributes<>style<>properties<>3<>propertyType": {"1": "NAMED"}, "BLOCK<>statements<>0<>bodyConfig<>statements<>4<>value<>children<>0<>children<>5<>attributes<>style<>properties<>3<>value<>type": {"1": "STRING"}, "BLOCK<>statements<>0<>bodyConfig<>statements<>4<>value<>children<>0<>children<>5<>attributes<>style<>properties<>3<>value<>value": {"1": "1px solid #ccc"}, "BLOCK<>statements<>0<>bodyConfig<>statements<>4<>value<>children<>0<>children<>5<>attributes<>style<>properties<>4<>name": {"1": "borderRadius"}, "BLOCK<>statements<>0<>bodyConfig<>statements<>4<>value<>children<>0<>children<>5<>attributes<>style<>properties<>4<>propertyType": {"1": "NAMED"}, "BLOCK<>statements<>0<>bodyConfig<>statements<>4<>value<>children<>0<>children<>5<>attributes<>style<>properties<>4<>value<>type": {"1": "STRING"}, "BLOCK<>statements<>0<>bodyConfig<>statements<>4<>value<>children<>0<>children<>5<>attributes<>style<>properties<>4<>value<>value": {"1": "6px"}, "BLOCK<>statements<>0<>bodyConfig<>statements<>4<>value<>children<>0<>children<>5<>attributes<>style<>properties<>5<>name": {"1": "fontSize"}, "BLOCK<>statements<>0<>bodyConfig<>statements<>4<>value<>children<>0<>children<>5<>attributes<>style<>properties<>5<>propertyType": {"1": "NAMED"}, "BLOCK<>statements<>0<>bodyConfig<>statements<>4<>value<>children<>0<>children<>5<>attributes<>style<>properties<>5<>value<>type": {"1": "STRING"}, "BLOCK<>statements<>0<>bodyConfig<>statements<>4<>value<>children<>0<>children<>5<>attributes<>style<>properties<>5<>value<>value": {"1": "14px"}, "BLOCK<>statements<>0<>bodyConfig<>statements<>4<>value<>children<>0<>children<>5<>attributes<>style<>properties<>6<>name": {"1": "boxSizing"}, "BLOCK<>statements<>0<>bodyConfig<>statements<>4<>value<>children<>0<>children<>5<>attributes<>style<>properties<>6<>propertyType": {"1": "NAMED"}, "BLOCK<>statements<>0<>bodyConfig<>statements<>4<>value<>children<>0<>children<>5<>attributes<>style<>properties<>6<>value<>type": {"1": "STRING"}, "BLOCK<>statements<>0<>bodyConfig<>statements<>4<>value<>children<>0<>children<>5<>attributes<>style<>properties<>6<>value<>value": {"1": "border-box"}, "BLOCK<>statements<>0<>bodyConfig<>statements<>4<>value<>children<>0<>children<>5<>elementType": {"1": "html"}, "BLOCK<>statements<>0<>bodyConfig<>statements<>4<>value<>children<>0<>children<>5<>id": {"1": "5fdbcb8a_70c2_40d6_9736_ecbb114c322b"}, "BLOCK<>statements<>0<>bodyConfig<>statements<>4<>value<>children<>0<>children<>5<>tagName": {"1": "input"}, "BLOCK<>statements<>0<>bodyConfig<>statements<>4<>value<>children<>0<>children<>5<>type": {"1": "Element"}, "BLOCK<>statements<>0<>bodyConfig<>statements<>4<>value<>children<>0<>children<>6<>attributes": {"1": {}}, "BLOCK<>statements<>0<>bodyConfig<>statements<>4<>value<>children<>0<>children<>6<>elementType": {"1": "html"}, "BLOCK<>statements<>0<>bodyConfig<>statements<>4<>value<>children<>0<>children<>6<>id": {"1": "83e1d2d0_6be2_4a1f_b1c8_8e2b93e39aee"}, "BLOCK<>statements<>0<>bodyConfig<>statements<>4<>value<>children<>0<>children<>6<>tagName": {"1": "br"}, "BLOCK<>statements<>0<>bodyConfig<>statements<>4<>value<>children<>0<>children<>6<>type": {"1": "Element"}, "BLOCK<>statements<>0<>bodyConfig<>statements<>4<>value<>children<>0<>children<>7<>attributes<>htmlFor<>type": {"1": "STRING"}, "BLOCK<>statements<>0<>bodyConfig<>statements<>4<>value<>children<>0<>children<>7<>attributes<>htmlFor<>value": {"1": "address"}, "BLOCK<>statements<>0<>bodyConfig<>statements<>4<>value<>children<>0<>children<>7<>attributes<>style<>type": {"1": "OBJECT"}, "BLOCK<>statements<>0<>bodyConfig<>statements<>4<>value<>children<>0<>children<>7<>attributes<>style<>properties<>0<>name": {"1": "display"}, "BLOCK<>statements<>0<>bodyConfig<>statements<>4<>value<>children<>0<>children<>7<>attributes<>style<>properties<>0<>propertyType": {"1": "NAMED"}, "BLOCK<>statements<>0<>bodyConfig<>statements<>4<>value<>children<>0<>children<>7<>attributes<>style<>properties<>0<>value<>type": {"1": "STRING"}, "BLOCK<>statements<>0<>bodyConfig<>statements<>4<>value<>children<>0<>children<>7<>attributes<>style<>properties<>0<>value<>value": {"1": "block"}, "BLOCK<>statements<>0<>bodyConfig<>statements<>4<>value<>children<>0<>children<>7<>attributes<>style<>properties<>1<>name": {"1": "marginBottom"}, "BLOCK<>statements<>0<>bodyConfig<>statements<>4<>value<>children<>0<>children<>7<>attributes<>style<>properties<>1<>propertyType": {"1": "NAMED"}, "BLOCK<>statements<>0<>bodyConfig<>statements<>4<>value<>children<>0<>children<>7<>attributes<>style<>properties<>1<>value<>type": {"1": "STRING"}, "BLOCK<>statements<>0<>bodyConfig<>statements<>4<>value<>children<>0<>children<>7<>attributes<>style<>properties<>1<>value<>value": {"1": "8px"}, "BLOCK<>statements<>0<>bodyConfig<>statements<>4<>value<>children<>0<>children<>7<>attributes<>style<>properties<>2<>name": {"1": "fontWeight"}, "BLOCK<>statements<>0<>bodyConfig<>statements<>4<>value<>children<>0<>children<>7<>attributes<>style<>properties<>2<>propertyType": {"1": "NAMED"}, "BLOCK<>statements<>0<>bodyConfig<>statements<>4<>value<>children<>0<>children<>7<>attributes<>style<>properties<>2<>value<>type": {"1": "STRING"}, "BLOCK<>statements<>0<>bodyConfig<>statements<>4<>value<>children<>0<>children<>7<>attributes<>style<>properties<>2<>value<>value": {"1": "600"}, "BLOCK<>statements<>0<>bodyConfig<>statements<>4<>value<>children<>0<>children<>7<>attributes<>style<>properties<>3<>name": {"1": "color"}, "BLOCK<>statements<>0<>bodyConfig<>statements<>4<>value<>children<>0<>children<>7<>attributes<>style<>properties<>3<>propertyType": {"1": "NAMED"}, "BLOCK<>statements<>0<>bodyConfig<>statements<>4<>value<>children<>0<>children<>7<>attributes<>style<>properties<>3<>value<>type": {"1": "STRING"}, "BLOCK<>statements<>0<>bodyConfig<>statements<>4<>value<>children<>0<>children<>7<>attributes<>style<>properties<>3<>value<>value": {"1": "#333"}, "BLOCK<>statements<>0<>bodyConfig<>statements<>4<>value<>children<>0<>children<>7<>attributes<>style<>properties<>4<>name": {"1": "fontSize"}, "BLOCK<>statements<>0<>bodyConfig<>statements<>4<>value<>children<>0<>children<>7<>attributes<>style<>properties<>4<>propertyType": {"1": "NAMED"}, "BLOCK<>statements<>0<>bodyConfig<>statements<>4<>value<>children<>0<>children<>7<>attributes<>style<>properties<>4<>value<>type": {"1": "STRING"}, "BLOCK<>statements<>0<>bodyConfig<>statements<>4<>value<>children<>0<>children<>7<>attributes<>style<>properties<>4<>value<>value": {"1": "14px"}, "BLOCK<>statements<>0<>bodyConfig<>statements<>4<>value<>children<>0<>children<>7<>children<>0<>children": {"1": []}, "BLOCK<>statements<>0<>bodyConfig<>statements<>4<>value<>children<>0<>children<>7<>children<>0<>elementType": {"1": "TEXT"}, "BLOCK<>statements<>0<>bodyConfig<>statements<>4<>value<>children<>0<>children<>7<>children<>0<>id": {"1": "bf79e476_fa5a_4685_9085_210749a08cdc"}, "BLOCK<>statements<>0<>bodyConfig<>statements<>4<>value<>children<>0<>children<>7<>children<>0<>textType": {"1": "text"}, "BLOCK<>statements<>0<>bodyConfig<>statements<>4<>value<>children<>0<>children<>7<>children<>0<>type": {"1": "Element"}, "BLOCK<>statements<>0<>bodyConfig<>statements<>4<>value<>children<>0<>children<>7<>children<>0<>value": {"1": "Address : "}, "BLOCK<>statements<>0<>bodyConfig<>statements<>4<>value<>children<>0<>children<>7<>elementType": {"1": "html"}, "BLOCK<>statements<>0<>bodyConfig<>statements<>4<>value<>children<>0<>children<>7<>id": {"1": "0cef8282_9428_40f4_9abb_32513cf148e3"}, "BLOCK<>statements<>0<>bodyConfig<>statements<>4<>value<>children<>0<>children<>7<>tagName": {"1": "label"}, "BLOCK<>statements<>0<>bodyConfig<>statements<>4<>value<>children<>0<>children<>7<>type": {"1": "Element"}, "BLOCK<>statements<>0<>bodyConfig<>statements<>4<>value<>children<>0<>children<>8<>attributes<>id<>type": {"1": "STRING"}, "BLOCK<>statements<>0<>bodyConfig<>statements<>4<>value<>children<>0<>children<>8<>attributes<>id<>value": {"1": "address"}, "BLOCK<>statements<>0<>bodyConfig<>statements<>4<>value<>children<>0<>children<>8<>attributes<>name<>type": {"1": "STRING"}, "BLOCK<>statements<>0<>bodyConfig<>statements<>4<>value<>children<>0<>children<>8<>attributes<>name<>value": {"1": "address"}, "BLOCK<>statements<>0<>bodyConfig<>statements<>4<>value<>children<>0<>children<>8<>attributes<>required<>type": {"1": "BOOLEAN"}, "BLOCK<>statements<>0<>bodyConfig<>statements<>4<>value<>children<>0<>children<>8<>attributes<>required<>value": {"1": false}, "BLOCK<>statements<>0<>bodyConfig<>statements<>4<>value<>children<>0<>children<>8<>attributes<>type<>type": {"1": "STRING"}, "BLOCK<>statements<>0<>bodyConfig<>statements<>4<>value<>children<>0<>children<>8<>attributes<>type<>value": {"1": "text"}, "BLOCK<>statements<>0<>bodyConfig<>statements<>4<>value<>children<>0<>children<>8<>attributes<>value<>$ref": {"1": "b9bc5e2d_ee23_4410_ab08_16aee1d8bef4"}, "BLOCK<>statements<>0<>bodyConfig<>statements<>4<>value<>children<>0<>children<>8<>attributes<>value<>label": {"1": "FormData"}, "BLOCK<>statements<>0<>bodyConfig<>statements<>4<>value<>children<>0<>children<>8<>attributes<>value<>schema<>type": {"1": "ANY"}, "BLOCK<>statements<>0<>bodyConfig<>statements<>4<>value<>children<>0<>children<>8<>attributes<>value<>subProperty<>label": {"1": "address"}, "BLOCK<>statements<>0<>bodyConfig<>statements<>4<>value<>children<>0<>children<>8<>attributes<>value<>subProperty<>name": {"1": "address"}, "BLOCK<>statements<>0<>bodyConfig<>statements<>4<>value<>children<>0<>children<>8<>attributes<>value<>subProperty<>subPropertyId": {"1": "2279dda1_4a35_42a3_8363_cf2a3987b010"}, "BLOCK<>statements<>0<>bodyConfig<>statements<>4<>value<>children<>0<>children<>8<>attributes<>value<>subProperty<>type": {"1": "SCHEMA_REF"}, "BLOCK<>statements<>0<>bodyConfig<>statements<>4<>value<>children<>0<>children<>8<>attributes<>value<>type": {"1": "SCOPE_VAR"}, "BLOCK<>statements<>0<>bodyConfig<>statements<>4<>value<>children<>0<>children<>8<>attributes<>onChange<>$ref": {"1": "92cf9639_083d_4ad8_9289_d6dd4acf8f30"}, "BLOCK<>statements<>0<>bodyConfig<>statements<>4<>value<>children<>0<>children<>8<>attributes<>onChange<>label": {"1": "handleFormChange"}, "BLOCK<>statements<>0<>bodyConfig<>statements<>4<>value<>children<>0<>children<>8<>attributes<>onChange<>schema<>parameters<>0<>defaultValue": {"1": null}, "BLOCK<>statements<>0<>bodyConfig<>statements<>4<>value<>children<>0<>children<>8<>attributes<>onChange<>schema<>parameters<>0<>description": {"1": ""}, "BLOCK<>statements<>0<>bodyConfig<>statements<>4<>value<>children<>0<>children<>8<>attributes<>onChange<>schema<>parameters<>0<>id": {"1": "f48bd1a5_4153_4225_acaf_d94dc65b7e74"}, "BLOCK<>statements<>0<>bodyConfig<>statements<>4<>value<>children<>0<>children<>8<>attributes<>onChange<>schema<>parameters<>0<>isRequired": {"1": false}, "BLOCK<>statements<>0<>bodyConfig<>statements<>4<>value<>children<>0<>children<>8<>attributes<>onChange<>schema<>parameters<>0<>name": {"1": "e"}, "BLOCK<>statements<>0<>bodyConfig<>statements<>4<>value<>children<>0<>children<>8<>attributes<>onChange<>schema<>parameters<>0<>schema<>selection": {"1": "anyOf"}, "BLOCK<>statements<>0<>bodyConfig<>statements<>4<>value<>children<>0<>children<>8<>attributes<>onChange<>schema<>parameters<>0<>schema<>types<>0<>type": {"1": "ANY"}, "BLOCK<>statements<>0<>bodyConfig<>statements<>4<>value<>children<>0<>children<>8<>attributes<>onChange<>schema<>returnType<>selection": {"1": "anyOf"}, "BLOCK<>statements<>0<>bodyConfig<>statements<>4<>value<>children<>0<>children<>8<>attributes<>onChange<>schema<>returnType<>types<>0<>type": {"1": "VOID"}, "BLOCK<>statements<>0<>bodyConfig<>statements<>4<>value<>children<>0<>children<>8<>attributes<>onChange<>schema<>type": {"1": "FUNCTION"}, "BLOCK<>statements<>0<>bodyConfig<>statements<>4<>value<>children<>0<>children<>8<>attributes<>onChange<>type": {"1": "SCOPE_VAR"}, "BLOCK<>statements<>0<>bodyConfig<>statements<>4<>value<>children<>0<>children<>8<>attributes<>style<>type": {"1": "OBJECT"}, "BLOCK<>statements<>0<>bodyConfig<>statements<>4<>value<>children<>0<>children<>8<>attributes<>style<>properties<>0<>name": {"1": "width"}, "BLOCK<>statements<>0<>bodyConfig<>statements<>4<>value<>children<>0<>children<>8<>attributes<>style<>properties<>0<>propertyType": {"1": "NAMED"}, "BLOCK<>statements<>0<>bodyConfig<>statements<>4<>value<>children<>0<>children<>8<>attributes<>style<>properties<>0<>value<>type": {"1": "STRING"}, "BLOCK<>statements<>0<>bodyConfig<>statements<>4<>value<>children<>0<>children<>8<>attributes<>style<>properties<>0<>value<>value": {"1": "100%"}, "BLOCK<>statements<>0<>bodyConfig<>statements<>4<>value<>children<>0<>children<>8<>attributes<>style<>properties<>1<>name": {"1": "padding"}, "BLOCK<>statements<>0<>bodyConfig<>statements<>4<>value<>children<>0<>children<>8<>attributes<>style<>properties<>1<>propertyType": {"1": "NAMED"}, "BLOCK<>statements<>0<>bodyConfig<>statements<>4<>value<>children<>0<>children<>8<>attributes<>style<>properties<>1<>value<>type": {"1": "STRING"}, "BLOCK<>statements<>0<>bodyConfig<>statements<>4<>value<>children<>0<>children<>8<>attributes<>style<>properties<>1<>value<>value": {"1": "10px 12px"}, "BLOCK<>statements<>0<>bodyConfig<>statements<>4<>value<>children<>0<>children<>8<>attributes<>style<>properties<>2<>name": {"1": "marginBottom"}, "BLOCK<>statements<>0<>bodyConfig<>statements<>4<>value<>children<>0<>children<>8<>attributes<>style<>properties<>2<>propertyType": {"1": "NAMED"}, "BLOCK<>statements<>0<>bodyConfig<>statements<>4<>value<>children<>0<>children<>8<>attributes<>style<>properties<>2<>value<>type": {"1": "STRING"}, "BLOCK<>statements<>0<>bodyConfig<>statements<>4<>value<>children<>0<>children<>8<>attributes<>style<>properties<>2<>value<>value": {"1": "16px"}, "BLOCK<>statements<>0<>bodyConfig<>statements<>4<>value<>children<>0<>children<>8<>attributes<>style<>properties<>3<>name": {"1": "border"}, "BLOCK<>statements<>0<>bodyConfig<>statements<>4<>value<>children<>0<>children<>8<>attributes<>style<>properties<>3<>propertyType": {"1": "NAMED"}, "BLOCK<>statements<>0<>bodyConfig<>statements<>4<>value<>children<>0<>children<>8<>attributes<>style<>properties<>3<>value<>type": {"1": "STRING"}, "BLOCK<>statements<>0<>bodyConfig<>statements<>4<>value<>children<>0<>children<>8<>attributes<>style<>properties<>3<>value<>value": {"1": "1px solid #ccc"}, "BLOCK<>statements<>0<>bodyConfig<>statements<>4<>value<>children<>0<>children<>8<>attributes<>style<>properties<>4<>name": {"1": "borderRadius"}, "BLOCK<>statements<>0<>bodyConfig<>statements<>4<>value<>children<>0<>children<>8<>attributes<>style<>properties<>4<>propertyType": {"1": "NAMED"}, "BLOCK<>statements<>0<>bodyConfig<>statements<>4<>value<>children<>0<>children<>8<>attributes<>style<>properties<>4<>value<>type": {"1": "STRING"}, "BLOCK<>statements<>0<>bodyConfig<>statements<>4<>value<>children<>0<>children<>8<>attributes<>style<>properties<>4<>value<>value": {"1": "6px"}, "BLOCK<>statements<>0<>bodyConfig<>statements<>4<>value<>children<>0<>children<>8<>attributes<>style<>properties<>5<>name": {"1": "fontSize"}, "BLOCK<>statements<>0<>bodyConfig<>statements<>4<>value<>children<>0<>children<>8<>attributes<>style<>properties<>5<>propertyType": {"1": "NAMED"}, "BLOCK<>statements<>0<>bodyConfig<>statements<>4<>value<>children<>0<>children<>8<>attributes<>style<>properties<>5<>value<>type": {"1": "STRING"}, "BLOCK<>statements<>0<>bodyConfig<>statements<>4<>value<>children<>0<>children<>8<>attributes<>style<>properties<>5<>value<>value": {"1": "14px"}, "BLOCK<>statements<>0<>bodyConfig<>statements<>4<>value<>children<>0<>children<>8<>attributes<>style<>properties<>6<>name": {"1": "boxSizing"}, "BLOCK<>statements<>0<>bodyConfig<>statements<>4<>value<>children<>0<>children<>8<>attributes<>style<>properties<>6<>propertyType": {"1": "NAMED"}, "BLOCK<>statements<>0<>bodyConfig<>statements<>4<>value<>children<>0<>children<>8<>attributes<>style<>properties<>6<>value<>type": {"1": "STRING"}, "BLOCK<>statements<>0<>bodyConfig<>statements<>4<>value<>children<>0<>children<>8<>attributes<>style<>properties<>6<>value<>value": {"1": "border-box"}, "BLOCK<>statements<>0<>bodyConfig<>statements<>4<>value<>children<>0<>children<>8<>elementType": {"1": "html"}, "BLOCK<>statements<>0<>bodyConfig<>statements<>4<>value<>children<>0<>children<>8<>id": {"1": "a6981e6e_231b_410a_a726_2f68880e706f"}, "BLOCK<>statements<>0<>bodyConfig<>statements<>4<>value<>children<>0<>children<>8<>tagName": {"1": "input"}, "BLOCK<>statements<>0<>bodyConfig<>statements<>4<>value<>children<>0<>children<>8<>type": {"1": "Element"}, "BLOCK<>statements<>0<>bodyConfig<>statements<>4<>value<>children<>0<>children<>9<>attributes": {"1": {}}, "BLOCK<>statements<>0<>bodyConfig<>statements<>4<>value<>children<>0<>children<>9<>elementType": {"1": "html"}, "BLOCK<>statements<>0<>bodyConfig<>statements<>4<>value<>children<>0<>children<>9<>id": {"1": "60ad5137_7a68_4fe8_af4e_df6c731712bd"}, "BLOCK<>statements<>0<>bodyConfig<>statements<>4<>value<>children<>0<>children<>9<>tagName": {"1": "br"}, "BLOCK<>statements<>0<>bodyConfig<>statements<>4<>value<>children<>0<>children<>9<>type": {"1": "Element"}, "BLOCK<>statements<>0<>bodyConfig<>statements<>4<>value<>children<>0<>children<>10<>attributes<>style<>type": {"1": "OBJECT"}, "BLOCK<>statements<>0<>bodyConfig<>statements<>4<>value<>children<>0<>children<>10<>attributes<>style<>properties<>0<>name": {"1": "display"}, "BLOCK<>statements<>0<>bodyConfig<>statements<>4<>value<>children<>0<>children<>10<>attributes<>style<>properties<>0<>propertyType": {"1": "NAMED"}, "BLOCK<>statements<>0<>bodyConfig<>statements<>4<>value<>children<>0<>children<>10<>attributes<>style<>properties<>0<>value<>type": {"1": "STRING"}, "BLOCK<>statements<>0<>bodyConfig<>statements<>4<>value<>children<>0<>children<>10<>attributes<>style<>properties<>0<>value<>value": {"1": "flex"}, "BLOCK<>statements<>0<>bodyConfig<>statements<>4<>value<>children<>0<>children<>10<>attributes<>style<>properties<>1<>name": {"1": "justifyContent"}, "BLOCK<>statements<>0<>bodyConfig<>statements<>4<>value<>children<>0<>children<>10<>attributes<>style<>properties<>1<>propertyType": {"1": "NAMED"}, "BLOCK<>statements<>0<>bodyConfig<>statements<>4<>value<>children<>0<>children<>10<>attributes<>style<>properties<>1<>value<>type": {"1": "STRING"}, "BLOCK<>statements<>0<>bodyConfig<>statements<>4<>value<>children<>0<>children<>10<>attributes<>style<>properties<>1<>value<>value": {"1": "center"}, "BLOCK<>statements<>0<>bodyConfig<>statements<>4<>value<>children<>0<>children<>10<>attributes<>style<>properties<>2<>name": {"1": "gap"}, "BLOCK<>statements<>0<>bodyConfig<>statements<>4<>value<>children<>0<>children<>10<>attributes<>style<>properties<>2<>propertyType": {"1": "NAMED"}, "BLOCK<>statements<>0<>bodyConfig<>statements<>4<>value<>children<>0<>children<>10<>attributes<>style<>properties<>2<>value<>type": {"1": "STRING"}, "BLOCK<>statements<>0<>bodyConfig<>statements<>4<>value<>children<>0<>children<>10<>attributes<>style<>properties<>2<>value<>value": {"1": "16px"}, "BLOCK<>statements<>0<>bodyConfig<>statements<>4<>value<>children<>0<>children<>10<>attributes<>style<>properties<>3<>name": {"1": "marginTop"}, "BLOCK<>statements<>0<>bodyConfig<>statements<>4<>value<>children<>0<>children<>10<>attributes<>style<>properties<>3<>propertyType": {"1": "NAMED"}, "BLOCK<>statements<>0<>bodyConfig<>statements<>4<>value<>children<>0<>children<>10<>attributes<>style<>properties<>3<>value<>type": {"1": "STRING"}, "BLOCK<>statements<>0<>bodyConfig<>statements<>4<>value<>children<>0<>children<>10<>attributes<>style<>properties<>3<>value<>value": {"1": "20px"}, "BLOCK<>statements<>0<>bodyConfig<>statements<>4<>value<>children<>0<>children<>10<>children<>0<>attributes<>type<>type": {"1": "STRING"}, "BLOCK<>statements<>0<>bodyConfig<>statements<>4<>value<>children<>0<>children<>10<>children<>0<>attributes<>type<>value": {"1": "submit"}, "BLOCK<>statements<>0<>bodyConfig<>statements<>4<>value<>children<>0<>children<>10<>children<>0<>attributes<>value<>type": {"1": "STRING"}, "BLOCK<>statements<>0<>bodyConfig<>statements<>4<>value<>children<>0<>children<>10<>children<>0<>attributes<>value<>value": {"1": "Submit"}, "BLOCK<>statements<>0<>bodyConfig<>statements<>4<>value<>children<>0<>children<>10<>children<>0<>attributes<>style<>type": {"1": "OBJECT"}, "BLOCK<>statements<>0<>bodyConfig<>statements<>4<>value<>children<>0<>children<>10<>children<>0<>attributes<>style<>properties<>0<>name": {"1": "padding"}, "BLOCK<>statements<>0<>bodyConfig<>statements<>4<>value<>children<>0<>children<>10<>children<>0<>attributes<>style<>properties<>0<>propertyType": {"1": "NAMED"}, "BLOCK<>statements<>0<>bodyConfig<>statements<>4<>value<>children<>0<>children<>10<>children<>0<>attributes<>style<>properties<>0<>value<>type": {"1": "STRING"}, "BLOCK<>statements<>0<>bodyConfig<>statements<>4<>value<>children<>0<>children<>10<>children<>0<>attributes<>style<>properties<>0<>value<>value": {"1": "10px 20px"}, "BLOCK<>statements<>0<>bodyConfig<>statements<>4<>value<>children<>0<>children<>10<>children<>0<>attributes<>style<>properties<>1<>name": {"1": "backgroundColor"}, "BLOCK<>statements<>0<>bodyConfig<>statements<>4<>value<>children<>0<>children<>10<>children<>0<>attributes<>style<>properties<>1<>propertyType": {"1": "NAMED"}, "BLOCK<>statements<>0<>bodyConfig<>statements<>4<>value<>children<>0<>children<>10<>children<>0<>attributes<>style<>properties<>1<>value<>type": {"1": "STRING"}, "BLOCK<>statements<>0<>bodyConfig<>statements<>4<>value<>children<>0<>children<>10<>children<>0<>attributes<>style<>properties<>1<>value<>value": {"1": "#4caf50"}, "BLOCK<>statements<>0<>bodyConfig<>statements<>4<>value<>children<>0<>children<>10<>children<>0<>attributes<>style<>properties<>2<>name": {"1": "color"}, "BLOCK<>statements<>0<>bodyConfig<>statements<>4<>value<>children<>0<>children<>10<>children<>0<>attributes<>style<>properties<>2<>propertyType": {"1": "NAMED"}, "BLOCK<>statements<>0<>bodyConfig<>statements<>4<>value<>children<>0<>children<>10<>children<>0<>attributes<>style<>properties<>2<>value<>type": {"1": "STRING"}, "BLOCK<>statements<>0<>bodyConfig<>statements<>4<>value<>children<>0<>children<>10<>children<>0<>attributes<>style<>properties<>2<>value<>value": {"1": "white"}, "BLOCK<>statements<>0<>bodyConfig<>statements<>4<>value<>children<>0<>children<>10<>children<>0<>attributes<>style<>properties<>3<>name": {"1": "border"}, "BLOCK<>statements<>0<>bodyConfig<>statements<>4<>value<>children<>0<>children<>10<>children<>0<>attributes<>style<>properties<>3<>propertyType": {"1": "NAMED"}, "BLOCK<>statements<>0<>bodyConfig<>statements<>4<>value<>children<>0<>children<>10<>children<>0<>attributes<>style<>properties<>3<>value<>type": {"1": "STRING"}, "BLOCK<>statements<>0<>bodyConfig<>statements<>4<>value<>children<>0<>children<>10<>children<>0<>attributes<>style<>properties<>3<>value<>value": {"1": "none"}, "BLOCK<>statements<>0<>bodyConfig<>statements<>4<>value<>children<>0<>children<>10<>children<>0<>attributes<>style<>properties<>4<>name": {"1": "borderRadius"}, "BLOCK<>statements<>0<>bodyConfig<>statements<>4<>value<>children<>0<>children<>10<>children<>0<>attributes<>style<>properties<>4<>propertyType": {"1": "NAMED"}, "BLOCK<>statements<>0<>bodyConfig<>statements<>4<>value<>children<>0<>children<>10<>children<>0<>attributes<>style<>properties<>4<>value<>type": {"1": "STRING"}, "BLOCK<>statements<>0<>bodyConfig<>statements<>4<>value<>children<>0<>children<>10<>children<>0<>attributes<>style<>properties<>4<>value<>value": {"1": "6px"}, "BLOCK<>statements<>0<>bodyConfig<>statements<>4<>value<>children<>0<>children<>10<>children<>0<>attributes<>style<>properties<>5<>name": {"1": "fontSize"}, "BLOCK<>statements<>0<>bodyConfig<>statements<>4<>value<>children<>0<>children<>10<>children<>0<>attributes<>style<>properties<>5<>propertyType": {"1": "NAMED"}, "BLOCK<>statements<>0<>bodyConfig<>statements<>4<>value<>children<>0<>children<>10<>children<>0<>attributes<>style<>properties<>5<>value<>type": {"1": "STRING"}, "BLOCK<>statements<>0<>bodyConfig<>statements<>4<>value<>children<>0<>children<>10<>children<>0<>attributes<>style<>properties<>5<>value<>value": {"1": "16px"}, "BLOCK<>statements<>0<>bodyConfig<>statements<>4<>value<>children<>0<>children<>10<>children<>0<>attributes<>style<>properties<>6<>name": {"1": "cursor"}, "BLOCK<>statements<>0<>bodyConfig<>statements<>4<>value<>children<>0<>children<>10<>children<>0<>attributes<>style<>properties<>6<>propertyType": {"1": "NAMED"}, "BLOCK<>statements<>0<>bodyConfig<>statements<>4<>value<>children<>0<>children<>10<>children<>0<>attributes<>style<>properties<>6<>value<>type": {"1": "STRING"}, "BLOCK<>statements<>0<>bodyConfig<>statements<>4<>value<>children<>0<>children<>10<>children<>0<>attributes<>style<>properties<>6<>value<>value": {"1": "pointer"}, "BLOCK<>statements<>0<>bodyConfig<>statements<>4<>value<>children<>0<>children<>10<>children<>0<>elementType": {"1": "html"}, "BLOCK<>statements<>0<>bodyConfig<>statements<>4<>value<>children<>0<>children<>10<>children<>0<>id": {"1": "0a6d1f2e_70eb_4032_9d31_67dba63fb25b"}, "BLOCK<>statements<>0<>bodyConfig<>statements<>4<>value<>children<>0<>children<>10<>children<>0<>tagName": {"1": "input"}, "BLOCK<>statements<>0<>bodyConfig<>statements<>4<>value<>children<>0<>children<>10<>children<>0<>type": {"1": "Element"}, "BLOCK<>statements<>0<>bodyConfig<>statements<>4<>value<>children<>0<>children<>10<>elementType": {"1": "html"}, "BLOCK<>statements<>0<>bodyConfig<>statements<>4<>value<>children<>0<>children<>10<>id": {"1": "21a07c76_a886_421d_8182_5c240b26c4ba"}, "BLOCK<>statements<>0<>bodyConfig<>statements<>4<>value<>children<>0<>children<>10<>tagName": {"1": "div"}, "BLOCK<>statements<>0<>bodyConfig<>statements<>4<>value<>children<>0<>children<>10<>type": {"1": "Element"}, "BLOCK<>statements<>0<>bodyConfig<>statements<>4<>value<>children<>0<>children<>11<>attributes": {"1": {}}, "BLOCK<>statements<>0<>bodyConfig<>statements<>4<>value<>children<>0<>children<>11<>elementType": {"1": "html"}, "BLOCK<>statements<>0<>bodyConfig<>statements<>4<>value<>children<>0<>children<>11<>id": {"1": "20f003c1_72ef_4136_99d3_6864b7344624"}, "BLOCK<>statements<>0<>bodyConfig<>statements<>4<>value<>children<>0<>children<>11<>tagName": {"1": "br"}, "BLOCK<>statements<>0<>bodyConfig<>statements<>4<>value<>children<>0<>children<>11<>type": {"1": "Element"}, "BLOCK<>statements<>0<>bodyConfig<>statements<>4<>value<>children<>0<>elementType": {"1": "html"}, "BLOCK<>statements<>0<>bodyConfig<>statements<>4<>value<>children<>0<>id": {"1": "8b341067_b13b_4163_97b4_607dfdcc349c"}, "BLOCK<>statements<>0<>bodyConfig<>statements<>4<>value<>children<>0<>tagName": {"1": "form"}, "BLOCK<>statements<>0<>bodyConfig<>statements<>4<>value<>children<>0<>type": {"1": "Element"}, "BLOCK<>statements<>0<>bodyConfig<>statements<>4<>value<>elementType": {"1": "html"}, "BLOCK<>statements<>0<>bodyConfig<>statements<>4<>value<>id": {"1": "c850c1f0_3180_4aff_badf_b0cd73d68d16"}, "BLOCK<>statements<>0<>bodyConfig<>statements<>4<>value<>tagName": {"1": "div"}, "BLOCK<>statements<>0<>bodyConfig<>statements<>4<>value<>type": {"1": "Element"}, "BLOCK<>statements<>0<>bodyConfig<>statements<>4<>id": {"1": "af96f943_a040_4fd8_b3d1_70a5a2c95681"}, "BLOCK<>statements<>0<>bodyConfig<>id": {"1": "91563786_1110_4158_baa6_0166bd0c24c5"}, "BLOCK<>statements<>0<>schema<>props": {"1": []}, "BLOCK<>statements<>0<>schema<>hasImperativeHandling": {"1": false}, "BLOCK<>statements<>0<>schema<>type": {"1": "REACT_FC"}, "name": {"1": "CreateContactInfo"}}}