{"current_version": 1, "versions": {"1": {"key": 1, "timestamp": 1753075136.0687177}}, "deleted_keys": {}, "changes": {"IMPORTS<>other": {"1": []}, "IMPORTS<>components": {"1": []}, "EXPORTS<>default": {"1": "16c10f7f_c150_4ef7_b53a_c99a232410c8"}, "EXPORTS<>others": {"1": []}, "BLOCK<>type": {"1": "BLOCK"}, "BLOCK<>noWrap": {"1": 1}, "BLOCK<>id": {"1": "MAIN_COMPONENT"}, "BLOCK<>statements<>0<>type": {"1": "REACT_COMPONENT"}, "BLOCK<>statements<>0<>id": {"1": "16c10f7f_c150_4ef7_b53a_c99a232410c8"}, "BLOCK<>statements<>0<>name": {"1": "App"}, "BLOCK<>statements<>0<>propVars": {"1": []}, "BLOCK<>statements<>0<>bodyConfig<>type": {"1": "BLOCK"}, "BLOCK<>statements<>0<>bodyConfig<>statements<>0<>type": {"1": "RETURN"}, "BLOCK<>statements<>0<>bodyConfig<>statements<>0<>value<>type": {"1": "Element"}, "BLOCK<>statements<>0<>bodyConfig<>statements<>0<>value<>tagName": {"1": "fragment"}, "BLOCK<>statements<>0<>bodyConfig<>statements<>0<>value<>attributes": {"1": {}}, "BLOCK<>statements<>0<>bodyConfig<>statements<>0<>value<>elementType": {"1": "html"}, "BLOCK<>statements<>0<>bodyConfig<>statements<>0<>value<>children<>0<>$ref": {"1": "THEME_PROVIDER"}, "BLOCK<>statements<>0<>bodyConfig<>statements<>0<>value<>children<>0<>attributes": {"1": {}}, "BLOCK<>statements<>0<>bodyConfig<>statements<>0<>value<>children<>0<>children<>0<>attributes": {"1": {}}, "BLOCK<>statements<>0<>bodyConfig<>statements<>0<>value<>children<>0<>children<>0<>children": {"1": []}, "BLOCK<>statements<>0<>bodyConfig<>statements<>0<>value<>children<>0<>children<>0<>elementType": {"1": "OUTLET"}, "BLOCK<>statements<>0<>bodyConfig<>statements<>0<>value<>children<>0<>children<>0<>tagName": {"1": "Outlet"}, "BLOCK<>statements<>0<>bodyConfig<>statements<>0<>value<>children<>0<>children<>0<>type": {"1": "Element"}, "BLOCK<>statements<>0<>bodyConfig<>statements<>0<>value<>children<>0<>children<>0<>id": {"1": "4b0f467c_153e_4326_bd33_2b99a148f391"}, "BLOCK<>statements<>0<>bodyConfig<>statements<>0<>value<>children<>0<>elementType": {"1": "COMPONENT"}, "BLOCK<>statements<>0<>bodyConfig<>statements<>0<>value<>children<>0<>tagName": {"1": "ThemeProvider"}, "BLOCK<>statements<>0<>bodyConfig<>statements<>0<>value<>children<>0<>type": {"1": "Element"}, "BLOCK<>statements<>0<>bodyConfig<>statements<>0<>value<>children<>0<>id": {"1": "ec59bc66_25ae_4aa5_838a_143456d26e3e"}, "BLOCK<>statements<>0<>bodyConfig<>statements<>0<>value<>id": {"1": "0f28e478_f3fa_45b9_aeb3_00f7b6d509ec"}, "BLOCK<>statements<>0<>bodyConfig<>statements<>0<>id": {"1": "2cf0f89f_0b1f_4c9a_bf3b_43e5e5767db7"}, "BLOCK<>statements<>0<>bodyConfig<>id": {"1": "4b50d45b_5e2c_4060_a927_49b0dad46c74"}, "BLOCK<>statements<>0<>schema<>props": {"1": []}, "BLOCK<>statements<>0<>schema<>hasImperativeHandling": {"1": false}, "BLOCK<>statements<>0<>schema<>type": {"1": "REACT_FC"}, "name": {"1": "App"}}}