{"current_version": 1, "versions": {"1": {"key": 1, "timestamp": 1753075136.0675786}}, "deleted_keys": {}, "changes": {"MAIN_COMPONENT<>index": {"1": "BLOCK"}, "MAIN_COMPONENT<>type": {"1": "BLOCK"}, "MAIN_COMPONENT<>parentBlockId": {"1": null}, "MAIN_COMPONENT<>parentFunctionId": {"1": null}, "MAIN_COMPONENT<>parent_scope": {"1": {}}, "MAIN_COMPONENT<>scope<>App": {"1": "16c10f7f_c150_4ef7_b53a_c99a232410c8"}, "MAIN_COMPONENT<>startIndex": {"1": 106}, "MAIN_COMPONENT<>endIndex": {"1": 221}, "16c10f7f_c150_4ef7_b53a_c99a232410c8<>index": {"1": "BLOCK<>statements<>0"}, "16c10f7f_c150_4ef7_b53a_c99a232410c8<>type": {"1": "REACT_COMPONENT"}, "16c10f7f_c150_4ef7_b53a_c99a232410c8<>parentBlockId": {"1": "MAIN_COMPONENT"}, "16c10f7f_c150_4ef7_b53a_c99a232410c8<>name": {"1": "App"}, "16c10f7f_c150_4ef7_b53a_c99a232410c8<>returnStatements<>0<>statement_id": {"1": "2cf0f89f_0b1f_4c9a_bf3b_43e5e5767db7"}, "16c10f7f_c150_4ef7_b53a_c99a232410c8<>returnStatements<>0<>index": {"1": "BLOCK<>statements<>0<>bodyConfig<>statements<>0"}, "16c10f7f_c150_4ef7_b53a_c99a232410c8<>schema<>props": {"1": []}, "16c10f7f_c150_4ef7_b53a_c99a232410c8<>schema<>hasImperativeHandling": {"1": false}, "16c10f7f_c150_4ef7_b53a_c99a232410c8<>schema<>type": {"1": "REACT_FC"}, "16c10f7f_c150_4ef7_b53a_c99a232410c8<>startIndex": {"1": 106}, "16c10f7f_c150_4ef7_b53a_c99a232410c8<>endIndex": {"1": 221}, "4b50d45b_5e2c_4060_a927_49b0dad46c74<>index": {"1": "BLOCK<>statements<>0<>bodyConfig"}, "4b50d45b_5e2c_4060_a927_49b0dad46c74<>type": {"1": "BLOCK"}, "4b50d45b_5e2c_4060_a927_49b0dad46c74<>parentBlockId": {"1": "MAIN_COMPONENT"}, "4b50d45b_5e2c_4060_a927_49b0dad46c74<>parentFunctionId": {"1": "16c10f7f_c150_4ef7_b53a_c99a232410c8"}, "4b50d45b_5e2c_4060_a927_49b0dad46c74<>parent_scope<>App": {"1": "16c10f7f_c150_4ef7_b53a_c99a232410c8"}, "4b50d45b_5e2c_4060_a927_49b0dad46c74<>scope": {"1": {}}, "4b50d45b_5e2c_4060_a927_49b0dad46c74<>startIndex": {"1": 124}, "4b50d45b_5e2c_4060_a927_49b0dad46c74<>endIndex": {"1": 221}, "2cf0f89f_0b1f_4c9a_bf3b_43e5e5767db7<>index": {"1": "BLOCK<>statements<>0<>bodyConfig<>statements<>0"}, "2cf0f89f_0b1f_4c9a_bf3b_43e5e5767db7<>type": {"1": "RETURN"}, "2cf0f89f_0b1f_4c9a_bf3b_43e5e5767db7<>parentBlockId": {"1": "4b50d45b_5e2c_4060_a927_49b0dad46c74"}, "2cf0f89f_0b1f_4c9a_bf3b_43e5e5767db7<>startIndex": {"1": 128}, "2cf0f89f_0b1f_4c9a_bf3b_43e5e5767db7<>endIndex": {"1": 214}, "0f28e478_f3fa_45b9_aeb3_00f7b6d509ec<>index": {"1": "BLOCK<>statements<>0<>bodyConfig<>statements<>0<>value"}, "0f28e478_f3fa_45b9_aeb3_00f7b6d509ec<>type": {"1": "Element"}, "0f28e478_f3fa_45b9_aeb3_00f7b6d509ec<>parentBlockId": {"1": "4b50d45b_5e2c_4060_a927_49b0dad46c74"}, "0f28e478_f3fa_45b9_aeb3_00f7b6d509ec<>startIndex": {"1": 141}, "0f28e478_f3fa_45b9_aeb3_00f7b6d509ec<>endIndex": {"1": 214}, "ec59bc66_25ae_4aa5_838a_143456d26e3e<>index": {"1": "BLOCK<>statements<>0<>bodyConfig<>statements<>0<>value<>children<>0"}, "ec59bc66_25ae_4aa5_838a_143456d26e3e<>type": {"1": "Element"}, "ec59bc66_25ae_4aa5_838a_143456d26e3e<>parentBlockId": {"1": "0f28e478_f3fa_45b9_aeb3_00f7b6d509ec"}, "ec59bc66_25ae_4aa5_838a_143456d26e3e<>startIndex": {"1": 150}, "ec59bc66_25ae_4aa5_838a_143456d26e3e<>endIndex": {"1": 206}, "4b0f467c_153e_4326_bd33_2b99a148f391<>index": {"1": "BLOCK<>statements<>0<>bodyConfig<>statements<>0<>value<>children<>0<>children<>0"}, "4b0f467c_153e_4326_bd33_2b99a148f391<>type": {"1": "Element"}, "4b0f467c_153e_4326_bd33_2b99a148f391<>parentBlockId": {"1": "ec59bc66_25ae_4aa5_838a_143456d26e3e"}, "4b0f467c_153e_4326_bd33_2b99a148f391<>startIndex": {"1": 174}, "4b0f467c_153e_4326_bd33_2b99a148f391<>endIndex": {"1": 183}}}