{"2d94ecf5_9f69_4ec9_95c8_35a51b7ca7dd<>entityId": "950be848_eaa1_47ec_833e_13daf8219337", "2d94ecf5_9f69_4ec9_95c8_35a51b7ca7dd<>extension": "js", "2d94ecf5_9f69_4ec9_95c8_35a51b7ca7dd<>id": "2d94ecf5_9f69_4ec9_95c8_35a51b7ca7dd", "2d94ecf5_9f69_4ec9_95c8_35a51b7ca7dd<>name": "vite.config", "2d94ecf5_9f69_4ec9_95c8_35a51b7ca7dd<>parentId": "ROOT", "2d94ecf5_9f69_4ec9_95c8_35a51b7ca7dd<>relative_path": "/vite.config.js", "2d94ecf5_9f69_4ec9_95c8_35a51b7ca7dd<>tag": "VITE_CONFIG", "2d94ecf5_9f69_4ec9_95c8_35a51b7ca7dd<>type": "FILE", "ASSETS<>children<>0": "IMAGES", "ASSETS<>children<>1": "SVGS", "ASSETS<>children<>2": "FONTS", "ASSETS<>id": "ASSETS", "ASSETS<>name": "assets", "ASSETS<>parentId": "SRC", "ASSETS<>tag": "ASSETS", "ASSETS<>type": "DIRECTORY", "COMPONENTS<>children<>0": "e0ca29a9_37b0_4304_ab0c_ed461739459b", "COMPONENTS<>id": "COMPONENTS", "COMPONENTS<>name": "components", "COMPONENTS<>parentId": "SRC", "COMPONENTS<>tag": "COMPONENTS", "COMPONENTS<>type": "DIRECTORY", "CONTEXT<>children<>0": "THEME_PROVIDER_FILE", "CONTEXT<>id": "CONTEXT", "CONTEXT<>name": "context", "CONTEXT<>parentId": "SRC", "CONTEXT<>tag": "CONTEXT", "CONTEXT<>type": "DIRECTORY", "EXTERNAL_COMPONENTS<>children": [], "EXTERNAL_COMPONENTS<>id": "EXTERNAL_COMPONENTS", "EXTERNAL_COMPONENTS<>name": "external_components", "EXTERNAL_COMPONENTS<>parentId": "ROOT", "EXTERNAL_COMPONENTS<>tag": "EXTERNAL_COMPONENTS", "EXTERNAL_COMPONENTS<>type": "DIRECTORY", "FONTS<>children": [], "FONTS<>id": "FONTS", "FONTS<>name": "fonts", "FONTS<>parentId": "ASSETS", "FONTS<>tag": "FONTS", "FONTS<>type": "DIRECTORY", "GLOBAL_INTERCEPTOR<>entityId": "GLOBAL_INTERCEPTOR", "GLOBAL_INTERCEPTOR<>extension": "SX", "GLOBAL_INTERCEPTOR<>id": "GLOBAL_INTERCEPTOR", "GLOBAL_INTERCEPTOR<>name": "interceptors", "GLOBAL_INTERCEPTOR<>parentId": "SERVICES", "GLOBAL_INTERCEPTOR<>relative_path": "/src/services/interceptors.jsx", "GLOBAL_INTERCEPTOR<>tag": "SERVICES", "GLOBAL_INTERCEPTOR<>type": "FILE", "IMAGES<>children": [], "IMAGES<>id": "IMAGES", "IMAGES<>name": "images", "IMAGES<>parentId": "ASSETS", "IMAGES<>tag": "IMAGES", "IMAGES<>type": "DIRECTORY", "INDEX_HTML<>extension": "html", "INDEX_HTML<>id": "INDEX_HTML", "INDEX_HTML<>name": "index", "INDEX_HTML<>parentId": "ROOT", "INDEX_HTML<>tag": "INDEX_HTML", "INDEX_HTML<>type": "FILE", "MAIN_COMPONENT<>entityId": "ae0bfa52_c799_471f_9fec_9dc8c68541fc", "MAIN_COMPONENT<>extension": "SX", "MAIN_COMPONENT<>id": "MAIN_COMPONENT", "MAIN_COMPONENT<>name": "App", "MAIN_COMPONENT<>parentId": "SRC", "MAIN_COMPONENT<>relative_path": "/src/App.jsx", "MAIN_COMPONENT<>tag": "ROOT_COMPONENT", "MAIN_COMPONENT<>type": "FILE", "MAIN_STYLESHEET<>extension": "css", "MAIN_STYLESHEET<>id": "MAIN_STYLESHEET", "MAIN_STYLESHEET<>name": "index", "MAIN_STYLESHEET<>parentId": "SRC", "MAIN_STYLESHEET<>tag": "MAIN_STYLESHEET", "MAIN_STYLESHEET<>type": "FILE", "PACKAGE_CONFIG<>extension": "json", "PACKAGE_CONFIG<>id": "PACKAGE_CONFIG", "PACKAGE_CONFIG<>isProtected": true, "PACKAGE_CONFIG<>name": "package", "PACKAGE_CONFIG<>parentId": "ROOT", "PACKAGE_CONFIG<>tag": "PACKAGE_CONFIG", "PACKAGE_CONFIG<>type": "FILE", "PROJECT_ROOT_FILE<>extension": "SX", "PROJECT_ROOT_FILE<>id": "PROJECT_ROOT_FILE", "PROJECT_ROOT_FILE<>name": "main", "PROJECT_ROOT_FILE<>parentId": "SRC", "PROJECT_ROOT_FILE<>tag": "ROOT", "PROJECT_ROOT_FILE<>type": "FILE", "REDUX<>children": [], "REDUX<>id": "REDUX", "REDUX<>name": "redux", "REDUX<>parentId": "SRC", "REDUX<>tag": "REDUX", "REDUX<>type": "DIRECTORY", "ROOT<>children<>0": "SRC", "ROOT<>children<>1": "PACKAGE_CONFIG", "ROOT<>children<>2": "EXTERNAL_COMPONENTS", "ROOT<>children<>3": "INDEX_HTML", "ROOT<>children<>4": "2d94ecf5_9f69_4ec9_95c8_35a51b7ca7dd", "ROOT<>id": "ROOT", "ROOT<>parentId": null, "ROOT<>type": "DIRECTORY", "ROUTE_COMPONENT<>extension": "SX", "ROUTE_COMPONENT<>id": "ROUTE_COMPONENT", "ROUTE_COMPONENT<>isProtected": true, "ROUTE_COMPONENT<>name": "Routing", "ROUTE_COMPONENT<>parentId": "SRC", "ROUTE_COMPONENT<>tag": "ROUTING", "ROUTE_COMPONENT<>type": "FILE", "ROUTE_COMPONENT<>wasOpen": false, "SERVICES<>children<>0": "c407ff11_059d_425c_930b_a2bbe56a2e0b", "SERVICES<>children<>1": "GLOBAL_INTERCEPTOR", "SERVICES<>id": "SERVICES", "SERVICES<>name": "services", "SERVICES<>parentId": "SRC", "SERVICES<>tag": "SERVICES", "SERVICES<>type": "DIRECTORY", "SRC<>children<>0": "STYLES", "SRC<>children<>1": "COMPONENTS", "SRC<>children<>2": "SERVICES", "SRC<>children<>3": "PROJECT_ROOT_FILE", "SRC<>children<>4": "MAIN_COMPONENT", "SRC<>children<>5": "ASSETS", "SRC<>children<>6": "ROUTE_COMPONENT", "SRC<>children<>7": "STORE", "SRC<>children<>8": "REDUX", "SRC<>children<>9": "CONTEXT", "SRC<>children<>10": "MAIN_STYLESHEET", "SRC<>id": "SRC", "SRC<>name": "src", "SRC<>parentId": "ROOT", "SRC<>tag": "ROOT", "SRC<>type": "DIRECTORY", "STORE<>children": [], "STORE<>id": "STORE", "STORE<>name": "store", "STORE<>parentId": "SRC", "STORE<>tag": "STORE", "STORE<>type": "DIRECTORY", "STYLES<>children<>0": "THEME_CSS_FILE", "STYLES<>id": "STYLES", "STYLES<>name": "styles", "STYLES<>parentId": "SRC", "STYLES<>tag": "STYLES", "STYLES<>type": "DIRECTORY", "SVGS<>children": [], "SVGS<>id": "SVGS", "SVGS<>name": "svgs", "SVGS<>parentId": "ASSETS", "SVGS<>tag": "SVGS", "SVGS<>type": "DIRECTORY", "THEME_CSS_FILE<>extension": "css", "THEME_CSS_FILE<>id": "THEME_CSS_FILE", "THEME_CSS_FILE<>name": "ThemeContext", "THEME_CSS_FILE<>parentId": "STYLES", "THEME_CSS_FILE<>tag": "THEME_CSS", "THEME_CSS_FILE<>type": "FILE", "THEME_PROVIDER_FILE<>extension": "SX", "THEME_PROVIDER_FILE<>id": "THEME_PROVIDER_FILE", "THEME_PROVIDER_FILE<>name": "ThemeContext", "THEME_PROVIDER_FILE<>parentId": "CONTEXT", "THEME_PROVIDER_FILE<>tag": "THEME_PROVIDER", "THEME_PROVIDER_FILE<>type": "FILE", "bfb387d9_5090_495a_8cb4_c094a060b67f<>entityId": "bfb387d9_5090_495a_8cb4_c094a060b67f", "bfb387d9_5090_495a_8cb4_c094a060b67f<>extension": "SX", "bfb387d9_5090_495a_8cb4_c094a060b67f<>id": "bfb387d9_5090_495a_8cb4_c094a060b67f", "bfb387d9_5090_495a_8cb4_c094a060b67f<>name": "default", "bfb387d9_5090_495a_8cb4_c094a060b67f<>parentId": "c407ff11_059d_425c_930b_a2bbe56a2e0b", "bfb387d9_5090_495a_8cb4_c094a060b67f<>relative_path": "/src/services/Big Schema Example API/default.jsx", "bfb387d9_5090_495a_8cb4_c094a060b67f<>tag": "SERVICES", "bfb387d9_5090_495a_8cb4_c094a060b67f<>type": "FILE", "c407ff11_059d_425c_930b_a2bbe56a2e0b<>children<>0": "f784a465_62a5_436b_a576_e5c80ed57f11", "c407ff11_059d_425c_930b_a2bbe56a2e0b<>children<>1": "bfb387d9_5090_495a_8cb4_c094a060b67f", "c407ff11_059d_425c_930b_a2bbe56a2e0b<>entityId": "c407ff11_059d_425c_930b_a2bbe56a2e0b", "c407ff11_059d_425c_930b_a2bbe56a2e0b<>id": "c407ff11_059d_425c_930b_a2bbe56a2e0b", "c407ff11_059d_425c_930b_a2bbe56a2e0b<>name": "Big Schema Example API", "c407ff11_059d_425c_930b_a2bbe56a2e0b<>parentId": "SERVICES", "c407ff11_059d_425c_930b_a2bbe56a2e0b<>relative_path": "/src/services/Big Schema Example API", "c407ff11_059d_425c_930b_a2bbe56a2e0b<>tag": "SERVICES", "c407ff11_059d_425c_930b_a2bbe56a2e0b<>type": "DIRECTORY", "f784a465_62a5_436b_a576_e5c80ed57f11<>entityId": "f784a465_62a5_436b_a576_e5c80ed57f11", "f784a465_62a5_436b_a576_e5c80ed57f11<>extension": "SX", "f784a465_62a5_436b_a576_e5c80ed57f11<>id": "f784a465_62a5_436b_a576_e5c80ed57f11", "f784a465_62a5_436b_a576_e5c80ed57f11<>name": "interceptors", "f784a465_62a5_436b_a576_e5c80ed57f11<>parentId": "c407ff11_059d_425c_930b_a2bbe56a2e0b", "f784a465_62a5_436b_a576_e5c80ed57f11<>relative_path": "/src/services/Big Schema Example API/interceptors.jsx", "f784a465_62a5_436b_a576_e5c80ed57f11<>tag": "SERVICES", "f784a465_62a5_436b_a576_e5c80ed57f11<>type": "FILE", "e0ca29a9_37b0_4304_ab0c_ed461739459b<>name": "dfh", "e0ca29a9_37b0_4304_ab0c_ed461739459b<>parentId": "COMPONENTS", "e0ca29a9_37b0_4304_ab0c_ed461739459b<>id": "e0ca29a9_37b0_4304_ab0c_ed461739459b", "e0ca29a9_37b0_4304_ab0c_ed461739459b<>tag": "COMPONENTS", "e0ca29a9_37b0_4304_ab0c_ed461739459b<>type": "FILE", "e0ca29a9_37b0_4304_ab0c_ed461739459b<>entityId": "f3d6be82_f14f_4649_a7ca_588da55581af", "e0ca29a9_37b0_4304_ab0c_ed461739459b<>extension": "SX", "e0ca29a9_37b0_4304_ab0c_ed461739459b<>relative_path": "/src/components/dfh.jsx"}