{"errors": [], "data": {"openapi": "3.0.3", "info": {"title": "Big Schema Example API", "version": "1.0.0"}, "paths": {"/profiles": {"get": {"summary": "Get all user profiles", "responses": {"200": {"description": "List of profiles", "content": {"application/json": {"schema": {"type": "array", "items": {"$ref": "#/components/schemas/UserProfile"}}}}}}}}}, "components": {"schemas": {"UserProfile": {"type": "object", "required": ["id", "name", "contact", "preferences", "account"], "properties": {"id": {"type": "string", "format": "uuid", "example": "550e8400-e29b-41d4-a716-446655440000"}, "name": {"type": "string", "example": "Thakur Sahab"}, "age": {"type": "integer", "minimum": 18, "maximum": 100}, "isActive": {"type": "boolean"}, "contact": {"$ref": "#/components/schemas/ContactInfo"}, "preferences": {"$ref": "#/components/schemas/UserPreferences"}, "account": {"$ref": "#/components/schemas/AccountDetails"}, "tags": {"type": "array", "items": {"type": "string"}, "example": ["developer", "react", "fullstack"]}, "history": {"type": "array", "items": {"$ref": "#/components/schemas/ActionLog"}}}}, "ContactInfo": {"type": "object", "required": ["email"], "properties": {"email": {"type": "string", "format": "email"}, "phone": {"type": "string", "pattern": "^[0-9]{10}$"}, "address": {"$ref": "#/components/schemas/Address"}}}, "Address": {"type": "object", "properties": {"line1": {"type": "string"}, "line2": {"type": "string"}, "city": {"type": "string"}, "state": {"type": "string"}, "zip": {"type": "string"}, "country": {"type": "string", "example": "India"}, "coordinates": {"$ref": "#/components/schemas/GeoCoordinates"}}}, "GeoCoordinates": {"type": "object", "properties": {"lat": {"type": "number", "format": "float"}, "lng": {"type": "number", "format": "float"}}}, "UserPreferences": {"type": "object", "properties": {"theme": {"type": "string", "enum": ["light", "dark"]}, "language": {"type": "string", "enum": ["en", "hi", "fr"]}, "notifications": {"type": "object", "properties": {"email": {"type": "boolean"}, "sms": {"type": "boolean"}, "push": {"type": "boolean"}}}}}, "AccountDetails": {"type": "object", "properties": {"username": {"type": "string"}, "createdAt": {"type": "string", "format": "date-time"}, "roles": {"type": "array", "items": {"type": "string", "enum": ["admin", "user", "moderator"]}}}}, "ActionLog": {"type": "object", "properties": {"action": {"type": "string"}, "timestamp": {"type": "string", "format": "date-time"}, "metadata": {"type": "object", "additionalProperties": {"type": "string"}}}}}}}, "isValid": true}